#                                                                            --- full sequence --- -------------- this domain -------------   hmm coord   ali coord   env coord
# target name        accession   tlen query name           accession   qlen   E-value  score  bias   #  of  c-Evalue  i-Evalue  score  bias  from    to  from    to  from    to  acc description of target
#------------------- ---------- ----- -------------------- ---------- ----- --------- ------ ----- --- --- --------- --------- ------ ----- ----- ----- ----- ----- ----- ----- ---- ---------------------
Cluster_20_aln       -            683 PX447283.1           -           3899         0 1363.5   0.1   1   1         0         0 1363.0   0.1     1   683  1590  2272  1590  2272 1.00 -
Cluster_18_aln       -            717 PX447283.1           -           3899         0 1322.5   4.6   1   1         0         0 1322.1   4.6     1   716  3181  3895  3181  3896 0.99 -
Cluster_36_aln       -            498 PX447283.1           -           3899  1.5e-253  834.0   0.1   1   1  5.9e-254  2.2e-253  833.5   0.1     1   498  2684  3180  2684  3180 1.00 -
Cluster_35_aln       -            454 PX447283.1           -           3899  1.4e-225  741.2   5.9   1   1  5.9e-226  2.1e-225  740.6   5.9     8   454  1144  1589  1138  1589 0.99 -
Cluster_23_aln       -            347 PX447283.1           -           3899  2.1e-189  621.0   2.5   1   1  5.8e-190  2.1e-189  621.0   2.5     2   347  2338  2683  2337  2683 1.00 -
Cluster_24_aln       -            374 PX447283.1           -           3899  1.3e-173  569.8   0.2   1   1  8.1e-174    3e-173  568.7   0.2     2   373   691  1061   690  1062 0.99 -
Cluster_26_aln       -            227 PX447283.1           -           3899  5.7e-121  394.6   1.9   1   1  3.8e-121  1.4e-120  393.3   1.9     1   227   268   494   268   494 0.99 -
Cluster_27_aln       -            198 PX447283.1           -           3899   1.7e-98  320.6   0.3   1   1   1.1e-98   4.2e-98  319.3   0.3     2   198   496   689   495   689 0.99 -
Cluster_32_aln       -            168 PX447283.1           -           3899   5.8e-86  278.6   0.0   1   1   3.8e-86   1.4e-85  277.4   0.0     1   168     1   168     1   168 1.00 -
Cluster_28_aln       -            101 PX447283.1           -           3899   1.4e-47  152.1   5.2   1   1   8.3e-48   3.1e-47  151.1   5.2     1   100   167   266   167   267 0.97 -
Cluster_21_aln       -            629 PX447283.1           -           3899   1.1e-36  118.5   2.2   1   1   4.9e-37   1.8e-36  117.7   2.2    99   480  1708  2109  1614  2116 0.79 -
Cluster_38_aln       -             70 PX447283.1           -           3899   1.1e-35  113.6   1.8   1   1     3e-36   1.1e-35  113.6   1.8     3    70  1065  1132  1063  1132 0.98 -
Cluster_29_aln       -             64 PX447283.1           -           3899   1.1e-35  113.8   0.2   1   1   7.5e-36   2.7e-35  112.6   0.2     1    64  2273  2336  2273  2336 0.99 -
Cluster_11_aln       -            627 PX447283.1           -           3899   1.8e-34  111.1   4.4   1   1     8e-35   2.9e-34  110.5   4.4    47   479  1648  2110  1632  2118 0.74 -
Cluster_58_aln       -            487 PX447283.1           -           3899   9.1e-33  105.4   0.0   1   1   4.5e-33   1.7e-32  104.6   0.0     1   478  2684  3166  2684  3176 0.80 -
Cluster_57_aln       -            456 PX447283.1           -           3899   6.2e-28   89.8   8.6   1   1     9e-28   3.3e-27   87.4   8.7   143   456  1268  1589  1144  1589 0.76 -
Cluster_10_aln       -            594 PX447283.1           -           3899   2.1e-22   71.4   0.2   1   1   1.1e-22   3.9e-22   70.5   0.2   106   400  3407  3708  3335  3719 0.79 -
Cluster_1_aln        -            621 PX447283.1           -           3899   2.2e-21   68.0   0.1   1   1     1e-21   3.7e-21   67.2   0.1   109   468  1723  2101  1643  2120 0.76 -
Cluster_19_aln       -            569 PX447283.1           -           3899   2.8e-19   61.0   0.1   1   1   1.2e-19   4.6e-19   60.3   0.1    42   413  3347  3749  3332  3762 0.75 -
Cluster_61_aln       -            220 PX447283.1           -           3899   6.2e-15   47.6   0.1   1   1   3.3e-15   1.2e-14   46.6   0.1     3   216  2686  2894  2684  2897 0.90 -
Cluster_0_aln        -            903 PX447283.1           -           3899   4.5e-11   33.6   0.0   1   1   3.1e-10   1.1e-09   28.9   0.0   519   782  3509  3747  3483  3762 0.77 -
Cluster_20_aln       -            683 PX395944.1           -           3899         0 1341.3   0.1   1   1         0         0 1340.8   0.1     1   683  1590  2272  1590  2272 1.00 -
Cluster_18_aln       -            717 PX395944.1           -           3899         0 1327.7   1.9   1   1         0         0 1327.3   1.9     1   716  3181  3895  3181  3896 0.99 -
Cluster_36_aln       -            498 PX395944.1           -           3899  9.3e-247  811.6   0.7   1   1  3.6e-247  1.3e-246  811.1   0.7     1   498  2684  3180  2684  3180 0.99 -
Cluster_35_aln       -            454 PX395944.1           -           3899  4.1e-224  736.4   7.1   1   1  1.6e-224    6e-224  735.8   7.1     6   454  1142  1589  1137  1589 0.99 -
Cluster_23_aln       -            347 PX395944.1           -           3899  1.5e-188  618.3   1.7   1   1    4e-189  1.5e-188  618.3   1.7     2   347  2338  2683  2337  2683 1.00 -
Cluster_24_aln       -            374 PX395944.1           -           3899  1.2e-176  579.8   0.5   1   1  6.1e-177  2.3e-176  578.9   0.5     2   373   691  1061   690  1062 0.99 -
Cluster_26_aln       -            227 PX395944.1           -           3899  8.6e-120  390.7   4.5   1   1  3.6e-120  1.3e-119  390.1   3.3     1   227   268   494   268   494 0.99 -
Cluster_27_aln       -            198 PX395944.1           -           3899   9.4e-98  318.2   0.1   1   1     6e-98   2.2e-97  317.0   0.1     2   198   496   689   495   689 0.99 -
Cluster_32_aln       -            168 PX395944.1           -           3899   2.9e-85  276.3   0.0   1   1   2.4e-85     9e-85  274.7   0.0     1   168     1   168     1   168 1.00 -
Cluster_28_aln       -            101 PX395944.1           -           3899   8.3e-47  149.7   5.4   1   1   6.3e-47   2.3e-46  148.3   5.4     2   100   168   266   167   267 0.96 -
Cluster_21_aln       -            629 PX395944.1           -           3899   2.7e-36  117.2   2.0   1   1   1.2e-36   4.5e-36  116.4   2.0    99   480  1708  2109  1651  2116 0.78 -
Cluster_29_aln       -             64 PX395944.1           -           3899   2.8e-35  112.5   0.2   1   1   2.1e-35   7.6e-35  111.1   0.2     1    64  2273  2336  2273  2336 0.99 -
Cluster_38_aln       -             70 PX395944.1           -           3899   1.2e-34  110.3   1.0   1   1   3.3e-35   1.2e-34  110.3   1.0     2    70  1064  1132  1063  1132 0.98 -
Cluster_58_aln       -            487 PX395944.1           -           3899   1.4e-33  108.1   0.4   1   1   6.7e-34   2.4e-33  107.3   0.4     1   478  2684  3166  2684  3176 0.82 -
Cluster_11_aln       -            627 PX395944.1           -           3899   3.7e-33  106.8   3.2   1   1   1.6e-33   5.8e-33  106.2   3.2    48   479  1649  2110  1632  2118 0.73 -
Cluster_57_aln       -            456 PX395944.1           -           3899   1.2e-27   88.8  10.0   1   1   1.3e-27   4.8e-27   86.9  10.0   133   456  1258  1589  1139  1589 0.74 -
Cluster_10_aln       -            594 PX395944.1           -           3899   7.6e-23   72.9   0.1   1   1   3.6e-23   1.3e-22   72.1   0.1    79   400  3383  3708  3336  3719 0.79 -
Cluster_1_aln        -            621 PX395944.1           -           3899   6.5e-22   69.7   0.1   1   1     3e-22   1.1e-21   68.9   0.1   110   468  1724  2101  1697  2120 0.75 -
Cluster_19_aln       -            569 PX395944.1           -           3899   1.5e-19   61.8   0.0   1   1   6.8e-20   2.5e-19   61.1   0.0    42   413  3347  3749  3332  3762 0.74 -
Cluster_61_aln       -            220 PX395944.1           -           3899   2.8e-13   42.2   0.1   1   1   1.5e-13   5.4e-13   41.2   0.1     3   216  2686  2894  2684  2897 0.87 -
Cluster_0_aln        -            903 PX395944.1           -           3899   7.8e-10   29.5   0.0   1   1   4.9e-09   1.8e-08   25.0   0.0   522   782  3512  3747  3484  3761 0.79 -
Cluster_20_aln       -            683 PP874933.1           -           3899         0 1367.1   0.1   1   1         0         0 1366.7   0.1     1   683  1590  2272  1590  2272 1.00 -
Cluster_18_aln       -            717 PP874933.1           -           3899         0 1328.2   1.7   1   1         0         0 1327.8   1.7     1   716  3181  3895  3181  3896 0.99 -
Cluster_36_aln       -            498 PP874933.1           -           3899    3e-249  819.8   0.6   1   1  1.2e-249  4.3e-249  819.3   0.6     1   498  2684  3180  2684  3180 0.99 -
Cluster_35_aln       -            454 PP874933.1           -           3899  7.3e-224  735.5   6.9   1   1  2.9e-224  1.1e-223  735.0   6.9     6   454  1142  1589  1137  1589 0.99 -
Cluster_23_aln       -            347 PP874933.1           -           3899  3.7e-189  620.2   1.6   1   1    1e-189  3.7e-189  620.2   1.6     2   347  2338  2683  2337  2683 1.00 -
Cluster_24_aln       -            374 PP874933.1           -           3899  1.8e-175  575.9   0.2   1   1    9e-176  3.3e-175  575.1   0.2     2   373   691  1061   690  1062 0.99 -
Cluster_26_aln       -            227 PP874933.1           -           3899  3.5e-121  395.3   3.5   1   1  2.1e-121  7.8e-121  394.1   3.5     1   227   268   494   268   494 0.99 -
Cluster_27_aln       -            198 PP874933.1           -           3899   1.5e-98  320.7   0.2   1   1     1e-98   3.7e-98  319.5   0.2     2   198   496   689   495   689 0.99 -
Cluster_32_aln       -            168 PP874933.1           -           3899   3.9e-85  275.9   0.0   1   1   2.4e-85   8.8e-85  274.8   0.0     1   168     1   168     1   168 1.00 -
Cluster_28_aln       -            101 PP874933.1           -           3899   4.7e-47  150.5   6.5   1   1   2.8e-47     1e-46  149.4   6.5     2   100   168   266   167   267 0.96 -
Cluster_21_aln       -            629 PP874933.1           -           3899   2.7e-36  117.2   2.4   1   1   1.2e-36   4.4e-36  116.4   2.4    99   480  1708  2109  1651  2116 0.76 -
Cluster_29_aln       -             64 PP874933.1           -           3899   2.8e-35  112.5   0.2   1   1   2.1e-35   7.6e-35  111.1   0.2     1    64  2273  2336  2273  2336 0.99 -
Cluster_38_aln       -             70 PP874933.1           -           3899   1.2e-34  110.3   1.0   1   1   3.3e-35   1.2e-34  110.3   1.0     2    70  1064  1132  1063  1132 0.98 -
Cluster_11_aln       -            627 PP874933.1           -           3899   3.9e-34  110.1   3.8   1   1   1.7e-34   6.3e-34  109.4   3.8    48   479  1649  2110  1632  2118 0.73 -
Cluster_58_aln       -            487 PP874933.1           -           3899   5.6e-33  106.1   0.3   1   1   2.7e-33   9.9e-33  105.3   0.3     1   478  2684  3166  2684  3176 0.81 -
Cluster_57_aln       -            456 PP874933.1           -           3899   2.3e-27   87.9   8.8   1   1   1.8e-27   6.5e-27   86.5   8.8   133   456  1258  1589  1137  1589 0.71 -
Cluster_10_aln       -            594 PP874933.1           -           3899   1.1e-22   72.3   0.1   1   1   5.5e-23     2e-22   71.5   0.1    67   400  3371  3708  3336  3719 0.79 -
Cluster_1_aln        -            621 PP874933.1           -           3899     3e-21   67.5   0.0   1   1   1.4e-21   5.2e-21   66.7   0.0   110   468  1724  2101  1697  2120 0.76 -
Cluster_19_aln       -            569 PP874933.1           -           3899   1.1e-19   62.3   0.0   1   1   5.1e-20   1.9e-19   61.6   0.0    42   413  3347  3749  3332  3762 0.75 -
Cluster_61_aln       -            220 PP874933.1           -           3899   4.5e-13   41.5   0.1   1   1   2.4e-13   8.7e-13   40.5   0.1     3   216  2686  2894  2684  2897 0.88 -
Cluster_0_aln        -            903 PP874933.1           -           3899   5.6e-10   30.0   0.0   1   1   3.6e-09   1.3e-08   25.4   0.0   522   782  3512  3747  3484  3762 0.79 -
Cluster_20_aln       -            683 NC_038912.1          -           3899         0 1367.0   0.1   1   1         0         0 1366.3   0.1     1   683  1590  2272  1590  2272 1.00 -
Cluster_18_aln       -            717 NC_038912.1          -           3899         0 1331.7   4.5   1   1         0         0 1331.3   4.5     1   716  3181  3895  3181  3896 0.99 -
Cluster_36_aln       -            498 NC_038912.1          -           3899  1.8e-253  833.8   0.1   1   1  7.2e-254  2.7e-253  833.2   0.1     1   498  2684  3180  2684  3180 1.00 -
Cluster_35_aln       -            454 NC_038912.1          -           3899  1.3e-225  741.3   5.5   1   1  5.6e-226    2e-225  740.7   5.5     8   454  1144  1589  1138  1589 0.99 -
Cluster_23_aln       -            347 NC_038912.1          -           3899  1.4e-188  618.3   2.3   1   1  3.9e-189  1.4e-188  618.3   2.3     2   347  2338  2683  2337  2683 1.00 -
Cluster_24_aln       -            374 NC_038912.1          -           3899  2.9e-174  572.0   0.2   1   1  1.5e-174  5.3e-174  571.1   0.2     1   373   690  1061   690  1062 0.99 -
Cluster_26_aln       -            227 NC_038912.1          -           3899  2.6e-121  395.7   1.8   1   1  1.7e-121  6.2e-121  394.5   1.8     1   227   268   494   268   494 0.99 -
Cluster_27_aln       -            198 NC_038912.1          -           3899   2.2e-99  323.5   0.3   1   1   1.4e-99   5.3e-99  322.2   0.3     2   198   496   689   495   689 0.99 -
Cluster_32_aln       -            168 NC_038912.1          -           3899   9.2e-87  281.2   0.0   1   1   5.9e-87   2.2e-86  280.0   0.0     1   168     1   168     1   168 1.00 -
Cluster_28_aln       -            101 NC_038912.1          -           3899   8.3e-49  156.1   6.1   1   1   4.8e-49   1.8e-48  155.1   6.1     1   100   167   266   167   267 0.97 -
Cluster_21_aln       -            629 NC_038912.1          -           3899   1.3e-36  118.2   2.7   1   1     6e-37   2.2e-36  117.5   2.7    99   480  1708  2109  1651  2116 0.78 -
Cluster_38_aln       -             70 NC_038912.1          -           3899   7.5e-36  114.1   1.6   1   1   2.1e-36   7.5e-36  114.1   1.6     3    70  1065  1132  1063  1132 0.98 -
Cluster_29_aln       -             64 NC_038912.1          -           3899   9.4e-36  114.0   0.2   1   1   7.5e-36   2.7e-35  112.6   0.2     1    64  2273  2336  2273  2336 0.99 -
Cluster_11_aln       -            627 NC_038912.1          -           3899   1.5e-34  111.4   4.1   1   1   6.4e-35   2.4e-34  110.8   4.1    48   479  1649  2110  1632  2118 0.73 -
Cluster_58_aln       -            487 NC_038912.1          -           3899   2.2e-32  104.1   0.0   1   1   1.1e-32   4.1e-32  103.3   0.0     1   478  2684  3166  2684  3176 0.79 -
Cluster_57_aln       -            456 NC_038912.1          -           3899     1e-27   89.1   9.6   1   1   1.7e-27   6.1e-27   86.5   9.6   141   456  1266  1589  1144  1589 0.75 -
Cluster_10_aln       -            594 NC_038912.1          -           3899   8.1e-23   72.8   0.1   1   1   3.9e-23   1.4e-22   72.0   0.1   106   400  3407  3708  3339  3719 0.79 -
Cluster_1_aln        -            621 NC_038912.1          -           3899   1.3e-21   68.8   0.0   1   1   5.9e-22   2.2e-21   68.0   0.0   110   468  1724  2101  1697  2120 0.76 -
Cluster_19_aln       -            569 NC_038912.1          -           3899     1e-19   62.4   0.0   1   1   4.4e-20   1.6e-19   61.7   0.0    42   413  3347  3749  3332  3762 0.75 -
Cluster_61_aln       -            220 NC_038912.1          -           3899   1.5e-14   46.3   0.1   1   1   7.9e-15   2.9e-14   45.4   0.1     3   216  2686  2894  2684  2897 0.90 -
Cluster_0_aln        -            903 NC_038912.1          -           3899   1.8e-10   31.6   0.0   1   1   1.2e-09   4.5e-09   27.0   0.0   522   782  3512  3747  3484  3761 0.79 -
Cluster_20_aln       -            683 NC_002657.1          -           3899         0 1367.0   0.1   1   1         0         0 1366.3   0.1     1   683  1590  2272  1590  2272 1.00 -
Cluster_18_aln       -            717 NC_002657.1          -           3899         0 1333.4   4.7   1   1         0         0 1333.1   4.7     1   716  3181  3895  3181  3896 0.99 -
Cluster_36_aln       -            498 NC_002657.1          -           3899  3.1e-253  833.0   0.1   1   1  1.2e-253  4.4e-253  832.4   0.1     1   498  2684  3180  2684  3180 1.00 -
Cluster_35_aln       -            454 NC_002657.1          -           3899  2.3e-226  743.8   5.5   1   1  9.7e-227  3.5e-226  743.2   5.5     8   454  1144  1589  1138  1589 0.99 -
Cluster_23_aln       -            347 NC_002657.1          -           3899  5.1e-189  619.8   2.2   1   1  1.4e-189  5.1e-189  619.8   2.2     2   347  2338  2683  2337  2683 1.00 -
Cluster_24_aln       -            374 NC_002657.1          -           3899  2.5e-171  562.3   0.1   1   1  1.3e-171  4.6e-171  561.4   0.1     2   373   691  1061   690  1062 0.99 -
Cluster_26_aln       -            227 NC_002657.1          -           3899  5.7e-121  394.6   1.9   1   1  3.7e-121  1.3e-120  393.4   1.9     1   227   268   494   268   494 0.99 -
Cluster_27_aln       -            198 NC_002657.1          -           3899   1.5e-99  324.0   0.2   1   1     1e-99   3.7e-99  322.7   0.2     2   198   496   689   495   689 0.99 -
Cluster_32_aln       -            168 NC_002657.1          -           3899     7e-87  281.6   0.0   1   1   4.6e-87   1.7e-86  280.4   0.0     1   168     1   168     1   168 1.00 -
Cluster_28_aln       -            101 NC_002657.1          -           3899   2.8e-48  154.4   5.8   1   1   1.6e-48     6e-48  153.4   5.8     1   100   167   266   167   267 0.97 -
Cluster_21_aln       -            629 NC_002657.1          -           3899   1.3e-36  118.2   2.7   1   1     6e-37   2.2e-36  117.5   2.7    99   480  1708  2109  1651  2116 0.78 -
Cluster_38_aln       -             70 NC_002657.1          -           3899   1.1e-35  113.6   1.8   1   1     3e-36   1.1e-35  113.6   1.8     3    70  1065  1132  1063  1132 0.98 -
Cluster_29_aln       -             64 NC_002657.1          -           3899   1.1e-35  113.8   0.2   1   1   7.5e-36   2.7e-35  112.6   0.2     1    64  2273  2336  2273  2336 0.99 -
Cluster_11_aln       -            627 NC_002657.1          -           3899   1.5e-34  111.4   4.1   1   1   6.4e-35   2.4e-34  110.8   4.1    48   479  1649  2110  1632  2118 0.73 -
Cluster_58_aln       -            487 NC_002657.1          -           3899   1.1e-32  105.1   0.0   1   1     6e-33   2.2e-32  104.2   0.0     1   478  2684  3166  2684  3176 0.79 -
Cluster_57_aln       -            456 NC_002657.1          -           3899   6.5e-28   89.7   8.6   1   1   1.1e-27   3.9e-27   87.2   8.7   198   456  1327  1589  1144  1589 0.79 -
Cluster_10_aln       -            594 NC_002657.1          -           3899   1.7e-22   71.7   0.1   1   1   8.1e-23     3e-22   70.9   0.1   106   400  3407  3708  3335  3719 0.79 -
Cluster_1_aln        -            621 NC_002657.1          -           3899   1.3e-21   68.8   0.0   1   1   5.9e-22   2.2e-21   68.0   0.0   110   468  1724  2101  1697  2120 0.76 -
Cluster_19_aln       -            569 NC_002657.1          -           3899   1.3e-19   62.0   0.0   1   1   5.9e-20   2.2e-19   61.3   0.0    42   413  3347  3749  3332  3762 0.75 -
Cluster_61_aln       -            220 NC_002657.1          -           3899   2.9e-14   45.3   0.1   1   1   1.6e-14   5.7e-14   44.4   0.1     3   216  2686  2894  2684  2897 0.90 -
Cluster_0_aln        -            903 NC_002657.1          -           3899   1.6e-10   31.8   0.0   1   1   1.1e-09   3.9e-09   27.2   0.0   522   782  3512  3747  3484  3762 0.79 -
Cluster_20_aln       -            683 PQ282313.1           -           3899         0 1356.4   0.2   1   1         0         0 1355.9   0.2     1   683  1590  2272  1590  2272 1.00 -
Cluster_18_aln       -            717 PQ282313.1           -           3899         0 1331.5   4.0   1   1         0         0 1331.1   4.0     1   716  3181  3895  3181  3896 0.99 -
Cluster_36_aln       -            498 PQ282313.1           -           3899  2.5e-251  826.7   0.0   1   1    1e-251  3.6e-251  826.1   0.0     1   498  2684  3180  2684  3180 0.99 -
Cluster_35_aln       -            454 PQ282313.1           -           3899  3.9e-225  739.7   7.0   1   1  1.6e-225    6e-225  739.1   7.0     8   454  1144  1589  1138  1589 0.99 -
Cluster_23_aln       -            347 PQ282313.1           -           3899  9.9e-187  612.2   1.5   1   1  2.7e-187  9.9e-187  612.2   1.5     2   347  2338  2683  2337  2683 1.00 -
Cluster_24_aln       -            374 PQ282313.1           -           3899  6.1e-173  567.6   0.1   1   1  3.8e-173  1.4e-172  566.4   0.1     2   373   691  1061   690  1062 0.99 -
Cluster_26_aln       -            227 PQ282313.1           -           3899  3.4e-119  388.8   2.1   1   1  2.1e-119  7.7e-119  387.6   2.1     1   227   268   494   268   494 0.99 -
Cluster_27_aln       -            198 PQ282313.1           -           3899   2.8e-98  319.9   0.3   1   1   1.9e-98   6.9e-98  318.6   0.3     2   198   496   689   495   689 0.99 -
Cluster_32_aln       -            168 PQ282313.1           -           3899   1.4e-83  270.8   0.0   1   1   1.1e-83   4.1e-83  269.3   0.0     1   168     1   168     1   168 1.00 -
Cluster_28_aln       -            101 PQ282313.1           -           3899   3.5e-48  154.1   5.5   1   1     2e-48   7.2e-48  153.1   5.5     1   100   167   266   167   267 0.97 -
Cluster_21_aln       -            629 PQ282313.1           -           3899   7.9e-37  118.9   1.9   1   1   3.7e-37   1.3e-36  118.2   1.9    90   480  1696  2109  1614  2116 0.77 -
Cluster_29_aln       -             64 PQ282313.1           -           3899   1.2e-35  113.7   0.2   1   1   7.5e-36   2.7e-35  112.6   0.2     1    64  2273  2336  2273  2336 0.99 -
Cluster_38_aln       -             70 PQ282313.1           -           3899   2.4e-35  112.5   1.8   1   1   6.5e-36   2.4e-35  112.5   1.8     3    70  1065  1132  1063  1132 0.98 -
Cluster_11_aln       -            627 PQ282313.1           -           3899   9.3e-35  112.1   3.9   1   1     4e-35   1.5e-34  111.4   3.9    45   479  1646  2110  1631  2118 0.75 -
Cluster_58_aln       -            487 PQ282313.1           -           3899   7.3e-32  102.5   0.0   1   1   3.8e-32   1.4e-31  101.5   0.0     1   478  2684  3166  2684  3176 0.79 -
Cluster_57_aln       -            456 PQ282313.1           -           3899   5.9e-27   86.6  11.5   1   1   1.2e-26   4.5e-26   83.7  11.6   134   456  1259  1589  1144  1589 0.73 -
Cluster_10_aln       -            594 PQ282313.1           -           3899   2.5e-22   71.2   0.1   1   1   1.2e-22   4.4e-22   70.4   0.1   114   400  3415  3708  3338  3719 0.81 -
Cluster_1_aln        -            621 PQ282313.1           -           3899     1e-21   69.1   0.1   1   1   4.6e-22   1.7e-21   68.3   0.1   109   468  1723  2101  1644  2120 0.77 -
Cluster_19_aln       -            569 PQ282313.1           -           3899   7.2e-19   59.6   0.0   1   1   3.3e-19   1.2e-18   58.9   0.0    42   413  3347  3749  3332  3761 0.75 -
Cluster_61_aln       -            220 PQ282313.1           -           3899   2.4e-14   45.6   0.1   1   1   1.3e-14   4.7e-14   44.7   0.1     3   216  2686  2894  2684  2897 0.89 -
Cluster_0_aln        -            903 PQ282313.1           -           3899   2.5e-10   31.1   0.0   1   1   1.7e-09   6.1e-09   26.5   0.0   522   782  3512  3747  3484  3761 0.79 -
Cluster_20_aln       -            683 OR428229.1           -           3899         0 1362.6   0.1   1   1         0         0 1362.1   0.1     1   683  1590  2272  1590  2272 1.00 -
Cluster_18_aln       -            717 OR428229.1           -           3899         0 1324.2   3.6   1   1         0         0 1323.8   3.6     1   716  3181  3895  3181  3896 0.99 -
Cluster_36_aln       -            498 OR428229.1           -           3899  1.8e-250  823.8   0.0   1   1  7.3e-251  2.7e-250  823.3   0.0     1   498  2684  3180  2684  3180 1.00 -
Cluster_35_aln       -            454 OR428229.1           -           3899  1.7e-224  737.6   6.3   1   1  6.9e-225  2.5e-224  737.1   6.3     8   454  1144  1589  1138  1589 0.99 -
Cluster_23_aln       -            347 OR428229.1           -           3899  3.5e-186  610.5   2.9   1   1  9.4e-187  3.5e-186  610.5   2.9     2   347  2338  2683  2337  2683 0.99 -
Cluster_24_aln       -            374 OR428229.1           -           3899  1.1e-171  563.5   0.3   1   1  6.6e-172  2.4e-171  562.4   0.3     2   373   691  1061   690  1062 0.99 -
Cluster_26_aln       -            227 OR428229.1           -           3899  3.9e-120  391.9   2.2   1   1  2.4e-120  8.9e-120  390.7   2.2     1   227   268   494   268   494 0.99 -
Cluster_27_aln       -            198 OR428229.1           -           3899   8.2e-97  315.1   0.6   1   1   5.8e-97   2.1e-96  313.7   0.6     2   198   496   689   495   689 0.99 -
Cluster_32_aln       -            168 OR428229.1           -           3899     2e-84  273.6   0.0   1   1   1.3e-84   4.8e-84  272.4   0.0     1   168     1   168     1   168 1.00 -
Cluster_28_aln       -            101 OR428229.1           -           3899     1e-48  155.8   5.2   1   1     6e-49   2.2e-48  154.8   5.2     1   100   167   266   167   267 0.97 -
Cluster_21_aln       -            629 OR428229.1           -           3899   2.3e-36  117.4   2.8   1   1     1e-36   3.8e-36  116.6   2.8    99   480  1708  2109  1651  2116 0.78 -
Cluster_38_aln       -             70 OR428229.1           -           3899   2.8e-36  115.5   1.8   1   1     3e-36   1.1e-35  113.6   1.8     3    70  1065  1132  1063  1132 0.98 -
Cluster_29_aln       -             64 OR428229.1           -           3899   1.1e-35  113.8   0.2   1   1   7.5e-36   2.7e-35  112.6   0.2     1    64  2273  2336  2273  2336 0.99 -
Cluster_11_aln       -            627 OR428229.1           -           3899   2.3e-34  110.8   4.4   1   1     1e-34   3.7e-34  110.1   4.4    48   479  1649  2110  1632  2118 0.73 -
Cluster_58_aln       -            487 OR428229.1           -           3899   5.7e-33  106.1   0.0   1   1     3e-33   1.1e-32  105.2   0.0     1   478  2684  3166  2684  3175 0.80 -
Cluster_57_aln       -            456 OR428229.1           -           3899   3.5e-27   87.3  10.7   1   1   5.5e-27     2e-26   84.8  10.9   134   456  1259  1589  1144  1589 0.71 -
Cluster_10_aln       -            594 OR428229.1           -           3899   2.3e-22   71.3   0.1   1   1   1.1e-22   3.9e-22   70.5   0.1   107   400  3408  3708  3338  3719 0.80 -
Cluster_1_aln        -            621 OR428229.1           -           3899   1.2e-21   68.8   0.1   1   1   5.6e-22   2.1e-21   68.1   0.1   110   468  1724  2101  1697  2120 0.75 -
Cluster_19_aln       -            569 OR428229.1           -           3899   4.6e-19   60.2   0.0   1   1     2e-19   7.5e-19   59.6   0.0    42   413  3347  3749  3332  3762 0.75 -
Cluster_61_aln       -            220 OR428229.1           -           3899   7.6e-15   47.3   0.1   1   1     4e-15   1.5e-14   46.3   0.1     3   216  2686  2894  2684  2897 0.90 -
Cluster_0_aln        -            903 OR428229.1           -           3899   2.4e-09   27.9   0.0   1   1   1.6e-08     6e-08   23.3   0.0   522   782  3512  3747  3484  3761 0.78 -
Cluster_20_aln       -            683 LC780768.1           -           3899         0 1365.6   0.1   1   1         0         0 1365.2   0.1     1   683  1590  2272  1590  2272 1.00 -
Cluster_18_aln       -            717 LC780768.1           -           3899         0 1329.5   1.5   1   1         0         0 1329.1   1.5     1   716  3181  3895  3181  3896 0.99 -
Cluster_36_aln       -            498 LC780768.1           -           3899  6.4e-249  818.7   0.4   1   1  2.5e-249    9e-249  818.2   0.4     1   498  2684  3180  2684  3180 0.99 -
Cluster_35_aln       -            454 LC780768.1           -           3899    2e-225  740.7   3.0   1   1  8.3e-226    3e-225  740.1   3.0     5   454  1141  1589  1137  1589 0.99 -
Cluster_23_aln       -            347 LC780768.1           -           3899  3.7e-189  620.2   1.6   1   1    1e-189  3.7e-189  620.2   1.6     2   347  2338  2683  2337  2683 1.00 -
Cluster_24_aln       -            374 LC780768.1           -           3899  4.3e-175  574.7   0.2   1   1  2.3e-175  8.6e-175  573.7   0.2     2   373   691  1061   690  1062 0.99 -
Cluster_26_aln       -            227 LC780768.1           -           3899  6.1e-121  394.5   3.0   1   1  3.6e-121  1.3e-120  393.4   3.0     1   227   268   494   268   494 0.99 -
Cluster_27_aln       -            198 LC780768.1           -           3899   1.6e-98  320.6   0.1   1   1   1.1e-98   4.1e-98  319.3   0.1     2   198   496   689   495   689 0.99 -
Cluster_32_aln       -            168 LC780768.1           -           3899   8.6e-86  278.1   0.0   1   1   5.1e-86   1.9e-85  276.9   0.0     1   168     1   168     1   168 1.00 -
Cluster_28_aln       -            101 LC780768.1           -           3899     8e-48  153.0   6.0   1   1   4.7e-48   1.7e-47  151.9   6.0     2   100   168   266   167   267 0.97 -
Cluster_21_aln       -            629 LC780768.1           -           3899   2.2e-36  117.4   2.5   1   1     1e-36   3.7e-36  116.7   2.5    99   480  1708  2109  1651  2116 0.77 -
Cluster_29_aln       -             64 LC780768.1           -           3899   2.2e-35  112.9   0.2   1   1   1.5e-35   5.6e-35  111.6   0.2     1    64  2273  2336  2273  2336 0.99 -
Cluster_38_aln       -             70 LC780768.1           -           3899   2.1e-34  109.5   1.7   1   1   5.7e-35   2.1e-34  109.5   1.7     2    70  1064  1132  1063  1132 0.98 -
Cluster_11_aln       -            627 LC780768.1           -           3899   3.5e-34  110.2   3.8   1   1   1.5e-34   5.5e-34  109.6   3.8    48   479  1649  2110  1632  2118 0.73 -
Cluster_58_aln       -            487 LC780768.1           -           3899   1.2e-32  105.0   0.1   1   1   6.1e-33   2.2e-32  104.2   0.1     1   478  2684  3166  2684  3176 0.79 -
Cluster_57_aln       -            456 LC780768.1           -           3899   1.9e-27   88.2   5.8   1   1   1.8e-27   6.7e-27   86.4   5.8   199   456  1328  1589  1140  1589 0.75 -
Cluster_10_aln       -            594 LC780768.1           -           3899   5.8e-23   73.3   0.1   1   1   2.8e-23     1e-22   72.4   0.1    64   400  3368  3708  3336  3719 0.79 -
Cluster_1_aln        -            621 LC780768.1           -           3899   2.9e-21   67.6   0.0   1   1   1.3e-21   4.9e-21   66.8   0.0   110   468  1724  2101  1697  2120 0.76 -
Cluster_19_aln       -            569 LC780768.1           -           3899   1.1e-19   62.4   0.0   1   1   4.8e-20   1.8e-19   61.6   0.0    42   413  3347  3749  3332  3762 0.75 -
Cluster_61_aln       -            220 LC780768.1           -           3899   6.4e-14   44.3   0.0   1   1   3.4e-14   1.2e-13   43.3   0.0     3   216  2686  2894  2684  2897 0.89 -
Cluster_0_aln        -            903 LC780768.1           -           3899   8.3e-10   29.4   0.0   1   1   5.3e-09     2e-08   24.9   0.0   522   782  3512  3747  3484  3762 0.79 -
Cluster_20_aln       -            683 PP209410.1           -           3899         0 1363.9   0.1   1   1         0         0 1363.5   0.1     1   683  1590  2272  1590  2272 1.00 -
Cluster_18_aln       -            717 PP209410.1           -           3899         0 1327.5   1.3   1   1         0         0 1327.1   1.3     1   716  3181  3895  3181  3896 0.99 -
Cluster_36_aln       -            498 PP209410.1           -           3899  4.8e-250  822.4   0.2   1   1  1.8e-250  6.7e-250  822.0   0.2     1   498  2684  3180  2684  3180 1.00 -
Cluster_35_aln       -            454 PP209410.1           -           3899  4.7e-226  742.8   5.8   1   1  1.9e-226    7e-226  742.2   5.8     8   454  1144  1589  1138  1589 0.99 -
Cluster_23_aln       -            347 PP209410.1           -           3899    9e-189  619.0   2.3   1   1  2.5e-189    9e-189  619.0   2.3     2   347  2338  2683  2337  2683 1.00 -
Cluster_24_aln       -            374 PP209410.1           -           3899  1.9e-171  562.8   0.1   1   1  8.7e-172  3.2e-171  562.0   0.1     2   373   691  1061   690  1062 0.99 -
Cluster_26_aln       -            227 PP209410.1           -           3899  4.6e-121  394.9   2.3   1   1    3e-121  1.1e-120  393.6   2.3     1   227   268   494   268   494 0.99 -
Cluster_27_aln       -            198 PP209410.1           -           3899   3.7e-99  322.7   0.2   1   1   2.5e-99   9.2e-99  321.5   0.2     2   198   496   689   495   689 0.99 -
Cluster_32_aln       -            168 PP209410.1           -           3899     4e-85  275.9   0.1   1   1   2.5e-85   9.2e-85  274.7   0.1     1   168     1   168     1   168 1.00 -
Cluster_28_aln       -            101 PP209410.1           -           3899   2.1e-48  154.8   5.5   1   1   1.3e-48   4.7e-48  153.7   5.5     1   100   167   266   167   267 0.97 -
Cluster_21_aln       -            629 PP209410.1           -           3899   1.4e-36  118.1   2.1   1   1   6.2e-37   2.3e-36  117.4   2.1   103   480  1712  2109  1656  2116 0.77 -
Cluster_29_aln       -             64 PP209410.1           -           3899   1.5e-35  113.4   0.2   1   1     1e-35   3.7e-35  112.1   0.2     1    64  2273  2336  2273  2336 0.99 -
Cluster_38_aln       -             70 PP209410.1           -           3899   3.4e-35  112.0   1.3   1   1   9.2e-36   3.4e-35  112.0   1.3     3    70  1065  1132  1063  1132 0.98 -
Cluster_11_aln       -            627 PP209410.1           -           3899   1.6e-34  111.3   3.5   1   1   6.8e-35   2.5e-34  110.7   3.5    49   479  1650  2110  1632  2118 0.73 -
Cluster_58_aln       -            487 PP209410.1           -           3899     1e-33  108.5   0.1   1   1     5e-34   1.8e-33  107.7   0.1     1   478  2684  3166  2684  3176 0.80 -
Cluster_57_aln       -            456 PP209410.1           -           3899   2.3e-27   88.0   9.1   1   1   3.9e-27   1.4e-26   85.3   9.2   198   456  1327  1589  1144  1589 0.79 -
Cluster_10_aln       -            594 PP209410.1           -           3899     1e-22   72.4   0.1   1   1   4.9e-23   1.8e-22   71.6   0.1   106   400  3407  3708  3340  3719 0.79 -
Cluster_1_aln        -            621 PP209410.1           -           3899   1.6e-21   68.5   0.1   1   1   8.3e-22     3e-21   67.5   0.1   111   468  1725  2101  1707  2120 0.75 -
Cluster_19_aln       -            569 PP209410.1           -           3899   1.1e-19   62.2   0.0   1   1   5.3e-20   1.9e-19   61.5   0.0    42   413  3347  3749  3332  3761 0.75 -
Cluster_61_aln       -            220 PP209410.1           -           3899   1.2e-13   43.4   0.1   1   1   6.2e-14   2.3e-13   42.4   0.1     3   216  2686  2894  2684  2897 0.89 -
Cluster_0_aln        -            903 PP209410.1           -           3899   3.7e-10   30.6   0.0   1   1   2.4e-09     9e-09   26.0   0.0   529   788  3519  3753  3485  3766 0.80 -
Cluster_20_aln       -            683 PP209411.1           -           3899         0 1363.4   0.1   1   1         0         0 1362.9   0.1     1   683  1590  2272  1590  2272 1.00 -
Cluster_18_aln       -            717 PP209411.1           -           3899         0 1324.8   3.0   1   1         0         0 1324.3   3.0     1   716  3181  3895  3181  3896 0.99 -
Cluster_36_aln       -            498 PP209411.1           -           3899  2.1e-250  823.6   0.2   1   1  8.3e-251    3e-250  823.1   0.2     1   498  2684  3180  2684  3180 1.00 -
Cluster_35_aln       -            454 PP209411.1           -           3899    5e-227  746.0   3.8   1   1    2e-227  7.2e-227  745.5   3.8     5   454  1141  1589  1137  1589 0.99 -
Cluster_23_aln       -            347 PP209411.1           -           3899  3.4e-188  617.1   1.9   1   1  9.2e-189  3.4e-188  617.1   1.9     2   347  2338  2683  2337  2683 1.00 -
Cluster_24_aln       -            374 PP209411.1           -           3899  8.4e-171  560.6   0.2   1   1    4e-171  1.5e-170  559.8   0.2     2   373   691  1061   690  1062 0.99 -
Cluster_26_aln       -            227 PP209411.1           -           3899  7.6e-121  394.2   2.0   1   1  4.8e-121  1.8e-120  393.0   2.0     1   227   268   494   268   494 0.99 -
Cluster_27_aln       -            198 PP209411.1           -           3899  6.1e-100  325.3   0.3   1   1    4e-100   1.5e-99  324.1   0.3     2   198   496   689   495   689 0.99 -
Cluster_32_aln       -            168 PP209411.1           -           3899   1.9e-85  277.0   0.1   1   1   1.2e-85   4.4e-85  275.8   0.1     1   168     1   168     1   168 1.00 -
Cluster_28_aln       -            101 PP209411.1           -           3899   6.5e-48  153.2   5.1   1   1   3.8e-48   1.4e-47  152.2   5.1     1   100   167   266   167   267 0.97 -
Cluster_21_aln       -            629 PP209411.1           -           3899   1.2e-36  118.4   2.3   1   1   5.1e-37   1.9e-36  117.7   2.3    99   480  1708  2109  1652  2116 0.77 -
Cluster_38_aln       -             70 PP209411.1           -           3899   1.4e-35  113.2   0.9   1   1   3.9e-36   1.4e-35  113.2   0.9     3    70  1065  1132  1063  1132 0.98 -
Cluster_29_aln       -             64 PP209411.1           -           3899   1.6e-35  113.3   0.2   1   1     1e-35   3.7e-35  112.1   0.2     1    64  2273  2336  2273  2336 0.99 -
Cluster_11_aln       -            627 PP209411.1           -           3899   1.7e-34  111.3   3.6   1   1   7.1e-35   2.6e-34  110.6   3.6    48   479  1649  2110  1632  2118 0.73 -
Cluster_58_aln       -            487 PP209411.1           -           3899   2.7e-31  100.6   0.1   1   1   1.3e-31   4.7e-31   99.8   0.1     1   478  2684  3166  2684  3176 0.79 -
Cluster_57_aln       -            456 PP209411.1           -           3899   1.5e-28   91.9   0.6   1   1     4e-29   1.5e-28   91.9   0.6   201   456  1330  1589  1253  1589 0.83 -
Cluster_10_aln       -            594 PP209411.1           -           3899   1.2e-22   72.3   0.1   1   1   5.4e-23     2e-22   71.5   0.1    66   400  3370  3708  3336  3719 0.79 -
Cluster_1_aln        -            621 PP209411.1           -           3899   1.5e-21   68.5   0.0   1   1   7.7e-22   2.8e-21   67.6   0.0   110   468  1724  2101  1697  2120 0.76 -
Cluster_19_aln       -            569 PP209411.1           -           3899     9e-20   62.6   0.0   1   1     4e-20   1.5e-19   61.9   0.0    42   413  3347  3749  3331  3762 0.75 -
Cluster_61_aln       -            220 PP209411.1           -           3899   1.3e-13   43.3   0.1   1   1   6.7e-14   2.5e-13   42.3   0.1     3   216  2686  2894  2684  2897 0.89 -
Cluster_0_aln        -            903 PP209411.1           -           3899   6.4e-10   29.8   0.0   1   1   4.4e-09   1.6e-08   25.1   0.0   529   782  3519  3747  3485  3762 0.79 -
Cluster_20_aln       -            683 OR997840.1           -           3899         0 1366.3   0.1   1   1         0         0 1365.9   0.1     1   683  1590  2272  1590  2272 1.00 -
Cluster_18_aln       -            717 OR997840.1           -           3899         0 1337.2   3.3   1   1         0         0 1336.8   3.3     1   716  3181  3895  3181  3896 0.99 -
Cluster_36_aln       -            498 OR997840.1           -           3899  4.4e-251  825.9   0.0   1   1  1.7e-251  6.4e-251  825.3   0.0     1   498  2684  3180  2684  3180 0.99 -
Cluster_35_aln       -            454 OR997840.1           -           3899    3e-226  743.4   5.0   1   1  1.2e-226  4.6e-226  742.8   5.0     5   454  1141  1589  1137  1589 0.99 -
Cluster_23_aln       -            347 OR997840.1           -           3899  5.1e-189  619.8   1.8   1   1  1.4e-189  5.1e-189  619.8   1.8     2   347  2338  2683  2337  2683 1.00 -
Cluster_24_aln       -            374 OR997840.1           -           3899  5.7e-174  571.0   0.0   1   1  2.7e-174  9.9e-174  570.2   0.0     2   373   691  1061   690  1062 0.99 -
Cluster_26_aln       -            227 OR997840.1           -           3899  6.8e-122  397.6   3.1   1   1  3.4e-122  1.3e-121  396.7   3.1     1   227   268   494   268   494 0.99 -
Cluster_27_aln       -            198 OR997840.1           -           3899   5.5e-99  322.2   0.4   1   1   3.5e-99   1.3e-98  321.0   0.4     2   198   496   689   495   689 0.99 -
Cluster_32_aln       -            168 OR997840.1           -           3899   1.4e-84  274.1   0.0   1   1     8e-85   2.9e-84  273.1   0.0     1   168     1   168     1   168 1.00 -
Cluster_28_aln       -            101 OR997840.1           -           3899   1.2e-48  155.6   5.2   1   1     7e-49   2.6e-48  154.5   5.2     1   100   167   266   167   267 0.97 -
Cluster_21_aln       -            629 OR997840.1           -           3899   1.2e-36  118.3   2.7   1   1     6e-37   2.2e-36  117.5   2.7    99   480  1708  2109  1651  2116 0.78 -
Cluster_29_aln       -             64 OR997840.1           -           3899   1.1e-35  113.8   0.2   1   1   7.5e-36   2.7e-35  112.6   0.2     1    64  2273  2336  2273  2336 0.99 -
Cluster_38_aln       -             70 OR997840.1           -           3899   9.4e-35  110.6   1.8   1   1   2.6e-35   9.4e-35  110.6   1.8     2    70  1064  1132  1063  1132 0.98 -
Cluster_11_aln       -            627 OR997840.1           -           3899   1.5e-34  111.4   4.1   1   1   6.4e-35   2.4e-34  110.8   4.1    48   479  1649  2110  1632  2118 0.73 -
Cluster_58_aln       -            487 OR997840.1           -           3899   4.2e-30   96.6   0.0   1   1   2.1e-30   7.7e-30   95.8   0.0     1   478  2684  3166  2684  3176 0.78 -
Cluster_57_aln       -            456 OR997840.1           -           3899   2.3e-28   91.2   7.4   1   1   1.4e-28   5.2e-28   90.1   7.4    40   456  1175  1589  1139  1589 0.71 -
Cluster_10_aln       -            594 OR997840.1           -           3899   1.9e-22   71.6   0.1   1   1     9e-23   3.3e-22   70.8   0.1    61   400  3365  3708  3318  3719 0.80 -
Cluster_1_aln        -            621 OR997840.1           -           3899   1.2e-21   68.8   0.0   1   1   5.9e-22   2.2e-21   68.0   0.0   110   468  1724  2101  1697  2120 0.76 -
Cluster_19_aln       -            569 OR997840.1           -           3899     3e-19   60.9   0.0   1   1   1.3e-19   4.8e-19   60.2   0.0    42   413  3347  3749  3332  3762 0.75 -
Cluster_61_aln       -            220 OR997840.1           -           3899     4e-14   44.9   0.1   1   1   2.1e-14   7.6e-14   44.0   0.1     3   216  2686  2894  2684  2897 0.89 -
Cluster_0_aln        -            903 OR997840.1           -           3899   2.4e-10   31.2   0.1   1   1   1.6e-09   5.9e-09   26.6   0.1   522   782  3512  3747  3484  3762 0.79 -
Cluster_20_aln       -            683 OR459954.1           -           3899         0 1362.4   0.2   1   1         0         0 1361.8   0.2     1   683  1590  2272  1590  2272 1.00 -
Cluster_18_aln       -            717 OR459954.1           -           3899         0 1328.0   3.7   1   1         0         0 1327.6   3.7     1   715  3181  3894  3181  3896 0.99 -
Cluster_36_aln       -            498 OR459954.1           -           3899    1e-250  824.7   0.1   1   1  4.2e-251  1.5e-250  824.1   0.1     1   498  2684  3180  2684  3180 0.99 -
Cluster_35_aln       -            454 OR459954.1           -           3899  8.1e-220  722.2   5.2   1   1  3.4e-220  1.2e-219  721.6   5.2     8   454  1144  1589  1138  1589 0.99 -
Cluster_23_aln       -            347 OR459954.1           -           3899  1.1e-187  615.4   2.1   1   1  3.1e-188  1.1e-187  615.4   2.1     2   347  2338  2683  2337  2683 1.00 -
Cluster_24_aln       -            374 OR459954.1           -           3899  4.4e-173  568.1   0.2   1   1  2.2e-173  8.1e-173  567.2   0.2     2   373   691  1061   690  1062 0.99 -
Cluster_26_aln       -            227 OR459954.1           -           3899    9e-121  393.9   1.8   1   1  6.5e-121  2.4e-120  392.5   1.8     1   227   268   494   268   494 0.99 -
Cluster_27_aln       -            198 OR459954.1           -           3899   1.6e-98  320.7   0.2   1   1     1e-98   3.8e-98  319.5   0.2     2   198   496   689   495   689 0.99 -
Cluster_32_aln       -            168 OR459954.1           -           3899   1.1e-85  277.8   0.0   1   1   6.3e-86   2.3e-85  276.7   0.0     1   168     1   168     1   168 1.00 -
Cluster_28_aln       -            101 OR459954.1           -           3899   2.8e-48  154.4   5.4   1   1   1.6e-48   5.9e-48  153.4   5.4     1   100   167   266   167   267 0.97 -
Cluster_21_aln       -            629 OR459954.1           -           3899   2.4e-36  117.3   2.9   1   1   1.1e-36     4e-36  116.6   2.9   130   480  1743  2109  1657  2116 0.78 -
Cluster_29_aln       -             64 OR459954.1           -           3899   1.1e-35  113.8   0.2   1   1   7.5e-36   2.7e-35  112.6   0.2     1    64  2273  2336  2273  2336 0.99 -
Cluster_38_aln       -             70 OR459954.1           -           3899   4.3e-35  111.7   1.2   1   1   1.2e-35   4.3e-35  111.7   1.2     3    70  1065  1132  1063  1132 0.98 -
Cluster_11_aln       -            627 OR459954.1           -           3899   1.7e-34  111.2   4.6   1   1   7.7e-35   2.8e-34  110.5   4.6    47   478  1648  2109  1632  2118 0.74 -
Cluster_58_aln       -            487 OR459954.1           -           3899   1.3e-33  108.3   0.0   1   1   6.2e-34   2.3e-33  107.4   0.0     1   478  2684  3166  2684  3176 0.80 -
Cluster_57_aln       -            456 OR459954.1           -           3899   1.3e-27   88.7   5.9   1   1     1e-27   3.7e-27   87.2   6.0   133   456  1255  1589  1144  1589 0.80 -
Cluster_10_aln       -            594 OR459954.1           -           3899   9.7e-23   72.5   0.1   1   1   4.6e-23   1.7e-22   71.7   0.1   106   400  3407  3708  3322  3719 0.80 -
Cluster_1_aln        -            621 OR459954.1           -           3899   3.6e-22   70.5   0.1   1   1   1.6e-22   5.9e-22   69.8   0.1   110   467  1724  2100  1678  2119 0.77 -
Cluster_19_aln       -            569 OR459954.1           -           3899   5.8e-19   59.9   0.0   1   1   2.5e-19   9.3e-19   59.2   0.0    42   417  3347  3753  3332  3762 0.75 -
Cluster_61_aln       -            220 OR459954.1           -           3899   2.1e-13   42.6   0.1   1   1   1.1e-13   4.1e-13   41.6   0.1     5   216  2688  2894  2684  2897 0.86 -
Cluster_0_aln        -            903 OR459954.1           -           3899   4.2e-10   30.4   0.0   1   1   3.1e-09   1.1e-08   25.6   0.0   522   782  3512  3747  3484  3762 0.79 -
Cluster_20_aln       -            683 OM817560.1           -           3899         0 1366.1   0.1   1   1         0         0 1365.6   0.1     1   683  1590  2272  1590  2272 1.00 -
Cluster_18_aln       -            717 OM817560.1           -           3899         0 1330.0   4.4   1   1         0         0 1329.6   4.4     1   716  3181  3895  3181  3896 0.99 -
Cluster_36_aln       -            498 OM817560.1           -           3899  1.2e-252  831.1   0.3   1   1  4.6e-253  1.7e-252  830.5   0.3     1   498  2684  3180  2684  3180 1.00 -
Cluster_35_aln       -            454 OM817560.1           -           3899  2.8e-225  740.2   4.3   1   1  1.2e-225  4.4e-225  739.6   4.3     9   454  1145  1589  1139  1589 0.99 -
Cluster_23_aln       -            347 OM817560.1           -           3899    1e-188  618.8   2.6   1   1  2.8e-189    1e-188  618.8   2.6     2   347  2338  2683  2337  2683 1.00 -
Cluster_24_aln       -            374 OM817560.1           -           3899    4e-175  574.8   0.3   1   1  2.1e-175  7.7e-175  573.9   0.3     2   373   691  1061   690  1062 0.99 -
Cluster_26_aln       -            227 OM817560.1           -           3899  2.1e-121  396.0   2.9   1   1  1.4e-121    5e-121  394.8   2.9     1   227   268   494   268   494 0.99 -
Cluster_27_aln       -            198 OM817560.1           -           3899   4.5e-99  322.5   0.3   1   1   2.9e-99   1.1e-98  321.3   0.3     2   198   496   689   495   689 0.99 -
Cluster_32_aln       -            168 OM817560.1           -           3899     2e-86  280.1   0.0   1   1   1.4e-86   5.1e-86  278.8   0.0     1   168     1   168     1   168 1.00 -
Cluster_28_aln       -            101 OM817560.1           -           3899   4.3e-48  153.8   6.4   1   1   2.5e-48     9e-48  152.8   6.4     2   100   168   266   167   267 0.97 -
Cluster_21_aln       -            629 OM817560.1           -           3899   1.3e-36  118.2   2.7   1   1     6e-37   2.2e-36  117.5   2.7    99   480  1708  2109  1651  2116 0.78 -
Cluster_29_aln       -             64 OM817560.1           -           3899     1e-35  113.9   0.2   1   1   7.5e-36   2.7e-35  112.6   0.2     1    64  2273  2336  2273  2336 0.99 -
Cluster_38_aln       -             70 OM817560.1           -           3899   5.8e-35  111.3   1.8   1   1   1.6e-35   5.8e-35  111.3   1.8     3    70  1065  1132  1063  1132 0.98 -
Cluster_11_aln       -            627 OM817560.1           -           3899   1.5e-34  111.4   4.1   1   1   6.4e-35   2.4e-34  110.8   4.1    48   479  1649  2110  1632  2118 0.73 -
Cluster_58_aln       -            487 OM817560.1           -           3899     8e-34  108.9   0.1   1   1   3.9e-34   1.4e-33  108.1   0.1     1   478  2684  3166  2684  3176 0.80 -
Cluster_57_aln       -            456 OM817560.1           -           3899   4.5e-28   90.3   6.8   1   1   4.9e-28   1.8e-27   88.3   6.9   145   456  1270  1589  1145  1589 0.75 -
Cluster_10_aln       -            594 OM817560.1           -           3899   7.1e-22   69.7   0.0   1   1   3.4e-22   1.2e-21   68.9   0.0   106   400  3407  3708  3340  3719 0.80 -
Cluster_1_aln        -            621 OM817560.1           -           3899   1.2e-21   68.8   0.0   1   1   5.9e-22   2.2e-21   68.0   0.0   110   468  1724  2101  1697  2120 0.76 -
Cluster_19_aln       -            569 OM817560.1           -           3899     6e-19   59.9   0.0   1   1   2.7e-19   9.8e-19   59.2   0.0    42   419  3347  3756  3332  3762 0.74 -
Cluster_61_aln       -            220 OM817560.1           -           3899   1.9e-14   45.9   0.1   1   1     1e-14   3.7e-14   45.0   0.1     3   216  2686  2894  2684  2897 0.90 -
Cluster_0_aln        -            903 OM817560.1           -           3899   2.9e-10   30.9   0.0   1   1   1.8e-09   6.6e-09   26.4   0.0   531   775  3521  3740  3485  3761 0.79 -
Cluster_20_aln       -            683 OM817562.1           -           3899         0 1366.7   0.1   1   1         0         0 1366.2   0.1     1   683  1590  2272  1590  2272 1.00 -
Cluster_18_aln       -            717 OM817562.1           -           3899         0 1329.9   4.0   1   1         0         0 1329.4   4.0     1   716  3181  3895  3181  3896 0.99 -
Cluster_36_aln       -            498 OM817562.1           -           3899  6.9e-253  831.8   0.2   1   1  2.7e-253    1e-252  831.3   0.2     1   498  2684  3180  2684  3180 1.00 -
Cluster_35_aln       -            454 OM817562.1           -           3899  2.7e-225  740.2   4.0   1   1  1.2e-225  4.3e-225  739.6   4.0     9   454  1145  1589  1139  1589 0.99 -
Cluster_23_aln       -            347 OM817562.1           -           3899  1.7e-188  618.1   2.2   1   1  4.6e-189  1.7e-188  618.1   2.2     2   347  2338  2683  2337  2683 1.00 -
Cluster_24_aln       -            374 OM817562.1           -           3899  1.4e-174  573.0   0.2   1   1  7.2e-175  2.7e-174  572.1   0.2     2   373   691  1061   690  1062 0.99 -
Cluster_26_aln       -            227 OM817562.1           -           3899  2.9e-121  395.6   2.4   1   1  1.9e-121  6.9e-121  394.3   2.4     1   227   268   494   268   494 0.99 -
Cluster_27_aln       -            198 OM817562.1           -           3899   2.6e-99  323.2   0.3   1   1   1.7e-99   6.2e-99  322.0   0.3     2   198   496   689   495   689 0.99 -
Cluster_32_aln       -            168 OM817562.1           -           3899   7.9e-86  278.2   0.0   1   1   5.4e-86     2e-85  276.9   0.0     1   168     1   168     1   168 1.00 -
Cluster_28_aln       -            101 OM817562.1           -           3899   1.3e-47  152.3   6.2   1   1   7.3e-48   2.7e-47  151.3   6.2     2   100   168   266   167   267 0.97 -
Cluster_21_aln       -            629 OM817562.1           -           3899   1.2e-36  118.3   2.6   1   1   5.4e-37     2e-36  117.6   2.6    99   480  1708  2109  1651  2116 0.78 -
Cluster_29_aln       -             64 OM817562.1           -           3899     1e-35  113.9   0.2   1   1   7.5e-36   2.7e-35  112.6   0.2     1    64  2273  2336  2273  2336 0.99 -
Cluster_38_aln       -             70 OM817562.1           -           3899   5.8e-35  111.3   1.8   1   1   1.6e-35   5.8e-35  111.3   1.8     3    70  1065  1132  1063  1132 0.98 -
Cluster_11_aln       -            627 OM817562.1           -           3899   1.3e-34  111.7   3.9   1   1   5.4e-35     2e-34  111.0   3.9    48   479  1649  2110  1632  2118 0.73 -
Cluster_58_aln       -            487 OM817562.1           -           3899     2e-33  107.6   0.1   1   1   9.7e-34   3.6e-33  106.8   0.1     1   478  2684  3166  2684  3176 0.81 -
Cluster_57_aln       -            456 OM817562.1           -           3899   4.7e-28   90.2   6.7   1   1   5.3e-28     2e-27   88.2   6.8   197   456  1326  1589  1145  1589 0.76 -
Cluster_10_aln       -            594 OM817562.1           -           3899     6e-22   69.9   0.1   1   1   2.9e-22     1e-21   69.1   0.1    83   400  3387  3708  3307  3719 0.80 -
Cluster_1_aln        -            621 OM817562.1           -           3899   1.3e-21   68.7   0.1   1   1     6e-22   2.2e-21   68.0   0.1   110   468  1724  2101  1672  2120 0.77 -
Cluster_19_aln       -            569 OM817562.1           -           3899   5.2e-19   60.1   0.0   1   1   2.3e-19   8.6e-19   59.4   0.0    42   417  3347  3753  3332  3762 0.75 -
Cluster_61_aln       -            220 OM817562.1           -           3899     5e-14   44.6   0.1   1   1   2.6e-14   9.7e-14   43.7   0.1     4   216  2687  2894  2684  2897 0.89 -
Cluster_0_aln        -            903 OM817562.1           -           3899   2.1e-10   31.3   0.0   1   1   1.4e-09     5e-09   26.8   0.0   531   782  3521  3747  3485  3762 0.80 -
Cluster_20_aln       -            683 OM817564.1           -           3899         0 1367.2   0.1   1   1         0         0 1366.6   0.1     1   683  1590  2272  1590  2272 1.00 -
Cluster_18_aln       -            717 OM817564.1           -           3899         0 1334.2   4.4   1   1         0         0 1333.8   4.4     1   716  3181  3895  3181  3896 0.99 -
Cluster_36_aln       -            498 OM817564.1           -           3899  6.1e-253  832.0   0.4   1   1  2.4e-253  8.8e-253  831.5   0.4     1   498  2684  3180  2684  3180 1.00 -
Cluster_35_aln       -            454 OM817564.1           -           3899  2.2e-225  740.6   3.8   1   1  9.4e-226  3.4e-225  739.9   3.8     9   454  1145  1589  1139  1589 0.99 -
Cluster_23_aln       -            347 OM817564.1           -           3899  1.6e-188  618.1   2.2   1   1  4.4e-189  1.6e-188  618.1   2.2     2   347  2338  2683  2337  2683 1.00 -
Cluster_24_aln       -            374 OM817564.1           -           3899  4.7e-175  574.6   0.2   1   1  2.5e-175  9.2e-175  573.6   0.2     2   373   691  1061   690  1062 0.99 -
Cluster_26_aln       -            227 OM817564.1           -           3899  2.1e-121  396.0   2.6   1   1  1.4e-121  5.1e-121  394.7   2.6     1   227   268   494   268   494 0.99 -
Cluster_27_aln       -            198 OM817564.1           -           3899   1.6e-98  320.7   0.2   1   1     1e-98   3.7e-98  319.5   0.2     2   198   496   689   495   689 0.99 -
Cluster_32_aln       -            168 OM817564.1           -           3899   2.9e-86  279.6   0.0   1   1   2.2e-86   7.9e-86  278.2   0.0     1   168     1   168     1   168 1.00 -
Cluster_28_aln       -            101 OM817564.1           -           3899   9.7e-47  149.5   5.9   1   1   5.6e-47   2.1e-46  148.4   5.9     2   100   168   266   167   267 0.97 -
Cluster_21_aln       -            629 OM817564.1           -           3899   1.1e-36  118.4   2.6   1   1     5e-37   1.8e-36  117.7   2.6    99   480  1708  2109  1651  2116 0.78 -
Cluster_38_aln       -             70 OM817564.1           -           3899   1.6e-35  113.1   1.8   1   1   1.6e-35   5.8e-35  111.3   1.8     3    70  1065  1132  1063  1132 0.98 -
Cluster_29_aln       -             64 OM817564.1           -           3899     2e-35  113.0   0.2   1   1   1.5e-35   5.4e-35  111.6   0.2     1    64  2273  2336  2273  2336 0.99 -
Cluster_11_aln       -            627 OM817564.1           -           3899   2.4e-34  110.8   4.0   1   1     1e-34   3.7e-34  110.1   4.0    48   479  1649  2110  1632  2118 0.73 -
Cluster_58_aln       -            487 OM817564.1           -           3899   5.7e-34  109.4   0.2   1   1   2.8e-34     1e-33  108.6   0.2     1   478  2684  3166  2684  3176 0.80 -
Cluster_57_aln       -            456 OM817564.1           -           3899   3.2e-28   90.7   6.0   1   1   3.3e-28   1.2e-27   88.9   6.0   198   456  1327  1589  1148  1589 0.78 -
Cluster_10_aln       -            594 OM817564.1           -           3899     6e-22   69.9   0.1   1   1     3e-22   1.1e-21   69.0   0.1    85   400  3389  3708  3334  3719 0.79 -
Cluster_1_aln        -            621 OM817564.1           -           3899   2.2e-21   68.0   0.0   1   1     1e-21   3.8e-21   67.2   0.0   110   468  1724  2101  1697  2120 0.76 -
Cluster_19_aln       -            569 OM817564.1           -           3899   5.8e-19   59.9   0.0   1   1   2.6e-19   9.5e-19   59.2   0.0    42   413  3347  3749  3332  3762 0.75 -
Cluster_61_aln       -            220 OM817564.1           -           3899   8.9e-15   47.0   0.1   1   1   4.6e-15   1.7e-14   46.1   0.1     3   216  2686  2894  2684  2897 0.90 -
Cluster_0_aln        -            903 OM817564.1           -           3899     2e-10   31.4   0.0   1   1   1.3e-09   4.9e-09   26.9   0.0   531   782  3521  3747  3485  3762 0.80 -
Cluster_20_aln       -            683 OM817565.1           -           3899         0 1366.3   0.1   1   1         0         0 1365.7   0.1     1   683  1590  2272  1590  2272 1.00 -
Cluster_18_aln       -            717 OM817565.1           -           3899         0 1332.1   4.2   1   1         0         0 1331.6   4.2     1   716  3181  3895  3181  3896 0.99 -
Cluster_36_aln       -            498 OM817565.1           -           3899  3.7e-252  829.4   0.3   1   1  1.5e-252  5.3e-252  828.9   0.3     1   498  2684  3180  2684  3180 1.00 -
Cluster_35_aln       -            454 OM817565.1           -           3899  1.4e-225  741.2   4.6   1   1  6.1e-226  2.2e-225  740.5   4.6     9   454  1145  1589  1139  1589 0.99 -
Cluster_23_aln       -            347 OM817565.1           -           3899  1.6e-188  618.1   2.2   1   1  4.4e-189  1.6e-188  618.1   2.2     2   347  2338  2683  2337  2683 1.00 -
Cluster_24_aln       -            374 OM817565.1           -           3899  1.4e-173  569.7   0.2   1   1  7.3e-174  2.7e-173  568.8   0.2     2   373   691  1061   690  1062 0.99 -
Cluster_26_aln       -            227 OM817565.1           -           3899  3.5e-121  395.3   2.6   1   1  2.3e-121  8.3e-121  394.0   2.6     1   227   268   494   268   494 0.99 -
Cluster_27_aln       -            198 OM817565.1           -           3899   2.7e-99  323.2   0.3   1   1   1.7e-99   6.2e-99  322.0   0.3     2   198   496   689   495   689 0.99 -
Cluster_32_aln       -            168 OM817565.1           -           3899   2.7e-86  279.7   0.0   1   1   1.8e-86   6.7e-86  278.4   0.0     1   168     1   168     1   168 1.00 -
Cluster_28_aln       -            101 OM817565.1           -           3899   1.4e-47  152.2   6.2   1   1   7.7e-48   2.8e-47  151.2   6.2     1    99   167   265   167   267 0.97 -
Cluster_21_aln       -            629 OM817565.1           -           3899   1.3e-36  118.2   2.7   1   1     6e-37   2.2e-36  117.5   2.7    99   480  1708  2109  1651  2116 0.78 -
Cluster_29_aln       -             64 OM817565.1           -           3899     1e-35  113.9   0.2   1   1   7.5e-36   2.7e-35  112.6   0.2     1    64  2273  2336  2273  2336 0.99 -
Cluster_38_aln       -             70 OM817565.1           -           3899   5.8e-35  111.3   1.8   1   1   1.6e-35   5.8e-35  111.3   1.8     3    70  1065  1132  1063  1132 0.98 -
Cluster_11_aln       -            627 OM817565.1           -           3899   1.5e-34  111.4   4.1   1   1   6.4e-35   2.4e-34  110.8   4.1    48   479  1649  2110  1632  2118 0.73 -
Cluster_58_aln       -            487 OM817565.1           -           3899   1.8e-34  111.0   0.1   1   1   8.9e-35   3.3e-34  110.2   0.1     1   478  2684  3166  2684  3176 0.81 -
Cluster_57_aln       -            456 OM817565.1           -           3899   4.1e-28   90.4   7.2   1   1   4.3e-28   1.6e-27   88.5   7.3   145   456  1270  1589  1145  1589 0.74 -
Cluster_10_aln       -            594 OM817565.1           -           3899   6.3e-22   69.8   0.1   1   1   2.9e-22   1.1e-21   69.1   0.1    83   400  3387  3708  3312  3719 0.80 -
Cluster_1_aln        -            621 OM817565.1           -           3899   1.2e-21   68.8   0.0   1   1   5.9e-22   2.2e-21   68.0   0.0   110   468  1724  2101  1697  2120 0.76 -
Cluster_19_aln       -            569 OM817565.1           -           3899   5.8e-19   59.9   0.0   1   1   2.6e-19   9.5e-19   59.2   0.0    42   413  3347  3749  3332  3762 0.75 -
Cluster_61_aln       -            220 OM817565.1           -           3899   8.8e-15   47.1   0.1   1   1   4.6e-15   1.7e-14   46.1   0.1     3   216  2686  2894  2684  2897 0.90 -
Cluster_0_aln        -            903 OM817565.1           -           3899     2e-10   31.4   0.0   1   1   1.3e-09   4.9e-09   26.9   0.0   531   782  3521  3747  3485  3762 0.80 -
Cluster_20_aln       -            683 OL963692.1           -           3899         0 1365.4   0.1   1   1         0         0 1364.9   0.1     1   683  1590  2272  1590  2272 1.00 -
Cluster_18_aln       -            717 OL963692.1           -           3899         0 1334.3   4.7   1   1         0         0 1333.9   4.7     1   716  3181  3895  3181  3896 0.99 -
Cluster_36_aln       -            498 OL963692.1           -           3899  2.2e-253  833.4   0.1   1   1  8.8e-254  3.2e-253  832.9   0.1     1   498  2684  3180  2684  3180 1.00 -
Cluster_35_aln       -            454 OL963692.1           -           3899  5.7e-226  742.5   5.9   1   1  2.4e-226  8.9e-226  741.9   5.9     9   454  1145  1589  1139  1589 0.99 -
Cluster_23_aln       -            347 OL963692.1           -           3899  3.1e-189  620.5   2.4   1   1  8.5e-190  3.1e-189  620.5   2.4     2   347  2338  2683  2337  2683 1.00 -
Cluster_24_aln       -            374 OL963692.1           -           3899  5.5e-173  567.8   0.2   1   1  3.4e-173  1.2e-172  566.6   0.2     2   373   691  1061   690  1062 0.99 -
Cluster_26_aln       -            227 OL963692.1           -           3899  5.8e-121  394.6   1.9   1   1  3.8e-121  1.4e-120  393.3   1.9     1   227   268   494   268   494 0.99 -
Cluster_27_aln       -            198 OL963692.1           -           3899     8e-99  321.6   0.3   1   1   5.2e-99   1.9e-98  320.4   0.3     2   198   496   689   495   689 0.99 -
Cluster_32_aln       -            168 OL963692.1           -           3899   1.6e-86  280.5   0.0   1   1     1e-86   3.8e-86  279.2   0.0     1   168     1   168     1   168 1.00 -
Cluster_28_aln       -            101 OL963692.1           -           3899   8.3e-49  156.1   6.1   1   1   4.8e-49   1.8e-48  155.1   6.1     1   100   167   266   167   267 0.97 -
Cluster_21_aln       -            629 OL963692.1           -           3899   1.2e-36  118.3   2.6   1   1   5.8e-37   2.1e-36  117.5   2.6    99   480  1708  2109  1654  2116 0.78 -
Cluster_38_aln       -             70 OL963692.1           -           3899   1.1e-35  113.6   1.8   1   1     3e-36   1.1e-35  113.6   1.8     3    70  1065  1132  1063  1132 0.98 -
Cluster_29_aln       -             64 OL963692.1           -           3899   1.1e-35  113.8   0.2   1   1   7.5e-36   2.7e-35  112.6   0.2     1    64  2273  2336  2273  2336 0.99 -
Cluster_11_aln       -            627 OL963692.1           -           3899   1.5e-34  111.4   4.1   1   1   6.4e-35   2.4e-34  110.8   4.1    48   479  1649  2110  1632  2118 0.73 -
Cluster_58_aln       -            487 OL963692.1           -           3899   1.8e-32  104.4   0.0   1   1   9.6e-33   3.5e-32  103.5   0.0     1   478  2684  3166  2684  3176 0.79 -
Cluster_57_aln       -            456 OL963692.1           -           3899   2.7e-29   94.3   0.5   1   1   7.5e-30   2.7e-29   94.3   0.5   203   456  1332  1589  1253  1589 0.85 -
Cluster_10_aln       -            594 OL963692.1           -           3899   2.1e-22   71.4   0.1   1   1     1e-22   3.7e-22   70.6   0.1   106   400  3407  3708  3335  3719 0.79 -
Cluster_1_aln        -            621 OL963692.1           -           3899   1.3e-21   68.8   0.0   1   1   5.9e-22   2.2e-21   68.0   0.0   110   468  1724  2101  1697  2120 0.76 -
Cluster_19_aln       -            569 OL963692.1           -           3899     4e-19   60.4   0.0   1   1   1.8e-19   6.6e-19   59.7   0.0    42   413  3347  3749  3332  3762 0.75 -
Cluster_61_aln       -            220 OL963692.1           -           3899   1.4e-14   46.4   0.1   1   1   7.2e-15   2.6e-14   45.5   0.1     3   216  2686  2894  2684  2897 0.90 -
Cluster_0_aln        -            903 OL963692.1           -           3899   2.4e-10   31.2   0.0   1   1   1.6e-09     6e-09   26.5   0.0   522   782  3512  3747  3484  3761 0.79 -
Cluster_20_aln       -            683 OL963693.1           -           3899         0 1340.9   0.2   1   1         0         0 1340.5   0.2     1   683  1590  2272  1590  2272 1.00 -
Cluster_18_aln       -            717 OL963693.1           -           3899         0 1325.1   2.1   1   1         0         0 1324.7   2.1     1   716  3181  3895  3181  3896 0.99 -
Cluster_36_aln       -            498 OL963693.1           -           3899  1.4e-247  814.3   0.2   1   1  5.4e-248    2e-247  813.8   0.2     1   498  2684  3180  2684  3180 0.99 -
Cluster_35_aln       -            454 OL963693.1           -           3899    1e-225  741.7   5.1   1   1  4.3e-226  1.6e-225  741.0   5.1     8   454  1144  1589  1138  1589 0.99 -
Cluster_23_aln       -            347 OL963693.1           -           3899  1.6e-188  618.1   2.0   1   1  4.4e-189  1.6e-188  618.1   2.0     2   347  2338  2683  2337  2683 1.00 -
Cluster_24_aln       -            374 OL963693.1           -           3899    6e-175  574.2   0.2   1   1  2.8e-175    1e-174  573.5   0.2     2   373   691  1061   690  1062 0.99 -
Cluster_26_aln       -            227 OL963693.1           -           3899  1.3e-120  393.4   2.4   1   1  8.5e-121  3.1e-120  392.2   2.4     1   227   268   494   268   494 0.99 -
Cluster_27_aln       -            198 OL963693.1           -           3899   9.4e-99  321.4   0.2   1   1     6e-99   2.2e-98  320.2   0.2     2   198   496   689   495   689 0.99 -
Cluster_32_aln       -            168 OL963693.1           -           3899     1e-85  277.8   0.0   1   1   6.1e-86   2.2e-85  276.7   0.0     1   168     1   168     1   168 1.00 -
Cluster_28_aln       -            101 OL963693.1           -           3899   2.9e-48  154.4   5.0   1   1   1.7e-48   6.1e-48  153.3   5.0     1   100   167   266   167   267 0.97 -
Cluster_38_aln       -             70 OL963693.1           -           3899   8.8e-36  113.9   1.5   1   1   2.4e-36   8.8e-36  113.9   1.5     2    70  1064  1132  1063  1132 0.98 -
Cluster_29_aln       -             64 OL963693.1           -           3899   4.4e-35  111.9   0.1   1   1   3.1e-35   1.1e-34  110.6   0.1     1    64  2273  2336  2273  2336 0.99 -
Cluster_58_aln       -            487 OL963693.1           -           3899   2.9e-33  107.1   0.0   1   1   1.5e-33   5.5e-33  106.1   0.0     1   478  2684  3166  2684  3176 0.81 -
Cluster_21_aln       -            629 OL963693.1           -           3899     1e-32  105.3   2.1   1   1   4.6e-33   1.7e-32  104.6   2.1   103   480  1712  2109  1656  2116 0.76 -
Cluster_11_aln       -            627 OL963693.1           -           3899   1.1e-30   98.6   3.4   1   1   4.9e-31   1.8e-30   97.9   3.4    49   479  1650  2110  1632  2118 0.69 -
Cluster_57_aln       -            456 OL963693.1           -           3899   6.5e-28   89.7  11.4   1   1   2.1e-27   7.5e-27   86.2  12.0   133   456  1258  1589  1148  1589 0.72 -
Cluster_10_aln       -            594 OL963693.1           -           3899   7.7e-23   72.8   0.1   1   1   3.6e-23   1.3e-22   72.1   0.1    64   400  3368  3708  3330  3719 0.79 -
Cluster_19_aln       -            569 OL963693.1           -           3899   5.5e-20   63.3   0.0   1   1   2.5e-20   9.1e-20   62.6   0.0    42   413  3347  3749  3331  3762 0.75 -
Cluster_1_aln        -            621 OL963693.1           -           3899   1.8e-17   55.0   0.2   1   1     1e-17   3.7e-17   54.0   0.2   111   468  1725  2101  1707  2120 0.74 -
Cluster_61_aln       -            220 OL963693.1           -           3899   1.1e-13   43.5   0.1   1   1   5.7e-14   2.1e-13   42.6   0.1     3   216  2686  2894  2684  2897 0.88 -
Cluster_0_aln        -            903 OL963693.1           -           3899   7.3e-10   29.6   0.0   1   1   4.7e-09   1.7e-08   25.0   0.0   522   782  3512  3747  3484  3762 0.79 -
Cluster_20_aln       -            683 OM925903.1           -           3899         0 1367.2   0.1   1   1         0         0 1366.8   0.1     1   683  1590  2272  1590  2272 1.00 -
Cluster_18_aln       -            717 OM925903.1           -           3899         0 1325.4   1.2   1   1         0         0 1325.0   1.2     1   716  3181  3895  3181  3896 0.99 -
Cluster_36_aln       -            498 OM925903.1           -           3899  1.2e-248  817.8   0.3   1   1  4.7e-249  1.7e-248  817.3   0.3     1   498  2684  3180  2684  3180 0.99 -
Cluster_35_aln       -            454 OM925903.1           -           3899    2e-224  737.4   7.0   1   1    8e-225  2.9e-224  736.8   7.0     5   454  1141  1589  1137  1589 0.99 -
Cluster_23_aln       -            347 OM925903.1           -           3899  5.2e-189  619.7   1.7   1   1  1.4e-189  5.2e-189  619.7   1.7     2   347  2338  2683  2337  2683 1.00 -
Cluster_24_aln       -            374 OM925903.1           -           3899  9.5e-174  570.3   0.1   1   1  4.7e-174  1.7e-173  569.4   0.1     2   373   691  1061   690  1062 0.99 -
Cluster_26_aln       -            227 OM925903.1           -           3899    1e-120  393.7   2.9   1   1  6.2e-121  2.3e-120  392.6   2.9     1   227   268   494   268   494 0.99 -
Cluster_27_aln       -            198 OM925903.1           -           3899   2.1e-98  320.3   0.2   1   1   1.4e-98   5.1e-98  319.0   0.2     2   198   496   689   495   689 0.99 -
Cluster_32_aln       -            168 OM925903.1           -           3899   7.6e-85  275.0   0.0   1   1   4.7e-85   1.7e-84  273.8   0.0     1   168     1   168     1   168 1.00 -
Cluster_28_aln       -            101 OM925903.1           -           3899   1.3e-47  152.3   6.6   1   1   7.8e-48   2.9e-47  151.2   6.6     2   100   168   266   167   267 0.96 -
Cluster_21_aln       -            629 OM925903.1           -           3899   1.9e-36  117.7   2.6   1   1   8.4e-37   3.1e-36  117.0   2.6    99   480  1708  2109  1651  2116 0.77 -
Cluster_29_aln       -             64 OM925903.1           -           3899   2.9e-35  112.5   0.2   1   1   2.1e-35   7.6e-35  111.1   0.2     1    64  2273  2336  2273  2336 0.99 -
Cluster_38_aln       -             70 OM925903.1           -           3899   1.2e-34  110.3   1.0   1   1   3.3e-35   1.2e-34  110.3   1.0     2    70  1064  1132  1063  1132 0.98 -
Cluster_11_aln       -            627 OM925903.1           -           3899   3.2e-34  110.4   3.9   1   1   1.3e-34   4.9e-34  109.7   3.9    48   479  1649  2110  1632  2118 0.73 -
Cluster_58_aln       -            487 OM925903.1           -           3899   8.3e-33  105.6   0.1   1   1     4e-33   1.5e-32  104.7   0.1     1   478  2684  3166  2684  3176 0.80 -
Cluster_57_aln       -            456 OM925903.1           -           3899   7.4e-29   92.9   8.3   1   1   4.6e-29   1.7e-28   91.7   8.4    10   456  1142  1589  1138  1589 0.75 -
Cluster_10_aln       -            594 OM925903.1           -           3899   5.6e-23   73.3   0.1   1   1   2.7e-23   9.8e-23   72.5   0.1    67   400  3371  3708  3337  3719 0.79 -
Cluster_1_aln        -            621 OM925903.1           -           3899   2.2e-21   67.9   0.0   1   1   1.2e-21   4.3e-21   67.0   0.0   110   468  1724  2101  1697  2120 0.76 -
Cluster_19_aln       -            569 OM925903.1           -           3899   1.9e-19   61.5   0.0   1   1   8.7e-20   3.2e-19   60.8   0.0    42   413  3347  3749  3332  3762 0.75 -
Cluster_61_aln       -            220 OM925903.1           -           3899   1.8e-13   42.8   0.1   1   1   9.5e-14   3.5e-13   41.8   0.1     3   216  2686  2894  2684  2897 0.89 -
Cluster_0_aln        -            903 OM925903.1           -           3899   6.4e-10   29.8   0.0   1   1   4.3e-09   1.6e-08   25.2   0.0   522   782  3512  3747  3484  3761 0.79 -
Cluster_20_aln       -            683 OM201200.1           -           3899         0 1367.2   0.1   1   1         0         0 1366.8   0.1     1   683  1590  2272  1590  2272 1.00 -
Cluster_18_aln       -            717 OM201200.1           -           3899         0 1328.2   2.1   1   1         0         0 1327.8   2.1     1   716  3181  3895  3181  3896 0.99 -
Cluster_36_aln       -            498 OM201200.1           -           3899  4.5e-250  822.5   0.7   1   1  1.7e-250  6.4e-250  822.0   0.7     1   498  2684  3180  2684  3180 0.99 -
Cluster_35_aln       -            454 OM201200.1           -           3899  2.6e-224  737.0   5.4   1   1    1e-224  3.7e-224  736.5   5.4     5   454  1141  1589  1137  1589 0.99 -
Cluster_23_aln       -            347 OM201200.1           -           3899  1.9e-188  617.9   1.7   1   1  5.3e-189  1.9e-188  617.9   1.7     2   347  2338  2683  2337  2683 1.00 -
Cluster_24_aln       -            374 OM201200.1           -           3899  4.2e-175  574.7   0.1   1   1    2e-175  7.4e-175  573.9   0.1     2   373   691  1061   690  1062 0.99 -
Cluster_26_aln       -            227 OM201200.1           -           3899  6.9e-121  394.3   2.9   1   1  4.2e-121  1.6e-120  393.2   2.9     1   227   268   494   268   494 0.99 -
Cluster_27_aln       -            198 OM201200.1           -           3899   1.4e-98  320.8   0.1   1   1     9e-99   3.3e-98  319.6   0.1     1   198   495   689   495   689 0.99 -
Cluster_32_aln       -            168 OM201200.1           -           3899   5.5e-85  275.4   0.0   1   1   3.5e-85   1.3e-84  274.2   0.0     1   168     1   168     1   168 1.00 -
Cluster_28_aln       -            101 OM201200.1           -           3899   4.4e-47  150.6   6.3   1   1   2.6e-47   9.6e-47  149.5   6.3     2   100   168   266   167   267 0.96 -
Cluster_21_aln       -            629 OM201200.1           -           3899   1.9e-36  117.7   2.6   1   1   8.4e-37   3.1e-36  117.0   2.6    99   480  1708  2109  1651  2116 0.77 -
Cluster_29_aln       -             64 OM201200.1           -           3899   2.9e-35  112.5   0.2   1   1   2.1e-35   7.6e-35  111.1   0.2     1    64  2273  2336  2273  2336 0.99 -
Cluster_38_aln       -             70 OM201200.1           -           3899   1.1e-34  110.3   1.1   1   1   3.1e-35   1.1e-34  110.3   1.1     2    70  1064  1132  1063  1132 0.98 -
Cluster_11_aln       -            627 OM201200.1           -           3899   3.2e-34  110.4   3.9   1   1   1.3e-34   4.9e-34  109.7   3.9    48   479  1649  2110  1632  2118 0.73 -
Cluster_58_aln       -            487 OM201200.1           -           3899   2.6e-33  107.2   0.3   1   1   1.3e-33   4.6e-33  106.4   0.3     1   478  2684  3166  2684  3176 0.81 -
Cluster_57_aln       -            456 OM201200.1           -           3899   4.1e-28   90.4   7.2   1   1   2.9e-28   1.1e-27   89.0   7.2    12   456  1144  1589  1138  1589 0.72 -
Cluster_10_aln       -            594 OM201200.1           -           3899   7.5e-23   72.9   0.1   1   1   3.7e-23   1.4e-22   72.0   0.1    68   400  3372  3708  3340  3719 0.79 -
Cluster_1_aln        -            621 OM201200.1           -           3899   2.5e-21   67.8   0.0   1   1   1.2e-21   4.3e-21   67.0   0.0   110   468  1724  2101  1697  2120 0.76 -
Cluster_19_aln       -            569 OM201200.1           -           3899     1e-19   62.4   0.0   1   1   4.6e-20   1.7e-19   61.7   0.0    42   413  3347  3749  3332  3762 0.75 -
Cluster_61_aln       -            220 OM201200.1           -           3899   2.8e-13   42.1   0.1   1   1   1.5e-13   5.5e-13   41.2   0.1     3   216  2686  2894  2684  2897 0.88 -
Cluster_0_aln        -            903 OM201200.1           -           3899   5.3e-10   30.0   0.0   1   1   3.6e-09   1.3e-08   25.4   0.0   522   782  3512  3747  3484  3762 0.79 -
Cluster_20_aln       -            683 OM201202.1           -           3899         0 1366.0   0.1   1   1         0         0 1365.6   0.1     1   683  1590  2272  1590  2272 1.00 -
Cluster_18_aln       -            717 OM201202.1           -           3899         0 1328.3   2.0   1   1         0         0 1327.9   2.0     1   716  3181  3895  3181  3896 0.99 -
Cluster_36_aln       -            498 OM201202.1           -           3899  1.1e-248  817.9   0.5   1   1  4.4e-249  1.6e-248  817.4   0.5     1   498  2684  3180  2684  3180 0.99 -
Cluster_35_aln       -            454 OM201202.1           -           3899  6.7e-220  722.5   6.9   1   1  2.7e-220  9.9e-220  721.9   6.9     6   454  1142  1589  1137  1589 0.99 -
Cluster_23_aln       -            347 OM201202.1           -           3899    5e-189  619.8   1.5   1   1  1.4e-189    5e-189  619.8   1.5     2   347  2338  2683  2337  2683 1.00 -
Cluster_24_aln       -            374 OM201202.1           -           3899  3.1e-174  571.9   0.1   1   1  1.6e-174  5.8e-174  571.0   0.1     1   373   690  1061   690  1062 0.99 -
Cluster_26_aln       -            227 OM201202.1           -           3899  1.1e-120  393.6   2.6   1   1    7e-121  2.6e-120  392.4   2.6     1   227   268   494   268   494 0.99 -
Cluster_27_aln       -            198 OM201202.1           -           3899   9.8e-99  321.4   0.2   1   1   6.4e-99   2.3e-98  320.1   0.2     2   198   496   689   495   689 0.99 -
Cluster_32_aln       -            168 OM201202.1           -           3899     2e-85  276.9   0.0   1   1   1.3e-85   4.6e-85  275.7   0.0     1   168     1   168     1   168 1.00 -
Cluster_28_aln       -            101 OM201202.1           -           3899   2.5e-47  151.4   6.7   1   1   1.5e-47   5.4e-47  150.3   6.7     2   100   168   266   167   267 0.97 -
Cluster_21_aln       -            629 OM201202.1           -           3899   1.5e-36  118.0   2.7   1   1     7e-37   2.6e-36  117.2   2.7    99   480  1708  2109  1651  2116 0.77 -
Cluster_29_aln       -             64 OM201202.1           -           3899   2.9e-35  112.5   0.2   1   1   2.1e-35   7.6e-35  111.1   0.2     1    64  2273  2336  2273  2336 0.99 -
Cluster_38_aln       -             70 OM201202.1           -           3899   4.5e-35  111.6   1.8   1   1   1.2e-35   4.5e-35  111.6   1.8     2    70  1064  1132  1063  1132 0.98 -
Cluster_11_aln       -            627 OM201202.1           -           3899   7.5e-34  109.1   4.0   1   1   3.2e-34   1.2e-33  108.5   4.0    48   479  1649  2110  1632  2118 0.73 -
Cluster_58_aln       -            487 OM201202.1           -           3899   1.5e-30   98.2   0.2   1   1   7.2e-31   2.7e-30   97.3   0.2     1   478  2684  3166  2684  3176 0.79 -
Cluster_57_aln       -            456 OM201202.1           -           3899   4.7e-28   90.2   8.3   1   1   3.4e-28   1.2e-27   88.8   8.3    16   456  1148  1589  1135  1589 0.72 -
Cluster_10_aln       -            594 OM201202.1           -           3899   8.3e-23   72.7   0.1   1   1     4e-23   1.5e-22   71.9   0.1    80   400  3384  3708  3339  3719 0.79 -
Cluster_1_aln        -            621 OM201202.1           -           3899   4.2e-21   67.0   0.0   1   1     2e-21   7.3e-21   66.2   0.0   110   468  1724  2101  1697  2120 0.76 -
Cluster_19_aln       -            569 OM201202.1           -           3899   1.9e-19   61.6   0.0   1   1   8.4e-20   3.1e-19   60.8   0.0    42   413  3347  3749  3332  3762 0.75 -
Cluster_61_aln       -            220 OM201202.1           -           3899   2.4e-13   42.4   0.1   1   1   1.2e-13   4.6e-13   41.5   0.1     3   216  2686  2894  2684  2897 0.88 -
Cluster_0_aln        -            903 OM201202.1           -           3899   5.6e-10   30.0   0.0   1   1   3.6e-09   1.3e-08   25.4   0.0   522   782  3512  3747  3484  3762 0.79 -
Cluster_20_aln       -            683 OM201203.1           -           3899         0 1364.5   0.1   1   1         0         0 1364.2   0.1     1   683  1590  2272  1590  2272 1.00 -
Cluster_18_aln       -            717 OM201203.1           -           3899         0 1327.7   2.0   1   1         0         0 1327.2   2.0     1   716  3181  3895  3181  3896 0.99 -
Cluster_36_aln       -            498 OM201203.1           -           3899  4.1e-248  816.1   0.4   1   1  1.6e-248  5.8e-248  815.6   0.4     1   498  2684  3180  2684  3180 0.99 -
Cluster_35_aln       -            454 OM201203.1           -           3899  9.5e-225  738.5   3.3   1   1  3.9e-225  1.4e-224  737.9   3.3     5   454  1141  1589  1137  1589 0.99 -
Cluster_23_aln       -            347 OM201203.1           -           3899  3.7e-189  620.2   1.6   1   1    1e-189  3.7e-189  620.2   1.6     2   347  2338  2683  2337  2683 1.00 -
Cluster_24_aln       -            374 OM201203.1           -           3899  4.7e-175  574.6   0.2   1   1  2.6e-175  9.4e-175  573.6   0.2     2   373   691  1061   690  1062 0.99 -
Cluster_26_aln       -            227 OM201203.1           -           3899  7.5e-121  394.2   3.0   1   1  4.4e-121  1.6e-120  393.1   3.0     1   227   268   494   268   494 0.99 -
Cluster_27_aln       -            198 OM201203.1           -           3899   6.6e-99  321.9   0.2   1   1   4.5e-99   1.6e-98  320.6   0.2     2   198   496   689   495   689 0.99 -
Cluster_32_aln       -            168 OM201203.1           -           3899   9.3e-86  277.9   0.0   1   1   5.7e-86   2.1e-85  276.8   0.0     1   168     1   168     1   168 1.00 -
Cluster_28_aln       -            101 OM201203.1           -           3899   7.8e-48  153.0   6.0   1   1   4.7e-48   1.7e-47  151.9   6.0     2   100   168   266   167   267 0.97 -
Cluster_21_aln       -            629 OM201203.1           -           3899   3.3e-36  116.9   2.6   1   1   1.5e-36   5.5e-36  116.1   2.6    99   480  1708  2109  1651  2116 0.77 -
Cluster_29_aln       -             64 OM201203.1           -           3899   2.2e-35  112.9   0.2   1   1   1.5e-35   5.6e-35  111.6   0.2     1    64  2273  2336  2273  2336 0.99 -
Cluster_38_aln       -             70 OM201203.1           -           3899   2.1e-34  109.5   1.7   1   1   5.7e-35   2.1e-34  109.5   1.7     2    70  1064  1132  1063  1132 0.98 -
Cluster_11_aln       -            627 OM201203.1           -           3899   4.6e-34  109.8   3.8   1   1     2e-34   7.2e-34  109.2   3.8    48   479  1649  2110  1632  2118 0.73 -
Cluster_58_aln       -            487 OM201203.1           -           3899     1e-32  105.2   0.2   1   1   5.3e-33   1.9e-32  104.4   0.2     1   478  2684  3166  2684  3176 0.79 -
Cluster_57_aln       -            456 OM201203.1           -           3899   1.2e-27   88.9   5.9   1   1   9.4e-28   3.5e-27   87.4   5.9   134   456  1259  1589  1138  1589 0.71 -
Cluster_10_aln       -            594 OM201203.1           -           3899   8.5e-23   72.7   0.1   1   1   4.1e-23   1.5e-22   71.9   0.1    61   400  3365  3708  3335  3719 0.80 -
Cluster_1_aln        -            621 OM201203.1           -           3899   5.3e-21   66.7   0.0   1   1   2.4e-21   8.9e-21   65.9   0.0   110   468  1724  2101  1697  2120 0.76 -
Cluster_19_aln       -            569 OM201203.1           -           3899   1.1e-19   62.3   0.0   1   1   4.9e-20   1.8e-19   61.6   0.0    42   413  3347  3749  3331  3762 0.75 -
Cluster_61_aln       -            220 OM201203.1           -           3899   6.4e-14   44.2   0.0   1   1   3.4e-14   1.2e-13   43.3   0.0     3   216  2686  2894  2684  2897 0.89 -
Cluster_0_aln        -            903 OM201203.1           -           3899   5.5e-10   30.0   0.0   1   1   3.6e-09   1.3e-08   25.4   0.0   522   782  3512  3747  3484  3762 0.79 -
Cluster_20_aln       -            683 LC702327.1           -           3899         0 1366.2   0.1   1   1         0         0 1365.8   0.1     1   683  1590  2272  1590  2272 1.00 -
Cluster_18_aln       -            717 LC702327.1           -           3899         0 1324.5   1.8   1   1         0         0 1324.1   1.8     1   716  3181  3895  3181  3896 0.99 -
Cluster_36_aln       -            498 LC702327.1           -           3899  1.4e-248  817.6   0.2   1   1  5.3e-249    2e-248  817.1   0.2     1   498  2684  3180  2684  3180 0.99 -
Cluster_35_aln       -            454 LC702327.1           -           3899  8.4e-224  735.3   7.0   1   1  3.5e-224  1.3e-223  734.7   7.0     8   454  1144  1589  1140  1589 0.99 -
Cluster_23_aln       -            347 LC702327.1           -           3899    3e-189  620.5   1.9   1   1  8.1e-190    3e-189  620.5   1.9     2   347  2338  2683  2337  2683 1.00 -
Cluster_24_aln       -            374 LC702327.1           -           3899  3.4e-175  575.0   0.3   1   1  1.8e-175  6.5e-175  574.1   0.3     2   373   691  1061   690  1062 0.99 -
Cluster_26_aln       -            227 LC702327.1           -           3899  7.3e-121  394.2   2.9   1   1  4.1e-121  1.5e-120  393.2   2.9     1   227   268   494   268   494 0.99 -
Cluster_27_aln       -            198 LC702327.1           -           3899   3.3e-99  322.9   0.1   1   1   2.2e-99   7.9e-99  321.7   0.1     2   198   496   689   495   689 0.99 -
Cluster_32_aln       -            168 LC702327.1           -           3899   1.5e-84  274.0   0.0   1   1   9.6e-85   3.5e-84  272.8   0.0     1   168     1   168     1   168 1.00 -
Cluster_28_aln       -            101 LC702327.1           -           3899   1.2e-47  152.4   6.6   1   1     7e-48   2.6e-47  151.3   6.6     2   100   168   266   167   267 0.97 -
Cluster_21_aln       -            629 LC702327.1           -           3899   2.3e-36  117.4   2.5   1   1     1e-36   3.7e-36  116.7   2.5    99   480  1708  2109  1651  2116 0.77 -
Cluster_29_aln       -             64 LC702327.1           -           3899   2.2e-35  112.9   0.2   1   1   1.5e-35   5.6e-35  111.6   0.2     1    64  2273  2336  2273  2336 0.99 -
Cluster_38_aln       -             70 LC702327.1           -           3899   5.9e-35  111.3   1.6   1   1   1.6e-35   5.9e-35  111.3   1.6     2    70  1064  1132  1063  1132 0.98 -
Cluster_11_aln       -            627 LC702327.1           -           3899   3.6e-34  110.2   3.8   1   1   1.5e-34   5.5e-34  109.6   3.8    48   479  1649  2110  1632  2118 0.73 -
Cluster_58_aln       -            487 LC702327.1           -           3899   2.5e-32  104.0   0.1   1   1   1.3e-32   4.7e-32  103.1   0.1     1   478  2684  3166  2684  3176 0.79 -
Cluster_57_aln       -            456 LC702327.1           -           3899     3e-28   90.9   9.8   1   1   2.9e-28   1.1e-27   89.1   9.8   134   456  1259  1589  1140  1589 0.73 -
Cluster_10_aln       -            594 LC702327.1           -           3899   7.8e-23   72.8   0.1   1   1     4e-23   1.5e-22   71.9   0.1    64   399  3368  3707  3335  3719 0.79 -
Cluster_1_aln        -            621 LC702327.1           -           3899   2.9e-21   67.6   0.0   1   1   1.3e-21   4.9e-21   66.8   0.0   110   468  1724  2101  1697  2120 0.76 -
Cluster_19_aln       -            569 LC702327.1           -           3899   1.4e-19   62.0   0.0   1   1   6.2e-20   2.3e-19   61.3   0.0    42   413  3347  3749  3332  3762 0.75 -
Cluster_61_aln       -            220 LC702327.1           -           3899   4.5e-14   44.7   0.1   1   1   2.4e-14   8.6e-14   43.8   0.1     3   216  2686  2894  2684  2897 0.89 -
Cluster_0_aln        -            903 LC702327.1           -           3899   5.2e-10   30.1   0.0   1   1   3.3e-09   1.2e-08   25.5   0.0   522   782  3512  3747  3484  3762 0.79 -
Cluster_20_aln       -            683 MW853924.1           -           3899         0 1368.2   0.2   1   1         0         0 1367.8   0.2     1   683  1590  2272  1590  2272 1.00 -
Cluster_18_aln       -            717 MW853924.1           -           3899         0 1328.6   1.7   1   1         0         0 1328.2   1.7     1   716  3181  3895  3181  3896 0.99 -
Cluster_36_aln       -            498 MW853924.1           -           3899    3e-250  823.1   0.5   1   1  1.2e-250  4.3e-250  822.6   0.5     1   498  2684  3180  2684  3180 0.99 -
Cluster_35_aln       -            454 MW853924.1           -           3899  1.9e-224  737.5   5.9   1   1  7.6e-225  2.8e-224  736.9   5.9     5   454  1141  1589  1137  1589 0.99 -
Cluster_23_aln       -            347 MW853924.1           -           3899  6.7e-189  619.4   1.5   1   1  1.8e-189  6.7e-189  619.4   1.5     2   347  2338  2683  2337  2683 1.00 -
Cluster_24_aln       -            374 MW853924.1           -           3899  7.2e-174  570.7   0.3   1   1  3.6e-174  1.3e-173  569.8   0.3     2   372   691  1060   690  1062 0.99 -
Cluster_26_aln       -            227 MW853924.1           -           3899  7.2e-121  394.3   2.9   1   1  4.2e-121  1.6e-120  393.2   2.9     1   227   268   494   268   494 0.99 -
Cluster_27_aln       -            198 MW853924.1           -           3899   2.8e-98  319.9   0.2   1   1   1.8e-98   6.5e-98  318.7   0.2     2   198   496   689   495   689 0.99 -
Cluster_32_aln       -            168 MW853924.1           -           3899   5.7e-85  275.4   0.0   1   1   3.5e-85   1.3e-84  274.2   0.0     1   168     1   168     1   168 1.00 -
Cluster_28_aln       -            101 MW853924.1           -           3899   3.7e-47  150.8   6.7   1   1   2.2e-47   8.1e-47  149.7   6.7     2   100   168   266   167   267 0.96 -
Cluster_21_aln       -            629 MW853924.1           -           3899     1e-36  118.5   2.6   1   1     5e-37   1.8e-36  117.7   2.6    99   480  1708  2109  1651  2116 0.78 -
Cluster_29_aln       -             64 MW853924.1           -           3899   2.9e-35  112.5   0.2   1   1   2.1e-35   7.6e-35  111.1   0.2     1    64  2273  2336  2273  2336 0.99 -
Cluster_38_aln       -             70 MW853924.1           -           3899   1.2e-34  110.3   1.0   1   1   3.3e-35   1.2e-34  110.3   1.0     2    70  1064  1132  1063  1132 0.98 -
Cluster_11_aln       -            627 MW853924.1           -           3899   2.8e-34  110.5   4.1   1   1   1.2e-34   4.4e-34  109.9   4.1    48   479  1649  2110  1632  2118 0.73 -
Cluster_58_aln       -            487 MW853924.1           -           3899   1.5e-33  108.1   0.2   1   1     7e-34   2.6e-33  107.2   0.2     1   478  2684  3166  2684  3176 0.81 -
Cluster_57_aln       -            456 MW853924.1           -           3899   2.7e-28   91.0   7.3   1   1   1.8e-28   6.6e-28   89.7   7.3    11   456  1143  1589  1136  1589 0.73 -
Cluster_10_aln       -            594 MW853924.1           -           3899     2e-22   71.5   0.1   1   1     1e-22   3.6e-22   70.6   0.1    65   400  3369  3708  3322  3719 0.80 -
Cluster_1_aln        -            621 MW853924.1           -           3899   1.8e-21   68.2   0.1   1   1   8.5e-22   3.1e-21   67.5   0.1   110   468  1724  2101  1697  2120 0.76 -
Cluster_19_aln       -            569 MW853924.1           -           3899   1.5e-19   61.8   0.0   1   1   6.8e-20   2.5e-19   61.1   0.0    42   413  3347  3749  3332  3762 0.75 -
Cluster_61_aln       -            220 MW853924.1           -           3899   3.7e-13   41.7   0.1   1   1     2e-13   7.4e-13   40.8   0.1     3   216  2686  2894  2684  2897 0.88 -
Cluster_0_aln        -            903 MW853924.1           -           3899   3.5e-09   27.3   0.0   1   1   2.3e-08   8.3e-08   22.8   0.0   522   781  3512  3746  3484  3762 0.78 -
Cluster_20_aln       -            683 MT799513.1           -           3899         0 1363.3   0.1   1   1         0         0 1362.9   0.1     1   683  1590  2272  1590  2272 1.00 -
Cluster_18_aln       -            717 MT799513.1           -           3899         0 1330.4   1.7   1   1         0         0 1330.0   1.7     1   716  3181  3895  3181  3896 0.99 -
Cluster_36_aln       -            498 MT799513.1           -           3899  5.1e-248  815.8   0.3   1   1    2e-248  7.2e-248  815.3   0.3     1   498  2684  3180  2684  3180 0.99 -
Cluster_35_aln       -            454 MT799513.1           -           3899  8.1e-225  738.7   4.0   1   1  3.3e-225  1.2e-224  738.1   4.0     5   454  1141  1589  1137  1589 0.99 -
Cluster_23_aln       -            347 MT799513.1           -           3899  3.7e-189  620.2   1.6   1   1    1e-189  3.7e-189  620.2   1.6     2   347  2338  2683  2337  2683 1.00 -
Cluster_24_aln       -            374 MT799513.1           -           3899  4.6e-175  574.6   0.2   1   1  2.6e-175  9.4e-175  573.6   0.2     2   373   691  1061   690  1062 0.99 -
Cluster_26_aln       -            227 MT799513.1           -           3899  1.3e-120  393.4   3.3   1   1  7.9e-121  2.9e-120  392.3   3.3     1   227   268   494   268   494 0.99 -
Cluster_27_aln       -            198 MT799513.1           -           3899   6.3e-99  322.0   0.2   1   1   4.5e-99   1.6e-98  320.6   0.2     2   198   496   689   495   689 0.99 -
Cluster_32_aln       -            168 MT799513.1           -           3899     3e-85  276.3   0.0   1   1   1.8e-85   6.6e-85  275.2   0.0     1   168     1   168     1   168 1.00 -
Cluster_28_aln       -            101 MT799513.1           -           3899     8e-48  152.9   6.0   1   1   4.7e-48   1.7e-47  151.9   6.0     2   100   168   266   167   267 0.97 -
Cluster_21_aln       -            629 MT799513.1           -           3899   9.7e-37  118.6   2.7   1   1   4.4e-37   1.6e-36  117.9   2.7    99   480  1708  2109  1651  2116 0.77 -
Cluster_29_aln       -             64 MT799513.1           -           3899   2.2e-35  112.9   0.2   1   1   1.5e-35   5.6e-35  111.6   0.2     1    64  2273  2336  2273  2336 0.99 -
Cluster_11_aln       -            627 MT799513.1           -           3899   1.7e-34  111.2   4.1   1   1   7.3e-35   2.7e-34  110.6   4.1    48   479  1649  2110  1632  2118 0.73 -
Cluster_38_aln       -             70 MT799513.1           -           3899   2.1e-34  109.5   1.7   1   1   5.7e-35   2.1e-34  109.5   1.7     2    70  1064  1132  1063  1132 0.98 -
Cluster_58_aln       -            487 MT799513.1           -           3899     3e-32  103.7   0.1   1   1   1.7e-32   6.1e-32  102.7   0.1     1   478  2684  3166  2684  3176 0.79 -
Cluster_57_aln       -            456 MT799513.1           -           3899     8e-28   89.4   6.0   1   1     6e-28   2.2e-27   88.0   6.0   129   456  1257  1589  1138  1589 0.71 -
Cluster_10_aln       -            594 MT799513.1           -           3899   6.7e-23   73.0   0.1   1   1   3.2e-23   1.2e-22   72.2   0.1    64   400  3368  3708  3336  3719 0.79 -
Cluster_1_aln        -            621 MT799513.1           -           3899   2.2e-21   67.9   0.0   1   1     1e-21   3.8e-21   67.2   0.0   110   468  1724  2101  1697  2120 0.76 -
Cluster_19_aln       -            569 MT799513.1           -           3899   1.5e-19   61.9   0.0   1   1   6.6e-20   2.4e-19   61.2   0.0    42   413  3347  3749  3332  3762 0.75 -
Cluster_61_aln       -            220 MT799513.1           -           3899   6.4e-14   44.2   0.0   1   1   3.4e-14   1.2e-13   43.3   0.0     3   216  2686  2894  2684  2897 0.89 -
Cluster_0_aln        -            903 MT799513.1           -           3899   5.6e-10   29.9   0.0   1   1   3.6e-09   1.3e-08   25.4   0.0   522   782  3512  3747  3484  3762 0.79 -
Cluster_20_aln       -            683 MT799517.1           -           3899         0 1366.2   0.1   1   1         0         0 1365.8   0.1     1   683  1590  2272  1590  2272 1.00 -
Cluster_18_aln       -            717 MT799517.1           -           3899         0 1326.5   1.9   1   1         0         0 1326.1   1.9     1   716  3181  3895  3181  3896 0.99 -
Cluster_36_aln       -            498 MT799517.1           -           3899  1.3e-248  817.7   0.2   1   1    5e-249  1.8e-248  817.2   0.2     1   498  2684  3180  2684  3180 0.99 -
Cluster_35_aln       -            454 MT799517.1           -           3899  1.2e-223  734.8   5.5   1   1  5.1e-224  1.9e-223  734.2   5.5     6   454  1142  1589  1138  1589 0.99 -
Cluster_23_aln       -            347 MT799517.1           -           3899  6.1e-188  616.2   2.0   1   1  1.7e-188  6.1e-188  616.2   2.0     2   347  2338  2683  2337  2683 1.00 -
Cluster_24_aln       -            374 MT799517.1           -           3899  2.5e-174  572.2   0.1   1   1  1.3e-174  4.7e-174  571.3   0.1     2   373   691  1061   690  1062 0.99 -
Cluster_26_aln       -            227 MT799517.1           -           3899  4.1e-121  395.0   4.0   1   1  2.5e-121  9.3e-121  393.9   4.0     1   227   268   494   268   494 0.99 -
Cluster_27_aln       -            198 MT799517.1           -           3899   3.5e-99  322.8   0.1   1   1   2.2e-99   8.1e-99  321.6   0.1     2   198   496   689   495   689 0.99 -
Cluster_32_aln       -            168 MT799517.1           -           3899   1.7e-85  277.1   0.0   1   1     1e-85   3.7e-85  276.0   0.0     1   168     1   168     1   168 1.00 -
Cluster_28_aln       -            101 MT799517.1           -           3899     3e-48  154.3   6.5   1   1   1.8e-48   6.6e-48  153.2   6.5     2   100   168   266   167   267 0.97 -
Cluster_21_aln       -            629 MT799517.1           -           3899   2.3e-36  117.4   2.5   1   1     1e-36   3.7e-36  116.7   2.5    99   480  1708  2109  1651  2116 0.77 -
Cluster_29_aln       -             64 MT799517.1           -           3899   2.1e-35  112.9   0.2   1   1   1.5e-35   5.6e-35  111.6   0.2     1    64  2273  2336  2273  2336 0.99 -
Cluster_38_aln       -             70 MT799517.1           -           3899   6.2e-35  111.2   1.4   1   1   1.7e-35   6.2e-35  111.2   1.4     2    70  1064  1132  1063  1132 0.98 -
Cluster_11_aln       -            627 MT799517.1           -           3899   3.6e-34  110.2   3.8   1   1   1.5e-34   5.5e-34  109.6   3.8    48   479  1649  2110  1632  2118 0.73 -
Cluster_58_aln       -            487 MT799517.1           -           3899   5.9e-34  109.3   0.1   1   1   2.9e-34   1.1e-33  108.5   0.1     1   478  2684  3166  2684  3176 0.80 -
Cluster_57_aln       -            456 MT799517.1           -           3899     3e-28   90.8   6.3   1   1   2.7e-28   9.9e-28   89.1   6.3   146   456  1271  1589  1140  1589 0.75 -
Cluster_10_aln       -            594 MT799517.1           -           3899   5.8e-23   73.3   0.1   1   1   2.8e-23     1e-22   72.5   0.1    64   400  3368  3708  3332  3719 0.80 -
Cluster_1_aln        -            621 MT799517.1           -           3899   2.9e-21   67.6   0.0   1   1   1.3e-21   4.9e-21   66.8   0.0   110   468  1724  2101  1697  2120 0.76 -
Cluster_19_aln       -            569 MT799517.1           -           3899   1.1e-19   62.3   0.0   1   1   4.8e-20   1.8e-19   61.6   0.0    42   413  3347  3749  3332  3762 0.75 -
Cluster_61_aln       -            220 MT799517.1           -           3899   4.8e-13   41.4   0.1   1   1   2.5e-13   9.2e-13   40.5   0.1     3   216  2686  2894  2684  2897 0.89 -
Cluster_0_aln        -            903 MT799517.1           -           3899   8.3e-10   29.4   0.0   1   1   5.3e-09     2e-08   24.9   0.0   522   782  3512  3747  3484  3762 0.79 -
Cluster_20_aln       -            683 MT586134.1           -           3899         0 1365.0   0.1   1   1         0         0 1364.2   0.1     1   683  1590  2272  1590  2272 1.00 -
Cluster_18_aln       -            717 MT586134.1           -           3899         0 1332.7   4.4   1   1         0         0 1332.3   4.4     1   716  3181  3895  3181  3896 0.99 -
Cluster_36_aln       -            498 MT586134.1           -           3899  6.6e-253  831.9   0.1   1   1  2.6e-253  9.5e-253  831.4   0.1     1   498  2684  3180  2684  3180 1.00 -
Cluster_35_aln       -            454 MT586134.1           -           3899  1.3e-224  738.0   5.0   1   1  5.3e-225    2e-224  737.4   5.0     8   454  1144  1589  1138  1589 0.99 -
Cluster_23_aln       -            347 MT586134.1           -           3899  2.4e-188  617.5   2.6   1   1  6.6e-189  2.4e-188  617.5   2.6     2   347  2338  2683  2337  2683 1.00 -
Cluster_24_aln       -            374 MT586134.1           -           3899  2.4e-171  562.4   0.1   1   1  1.4e-171  5.3e-171  561.2   0.1     2   373   691  1061   690  1062 0.99 -
Cluster_26_aln       -            227 MT586134.1           -           3899  1.4e-120  393.3   1.8   1   1  9.3e-121  3.4e-120  392.0   1.8     1   227   268   494   268   494 0.99 -
Cluster_27_aln       -            198 MT586134.1           -           3899   1.4e-98  320.9   0.2   1   1   9.1e-99   3.3e-98  319.6   0.2     2   198   496   689   495   689 0.99 -
Cluster_32_aln       -            168 MT586134.1           -           3899   7.6e-86  278.2   0.0   1   1     5e-86   1.8e-85  277.0   0.0     1   168     1   168     1   168 1.00 -
Cluster_28_aln       -            101 MT586134.1           -           3899   4.9e-48  153.6   6.0   1   1   2.8e-48     1e-47  152.6   6.0     1   100   167   266   167   267 0.97 -
Cluster_21_aln       -            629 MT586134.1           -           3899   1.3e-36  118.3   2.6   1   1   5.8e-37   2.1e-36  117.5   2.6    99   480  1708  2109  1654  2116 0.78 -
Cluster_38_aln       -             70 MT586134.1           -           3899   1.1e-35  113.6   1.8   1   1     3e-36   1.1e-35  113.6   1.8     3    70  1065  1132  1063  1132 0.98 -
Cluster_29_aln       -             64 MT586134.1           -           3899   1.1e-35  113.8   0.2   1   1   7.5e-36   2.7e-35  112.6   0.2     1    64  2273  2336  2273  2336 0.99 -
Cluster_11_aln       -            627 MT586134.1           -           3899   1.5e-34  111.4   4.1   1   1   6.4e-35   2.4e-34  110.8   4.1    48   479  1649  2110  1632  2118 0.73 -
Cluster_58_aln       -            487 MT586134.1           -           3899   5.6e-33  106.1   0.0   1   1   2.6e-33   9.7e-33  105.3   0.0     1   478  2684  3166  2684  3176 0.80 -
Cluster_57_aln       -            456 MT586134.1           -           3899   1.7e-27   88.4   9.2   1   1     4e-27   1.5e-26   85.3   9.4   200   456  1329  1589  1151  1589 0.80 -
Cluster_10_aln       -            594 MT586134.1           -           3899   2.5e-22   71.2   0.1   1   1   1.2e-22   4.4e-22   70.3   0.1   106   400  3407  3708  3325  3719 0.80 -
Cluster_1_aln        -            621 MT586134.1           -           3899   1.3e-21   68.7   0.0   1   1   5.9e-22   2.2e-21   68.0   0.0   110   468  1724  2101  1697  2120 0.76 -
Cluster_19_aln       -            569 MT586134.1           -           3899   9.3e-19   59.2   0.0   1   1   4.1e-19   1.5e-18   58.5   0.0    42   413  3347  3749  3332  3762 0.75 -
Cluster_61_aln       -            220 MT586134.1           -           3899     5e-14   44.6   0.1   1   1   2.6e-14   9.6e-14   43.7   0.1     3   216  2686  2894  2684  2897 0.89 -
Cluster_0_aln        -            903 MT586134.1           -           3899   3.5e-10   30.7   0.0   1   1   2.2e-09   8.1e-09   26.1   0.0   522   782  3512  3747  3484  3761 0.79 -
Cluster_20_aln       -            683 MN399380.1           -           3899         0 1368.5   0.2   1   1         0         0 1367.8   0.2     1   683  1590  2272  1590  2272 1.00 -
Cluster_18_aln       -            717 MN399380.1           -           3899         0 1330.8   4.5   1   1         0         0 1330.4   4.5     1   716  3181  3895  3181  3896 0.99 -
Cluster_36_aln       -            498 MN399380.1           -           3899  2.2e-252  830.2   0.0   1   1  8.7e-253  3.2e-252  829.6   0.0     1   498  2684  3180  2684  3180 1.00 -
Cluster_35_aln       -            454 MN399380.1           -           3899  7.5e-224  735.5   4.9   1   1  3.2e-224  1.2e-223  734.8   4.9     8   454  1144  1589  1139  1589 0.99 -
Cluster_23_aln       -            347 MN399380.1           -           3899  4.5e-188  616.7   1.8   1   1  1.2e-188  4.5e-188  616.7   1.8     2   347  2338  2683  2337  2683 1.00 -
Cluster_24_aln       -            374 MN399380.1           -           3899  8.7e-175  573.7   0.2   1   1  4.3e-175  1.6e-174  572.8   0.2     2   373   691  1061   690  1062 0.99 -
Cluster_26_aln       -            227 MN399380.1           -           3899  3.7e-120  391.9   0.9   1   1  2.1e-120  7.7e-120  390.9   0.9     1   227   268   494   268   494 0.99 -
Cluster_27_aln       -            198 MN399380.1           -           3899     7e-99  321.8   0.2   1   1   4.4e-99   1.6e-98  320.7   0.2     2   198   496   689   495   689 0.99 -
Cluster_32_aln       -            168 MN399380.1           -           3899   2.8e-86  279.6   0.0   1   1   1.9e-86   6.9e-86  278.4   0.0     1   168     1   168     1   168 1.00 -
Cluster_28_aln       -            101 MN399380.1           -           3899   4.3e-48  153.8   6.2   1   1   2.7e-48   9.8e-48  152.7   6.2     2   100   168   266   167   267 0.97 -
Cluster_21_aln       -            629 MN399380.1           -           3899   9.8e-37  118.6   3.9   1   1   4.5e-37   1.6e-36  117.9   3.9    99   480  1708  2109  1646  2116 0.77 -
Cluster_38_aln       -             70 MN399380.1           -           3899   2.5e-36  115.7   2.8   1   1   6.8e-37   2.5e-36  115.7   2.8     3    70  1065  1132  1063  1132 0.98 -
Cluster_29_aln       -             64 MN399380.1           -           3899   1.1e-35  113.8   0.2   1   1   7.5e-36   2.7e-35  112.6   0.2     1    64  2273  2336  2273  2336 0.99 -
Cluster_11_aln       -            627 MN399380.1           -           3899   1.3e-34  111.7   4.9   1   1   5.5e-35     2e-34  111.0   4.9    48   479  1649  2110  1632  2118 0.73 -
Cluster_58_aln       -            487 MN399380.1           -           3899   1.6e-31  101.3   0.0   1   1   9.7e-32   3.6e-31  100.2   0.0     1   478  2684  3166  2684  3176 0.78 -
Cluster_57_aln       -            456 MN399380.1           -           3899   7.1e-28   89.6   7.2   1   1     9e-28   3.3e-27   87.4   7.2   198   456  1327  1589  1144  1589 0.79 -
Cluster_10_aln       -            594 MN399380.1           -           3899   3.8e-22   70.5   0.1   1   1   1.8e-22   6.5e-22   69.8   0.1   107   400  3408  3708  3337  3719 0.80 -
Cluster_1_aln        -            621 MN399380.1           -           3899   7.5e-22   69.5   0.1   1   1   3.5e-22   1.3e-21   68.7   0.1   110   468  1724  2101  1677  2120 0.77 -
Cluster_19_aln       -            569 MN399380.1           -           3899   1.7e-19   61.7   0.0   1   1   7.4e-20   2.7e-19   61.0   0.0    42   413  3347  3749  3331  3762 0.75 -
Cluster_61_aln       -            220 MN399380.1           -           3899   1.7e-14   46.2   0.0   1   1   8.8e-15   3.2e-14   45.2   0.0     3   216  2686  2894  2684  2897 0.89 -
Cluster_0_aln        -            903 MN399380.1           -           3899   1.1e-09   28.9   0.0   1   1   7.5e-09   2.8e-08   24.4   0.0   522   782  3512  3747  3484  3762 0.79 -
Cluster_20_aln       -            683 MN399382.1           -           3899         0 1366.4   0.2   1   1         0         0 1365.8   0.2     1   683  1590  2272  1590  2272 1.00 -
Cluster_18_aln       -            717 MN399382.1           -           3899         0 1328.8   4.9   1   1         0         0 1328.4   4.9     1   716  3181  3895  3181  3896 0.99 -
Cluster_36_aln       -            498 MN399382.1           -           3899    5e-253  832.3   0.1   1   1    2e-253  7.3e-253  831.7   0.1     1   498  2684  3180  2684  3180 1.00 -
Cluster_35_aln       -            454 MN399382.1           -           3899  4.9e-224  736.1   6.4   1   1  2.1e-224  7.6e-224  735.5   6.4     8   454  1144  1589  1139  1589 0.99 -
Cluster_23_aln       -            347 MN399382.1           -           3899  4.3e-188  616.7   2.1   1   1  1.2e-188  4.3e-188  616.7   2.1     2   347  2338  2683  2337  2683 1.00 -
Cluster_24_aln       -            374 MN399382.1           -           3899  1.5e-174  572.9   0.1   1   1  7.7e-175  2.8e-174  572.0   0.1     2   373   691  1061   690  1062 0.99 -
Cluster_26_aln       -            227 MN399382.1           -           3899  7.2e-120  391.0   1.3   1   1  4.1e-120  1.5e-119  389.9   1.3     1   227   268   494   268   494 0.99 -
Cluster_27_aln       -            198 MN399382.1           -           3899     3e-99  323.0   0.3   1   1   2.1e-99   7.5e-99  321.7   0.3     2   198   496   689   495   689 0.99 -
Cluster_32_aln       -            168 MN399382.1           -           3899   4.8e-85  275.6   0.0   1   1   3.2e-85   1.2e-84  274.4   0.0     1   168     1   168     1   168 1.00 -
Cluster_28_aln       -            101 MN399382.1           -           3899   2.1e-48  154.8   5.9   1   1   1.2e-48   4.5e-48  153.8   5.9     2   100   168   266   167   267 0.97 -
Cluster_21_aln       -            629 MN399382.1           -           3899   3.5e-36  116.8   3.9   1   1   1.6e-36   5.9e-36  116.0   3.9    99   480  1708  2109  1646  2116 0.77 -
Cluster_38_aln       -             70 MN399382.1           -           3899   8.9e-36  113.9   1.9   1   1   2.4e-36   8.9e-36  113.9   1.9     3    70  1065  1132  1063  1132 0.98 -
Cluster_29_aln       -             64 MN399382.1           -           3899   1.1e-35  113.8   0.2   1   1   7.5e-36   2.7e-35  112.6   0.2     1    64  2273  2336  2273  2336 0.99 -
Cluster_11_aln       -            627 MN399382.1           -           3899   7.4e-34  109.1   4.9   1   1   3.3e-34   1.2e-33  108.4   4.9    48   479  1649  2110  1632  2118 0.73 -
Cluster_58_aln       -            487 MN399382.1           -           3899   2.7e-32  103.9   0.0   1   1   1.3e-32   4.9e-32  103.0   0.0     1   478  2684  3166  2684  3176 0.78 -
Cluster_57_aln       -            456 MN399382.1           -           3899   1.8e-29   94.9   0.8   1   1   4.9e-30   1.8e-29   94.9   0.8   147   456  1272  1589  1250  1589 0.78 -
Cluster_1_aln        -            621 MN399382.1           -           3899   4.1e-22   70.4   0.1   1   1     2e-22   7.2e-22   69.6   0.1   110   468  1724  2101  1677  2120 0.77 -
Cluster_10_aln       -            594 MN399382.1           -           3899   4.9e-22   70.2   0.1   1   1   2.3e-22   8.3e-22   69.4   0.1   113   400  3414  3708  3329  3719 0.80 -
Cluster_19_aln       -            569 MN399382.1           -           3899   2.3e-19   61.3   0.0   1   1     1e-19   3.7e-19   60.6   0.0    42   413  3347  3749  3332  3762 0.75 -
Cluster_61_aln       -            220 MN399382.1           -           3899   1.5e-14   46.3   0.1   1   1   7.6e-15   2.8e-14   45.4   0.1     3   216  2686  2894  2684  2897 0.90 -
Cluster_0_aln        -            903 MN399382.1           -           3899   2.8e-10   31.0   0.0   1   1   1.8e-09   6.6e-09   26.4   0.0   522   782  3512  3747  3484  3762 0.79 -
Cluster_20_aln       -            683 MK425024.2           -           3899         0 1360.8   0.1   1   1         0         0 1360.5   0.1     1   683  1590  2272  1590  2272 1.00 -
Cluster_18_aln       -            717 MK425024.2           -           3899         0 1326.2   1.6   1   1         0         0 1325.8   1.6     1   716  3181  3895  3181  3896 0.99 -
Cluster_36_aln       -            498 MK425024.2           -           3899  2.4e-248  816.8   0.2   1   1  9.2e-249  3.4e-248  816.3   0.2     1   498  2684  3180  2684  3180 0.99 -
Cluster_35_aln       -            454 MK425024.2           -           3899  1.3e-223  734.7   4.6   1   1  5.3e-224  1.9e-223  734.2   4.6     5   454  1141  1589  1137  1589 0.99 -
Cluster_23_aln       -            347 MK425024.2           -           3899  1.5e-188  618.2   1.5   1   1  4.2e-189  1.5e-188  618.2   1.5     2   347  2338  2683  2337  2683 1.00 -
Cluster_24_aln       -            374 MK425024.2           -           3899  6.2e-175  574.2   0.2   1   1  3.3e-175  1.2e-174  573.2   0.2     2   373   691  1061   690  1062 0.99 -
Cluster_26_aln       -            227 MK425024.2           -           3899  7.5e-121  394.2   3.0   1   1  4.4e-121  1.6e-120  393.1   3.0     1   227   268   494   268   494 0.99 -
Cluster_27_aln       -            198 MK425024.2           -           3899   4.8e-97  315.9   0.1   1   1   3.3e-97   1.2e-96  314.5   0.1     2   198   496   689   495   689 0.99 -
Cluster_32_aln       -            168 MK425024.2           -           3899   8.6e-86  278.1   0.0   1   1   5.1e-86   1.9e-85  276.9   0.0     1   168     1   168     1   168 1.00 -
Cluster_28_aln       -            101 MK425024.2           -           3899     8e-48  153.0   6.0   1   1   4.7e-48   1.7e-47  151.9   6.0     2   100   168   266   167   267 0.97 -
Cluster_21_aln       -            629 MK425024.2           -           3899   3.8e-36  116.7   2.4   1   1   1.7e-36   6.2e-36  116.0   2.4    99   480  1708  2109  1652  2116 0.77 -
Cluster_29_aln       -             64 MK425024.2           -           3899   2.2e-35  112.9   0.2   1   1   1.5e-35   5.6e-35  111.6   0.2     1    64  2273  2336  2273  2336 0.99 -
Cluster_38_aln       -             70 MK425024.2           -           3899   2.1e-34  109.5   1.7   1   1   5.7e-35   2.1e-34  109.5   1.7     2    70  1064  1132  1063  1132 0.98 -
Cluster_11_aln       -            627 MK425024.2           -           3899   1.3e-33  108.3   3.8   1   1   5.8e-34   2.1e-33  107.6   3.8    47   479  1648  2110  1632  2118 0.74 -
Cluster_58_aln       -            487 MK425024.2           -           3899   2.8e-32  103.8   0.1   1   1   1.4e-32     5e-32  103.0   0.1     1   478  2684  3166  2684  3176 0.79 -
Cluster_57_aln       -            456 MK425024.2           -           3899   1.8e-27   88.3   7.2   1   1   1.3e-27   4.6e-27   86.9   7.2    17   456  1149  1589  1135  1589 0.72 -
Cluster_10_aln       -            594 MK425024.2           -           3899   5.5e-23   73.3   0.1   1   1   2.7e-23   9.7e-23   72.5   0.1    64   400  3368  3708  3336  3719 0.79 -
Cluster_1_aln        -            621 MK425024.2           -           3899   2.9e-21   67.6   0.1   1   1   1.3e-21   4.8e-21   66.8   0.1   110   468  1724  2101  1658  2120 0.78 -
Cluster_19_aln       -            569 MK425024.2           -           3899   1.7e-19   61.7   0.0   1   1   7.7e-20   2.8e-19   61.0   0.0    42   413  3347  3749  3332  3762 0.75 -
Cluster_61_aln       -            220 MK425024.2           -           3899     7e-14   44.1   0.0   1   1   3.7e-14   1.3e-13   43.2   0.0     3   216  2686  2894  2684  2897 0.89 -
Cluster_0_aln        -            903 MK425024.2           -           3899   8.4e-10   29.4   0.0   1   1   5.3e-09     2e-08   24.9   0.0   522   782  3512  3747  3484  3762 0.79 -
Cluster_20_aln       -            683 MN558870.1           -           3899         0 1369.1   0.2   1   1         0         0 1368.4   0.2     1   683  1590  2272  1590  2272 1.00 -
Cluster_18_aln       -            717 MN558870.1           -           3899         0 1332.7   4.1   1   1         0         0 1332.3   4.1     1   716  3181  3895  3181  3896 0.99 -
Cluster_36_aln       -            498 MN558870.1           -           3899  1.9e-252  830.3   0.1   1   1  7.6e-253  2.8e-252  829.8   0.1     1   498  2684  3180  2684  3180 1.00 -
Cluster_35_aln       -            454 MN558870.1           -           3899  1.2e-225  741.4   5.2   1   1  4.9e-226  1.8e-225  740.8   5.2     8   454  1144  1589  1138  1589 0.99 -
Cluster_23_aln       -            347 MN558870.1           -           3899  3.2e-189  620.4   1.8   1   1  8.6e-190  3.2e-189  620.4   1.8     2   347  2338  2683  2337  2683 1.00 -
Cluster_24_aln       -            374 MN558870.1           -           3899  2.1e-174  572.4   0.1   1   1  1.1e-174    4e-174  571.5   0.1     2   373   691  1061   690  1062 0.99 -
Cluster_26_aln       -            227 MN558870.1           -           3899    4e-120  391.8   1.6   1   1  2.2e-120  8.1e-120  390.8   1.6     1   227   268   494   268   494 0.99 -
Cluster_27_aln       -            198 MN558870.1           -           3899     1e-98  321.3   0.4   1   1   6.6e-99   2.4e-98  320.1   0.4     2   198   496   689   495   689 0.99 -
Cluster_32_aln       -            168 MN558870.1           -           3899   7.9e-85  274.9   0.0   1   1   5.1e-85   1.9e-84  273.7   0.0     1   168     1   168     1   168 1.00 -
Cluster_28_aln       -            101 MN558870.1           -           3899   1.8e-48  155.0   5.3   1   1     1e-48   3.8e-48  154.0   5.3     1   100   167   266   167   267 0.97 -
Cluster_21_aln       -            629 MN558870.1           -           3899   9.5e-37  118.7   3.9   1   1   4.5e-37   1.6e-36  117.9   3.9    99   480  1708  2109  1646  2116 0.77 -
Cluster_38_aln       -             70 MN558870.1           -           3899     1e-35  113.7   1.3   1   1   2.8e-36     1e-35  113.7   1.3     4    70  1066  1132  1063  1132 0.98 -
Cluster_29_aln       -             64 MN558870.1           -           3899   1.1e-35  113.9   0.2   1   1   7.5e-36   2.7e-35  112.6   0.2     1    64  2273  2336  2273  2336 0.99 -
Cluster_11_aln       -            627 MN558870.1           -           3899   1.3e-34  111.7   4.9   1   1   5.5e-35     2e-34  111.0   4.9    48   479  1649  2110  1632  2118 0.73 -
Cluster_58_aln       -            487 MN558870.1           -           3899   9.4e-32  102.1   0.0   1   1   4.6e-32   1.7e-31  101.2   0.0     1   478  2684  3166  2684  3176 0.79 -
Cluster_57_aln       -            456 MN558870.1           -           3899   8.2e-28   89.4   8.8   1   1   1.2e-27   4.5e-27   87.0   9.0   143   456  1268  1589  1144  1589 0.76 -
Cluster_10_aln       -            594 MN558870.1           -           3899   9.8e-23   72.5   0.1   1   1   4.5e-23   1.7e-22   71.7   0.1   107   400  3408  3708  3336  3719 0.80 -
Cluster_1_aln        -            621 MN558870.1           -           3899   7.5e-22   69.5   0.1   1   1   3.5e-22   1.3e-21   68.7   0.1   110   468  1724  2101  1677  2120 0.77 -
Cluster_19_aln       -            569 MN558870.1           -           3899     2e-19   61.4   0.0   1   1   9.3e-20   3.4e-19   60.7   0.0    42   413  3347  3749  3332  3762 0.75 -
Cluster_61_aln       -            220 MN558870.1           -           3899     2e-14   45.9   0.1   1   1     1e-14   3.8e-14   45.0   0.1     3   216  2686  2894  2684  2897 0.90 -
Cluster_0_aln        -            903 MN558870.1           -           3899   5.2e-10   30.1   0.0   1   1   3.7e-09   1.4e-08   25.4   0.0   522   782  3512  3747  3484  3762 0.78 -
Cluster_20_aln       -            683 MN558877.1           -           3899         0 1365.7   0.2   1   1         0         0 1365.1   0.2     1   683  1590  2272  1590  2272 1.00 -
Cluster_18_aln       -            717 MN558877.1           -           3899         0 1321.1   4.4   1   1         0         0 1320.7   4.4     1   715  3181  3894  3181  3896 0.99 -
Cluster_36_aln       -            498 MN558877.1           -           3899  2.2e-251  826.9   0.1   1   1  8.5e-252  3.1e-251  826.4   0.1     1   498  2684  3180  2684  3180 1.00 -
Cluster_35_aln       -            454 MN558877.1           -           3899  1.1e-224  738.3   6.1   1   1  4.5e-225  1.7e-224  737.7   6.1     8   454  1144  1589  1139  1589 0.99 -
Cluster_23_aln       -            347 MN558877.1           -           3899  7.6e-188  615.9   2.0   1   1  2.1e-188  7.6e-188  615.9   2.0     2   347  2338  2683  2337  2683 1.00 -
Cluster_24_aln       -            374 MN558877.1           -           3899  1.5e-174  572.9   0.1   1   1  7.9e-175  2.9e-174  572.0   0.1     2   373   691  1061   690  1062 0.99 -
Cluster_26_aln       -            227 MN558877.1           -           3899  2.4e-117  382.7   1.6   1   1  1.3e-117  4.9e-117  381.7   1.6     1   227   268   494   268   494 0.99 -
Cluster_27_aln       -            198 MN558877.1           -           3899   3.1e-99  323.0   0.3   1   1   2.1e-99   7.5e-99  321.7   0.3     2   198   496   689   495   689 0.99 -
Cluster_32_aln       -            168 MN558877.1           -           3899   3.1e-85  276.2   0.0   1   1   2.1e-85   7.6e-85  275.0   0.0     1   168     1   168     1   168 1.00 -
Cluster_28_aln       -            101 MN558877.1           -           3899   2.8e-48  154.4   5.8   1   1   1.6e-48     6e-48  153.4   5.8     1   100   167   266   167   267 0.97 -
Cluster_21_aln       -            629 MN558877.1           -           3899   3.6e-36  116.8   3.9   1   1   1.6e-36   5.9e-36  116.0   3.9    99   480  1708  2109  1646  2116 0.77 -
Cluster_38_aln       -             70 MN558877.1           -           3899   8.9e-36  113.9   1.9   1   1   2.4e-36   8.9e-36  113.9   1.9     3    70  1065  1132  1063  1132 0.98 -
Cluster_29_aln       -             64 MN558877.1           -           3899   1.1e-35  113.8   0.2   1   1   7.5e-36   2.7e-35  112.6   0.2     1    64  2273  2336  2273  2336 0.99 -
Cluster_11_aln       -            627 MN558877.1           -           3899   7.3e-34  109.2   4.9   1   1   3.3e-34   1.2e-33  108.4   4.9    48   479  1649  2110  1632  2118 0.73 -
Cluster_58_aln       -            487 MN558877.1           -           3899   3.2e-31  100.3   0.0   1   1   1.6e-31   5.9e-31   99.5   0.0     1   478  2684  3166  2684  3176 0.78 -
Cluster_57_aln       -            456 MN558877.1           -           3899   3.2e-28   90.8   8.1   1   1   3.6e-28   1.3e-27   88.8   8.1   134   456  1259  1589  1143  1589 0.75 -
Cluster_10_aln       -            594 MN558877.1           -           3899   3.4e-22   70.7   0.1   1   1   1.6e-22   5.8e-22   70.0   0.1   112   400  3413  3708  3336  3719 0.80 -
Cluster_1_aln        -            621 MN558877.1           -           3899   4.2e-22   70.3   0.1   1   1     2e-22   7.2e-22   69.6   0.1   110   468  1724  2101  1677  2120 0.77 -
Cluster_19_aln       -            569 MN558877.1           -           3899   2.1e-19   61.4   0.0   1   1   9.2e-20   3.4e-19   60.7   0.0    42   413  3347  3749  3332  3762 0.75 -
Cluster_61_aln       -            220 MN558877.1           -           3899   1.5e-14   46.3   0.1   1   1   7.9e-15   2.9e-14   45.4   0.1     3   216  2686  2894  2684  2897 0.90 -
Cluster_0_aln        -            903 MN558877.1           -           3899   2.5e-10   31.1   0.0   1   1   1.7e-09   6.2e-09   26.5   0.0   522   782  3512  3747  3484  3762 0.79 -
Cluster_20_aln       -            683 MN558889.1           -           3899         0 1369.9   0.2   1   1         0         0 1369.2   0.2     1   683  1590  2272  1590  2272 1.00 -
Cluster_18_aln       -            717 MN558889.1           -           3899         0 1327.3   4.2   1   1         0         0 1326.9   4.2     1   716  3181  3895  3181  3896 0.99 -
Cluster_36_aln       -            498 MN558889.1           -           3899  6.6e-252  828.6   0.1   1   1  2.6e-252  9.6e-252  828.0   0.1     1   498  2684  3180  2684  3180 0.99 -
Cluster_35_aln       -            454 MN558889.1           -           3899    2e-225  740.7   6.4   1   1  8.6e-226  3.1e-225  740.1   6.4     8   454  1144  1589  1139  1589 0.99 -
Cluster_23_aln       -            347 MN558889.1           -           3899  4.1e-188  616.8   2.2   1   1  1.1e-188  4.1e-188  616.8   2.2     2   347  2338  2683  2337  2683 1.00 -
Cluster_24_aln       -            374 MN558889.1           -           3899  8.4e-175  573.7   0.1   1   1  4.4e-175  1.6e-174  572.8   0.1     2   373   691  1061   690  1062 0.99 -
Cluster_26_aln       -            227 MN558889.1           -           3899  8.1e-121  394.1   2.1   1   1  4.3e-121  1.6e-120  393.1   2.1     1   227   268   494   268   494 0.99 -
Cluster_27_aln       -            198 MN558889.1           -           3899     3e-99  323.0   0.2   1   1     2e-99   7.5e-99  321.7   0.2     2   198   496   689   495   689 0.99 -
Cluster_32_aln       -            168 MN558889.1           -           3899   6.9e-85  275.1   0.0   1   1   4.7e-85   1.7e-84  273.8   0.0     1   168     1   168     1   168 1.00 -
Cluster_28_aln       -            101 MN558889.1           -           3899   1.8e-48  155.1   5.9   1   1     1e-48   3.8e-48  154.0   5.9     1   100   167   266   167   267 0.97 -
Cluster_21_aln       -            629 MN558889.1           -           3899   9.9e-37  118.6   3.9   1   1   4.5e-37   1.6e-36  117.9   3.9    99   480  1708  2109  1646  2116 0.77 -
Cluster_38_aln       -             70 MN558889.1           -           3899   8.9e-36  113.9   1.9   1   1   2.4e-36   8.9e-36  113.9   1.9     3    70  1065  1132  1063  1132 0.98 -
Cluster_29_aln       -             64 MN558889.1           -           3899   1.1e-35  113.8   0.2   1   1   7.5e-36   2.7e-35  112.6   0.2     1    64  2273  2336  2273  2336 0.99 -
Cluster_11_aln       -            627 MN558889.1           -           3899   1.3e-34  111.7   4.9   1   1   5.5e-35     2e-34  111.0   4.9    48   479  1649  2110  1632  2118 0.73 -
Cluster_58_aln       -            487 MN558889.1           -           3899   1.3e-32  105.0   0.0   1   1     6e-33   2.2e-32  104.2   0.0     1   478  2684  3166  2684  3176 0.80 -
Cluster_57_aln       -            456 MN558889.1           -           3899   1.7e-29   95.0   0.7   1   1   4.5e-30   1.7e-29   95.0   0.7   202   456  1331  1589  1253  1589 0.84 -
Cluster_10_aln       -            594 MN558889.1           -           3899   8.3e-23   72.7   0.1   1   1   3.9e-23   1.4e-22   71.9   0.1   107   399  3408  3707  3335  3718 0.80 -
Cluster_1_aln        -            621 MN558889.1           -           3899   7.5e-22   69.5   0.1   1   1   3.5e-22   1.3e-21   68.7   0.1   110   468  1724  2101  1677  2120 0.77 -
Cluster_19_aln       -            569 MN558889.1           -           3899   2.3e-19   61.3   0.0   1   1     1e-19   3.7e-19   60.6   0.0    42   413  3347  3749  3332  3762 0.75 -
Cluster_61_aln       -            220 MN558889.1           -           3899   1.7e-14   46.1   0.1   1   1     9e-15   3.3e-14   45.2   0.1     3   216  2686  2894  2684  2897 0.90 -
Cluster_0_aln        -            903 MN558889.1           -           3899   9.2e-10   29.2   0.0   1   1   6.1e-09   2.2e-08   24.7   0.0   522   781  3512  3746  3484  3762 0.78 -
Cluster_20_aln       -            683 MK211486.1           -           3899         0 1358.5   0.1   1   1         0         0 1358.1   0.1     1   683  1590  2272  1590  2272 1.00 -
Cluster_18_aln       -            717 MK211486.1           -           3899         0 1319.6   1.5   1   1         0         0 1319.2   1.5     1   716  3181  3895  3181  3896 0.99 -
Cluster_36_aln       -            498 MK211486.1           -           3899  3.2e-244  803.2   0.2   1   1  1.2e-244  4.6e-244  802.7   0.2     1   498  2684  3180  2684  3180 0.99 -
Cluster_35_aln       -            454 MK211486.1           -           3899  5.9e-224  735.8   4.4   1   1  2.4e-224  8.9e-224  735.3   4.4     5   454  1141  1589  1137  1589 0.99 -
Cluster_23_aln       -            347 MK211486.1           -           3899  8.4e-189  619.1   1.2   1   1  2.3e-189  8.4e-189  619.1   1.2     2   347  2338  2683  2337  2683 1.00 -
Cluster_24_aln       -            374 MK211486.1           -           3899  4.8e-175  574.6   0.3   1   1  2.3e-175  8.3e-175  573.8   0.3     2   373   691  1061   690  1062 0.99 -
Cluster_26_aln       -            227 MK211486.1           -           3899  2.9e-117  382.4   2.8   1   1  1.8e-117  6.5e-117  381.3   2.8     1   227   268   494   268   494 0.99 -
Cluster_27_aln       -            198 MK211486.1           -           3899   4.9e-98  319.1   0.2   1   1   3.1e-98   1.1e-97  317.9   0.2     2   198   496   689   495   689 0.99 -
Cluster_32_aln       -            168 MK211486.1           -           3899   3.4e-86  279.4   0.0   1   1   2.6e-86   9.5e-86  277.9   0.0     1   168     1   168     1   168 1.00 -
Cluster_28_aln       -            101 MK211486.1           -           3899     1e-46  149.4   4.7   1   1     6e-47   2.2e-46  148.3   4.7     2    99   168   265   167   267 0.96 -
Cluster_21_aln       -            629 MK211486.1           -           3899   6.4e-37  119.2   2.4   1   1   2.9e-37   1.1e-36  118.5   2.4    99   480  1708  2109  1656  2116 0.77 -
Cluster_29_aln       -             64 MK211486.1           -           3899   2.3e-35  112.8   0.2   1   1   1.5e-35   5.6e-35  111.6   0.2     1    64  2273  2336  2273  2336 0.99 -
Cluster_11_aln       -            627 MK211486.1           -           3899   9.7e-35  112.0   3.5   1   1   4.1e-35   1.5e-34  111.4   3.5    76   479  1681  2110  1633  2118 0.73 -
Cluster_38_aln       -             70 MK211486.1           -           3899   1.7e-33  106.6   1.5   1   1   4.7e-34   1.7e-33  106.6   1.5     2    70  1064  1132  1063  1132 0.98 -
Cluster_58_aln       -            487 MK211486.1           -           3899   5.5e-32  102.9   0.1   1   1   2.8e-32     1e-31  102.0   0.1     1   478  2684  3166  2684  3176 0.79 -
Cluster_57_aln       -            456 MK211486.1           -           3899     1e-28   92.4   6.4   1   1   7.4e-29   2.7e-28   91.0   6.4   133   456  1258  1589  1137  1589 0.72 -
Cluster_10_aln       -            594 MK211486.1           -           3899   5.7e-23   73.3   0.1   1   1   2.9e-23     1e-22   72.4   0.1    62   400  3366  3708  3336  3719 0.79 -
Cluster_1_aln        -            621 MK211486.1           -           3899   2.6e-21   67.7   0.1   1   1   1.2e-21   4.4e-21   67.0   0.1   110   468  1724  2101  1708  2120 0.75 -
Cluster_19_aln       -            569 MK211486.1           -           3899   9.4e-20   62.5   0.0   1   1   4.3e-20   1.6e-19   61.8   0.0    42   413  3347  3749  3331  3762 0.75 -
Cluster_61_aln       -            220 MK211486.1           -           3899   8.5e-13   40.6   0.1   1   1   4.6e-13   1.7e-12   39.6   0.1     9   216  2692  2894  2684  2897 0.87 -
Cluster_0_aln        -            903 MK211486.1           -           3899   6.4e-10   29.8   0.0   1   1   4.3e-09   1.6e-08   25.2   0.0   522   779  3512  3744  3484  3752 0.78 -
Cluster_20_aln       -            683 MK405702.1           -           3899         0 1364.3   0.1   1   1         0         0 1363.9   0.1     1   683  1590  2272  1590  2272 1.00 -
Cluster_18_aln       -            717 MK405702.1           -           3899         0 1311.1   2.6   1   1         0         0 1310.7   2.6     1   716  3181  3895  3181  3896 0.99 -
Cluster_36_aln       -            498 MK405702.1           -           3899  8.9e-250  821.6   0.8   1   1  3.6e-250  1.3e-249  821.0   0.8     1   498  2684  3180  2684  3180 0.99 -
Cluster_35_aln       -            454 MK405702.1           -           3899  8.8e-227  745.2   4.1   1   1  3.5e-227  1.3e-226  744.6   4.1     5   454  1141  1589  1137  1589 0.99 -
Cluster_23_aln       -            347 MK405702.1           -           3899  5.2e-189  619.7   2.0   1   1  1.4e-189  5.2e-189  619.7   2.0     2   347  2338  2683  2337  2683 1.00 -
Cluster_24_aln       -            374 MK405702.1           -           3899  9.2e-174  570.3   0.2   1   1  4.4e-174  1.6e-173  569.5   0.2     2   373   691  1061   690  1062 0.99 -
Cluster_26_aln       -            227 MK405702.1           -           3899  1.2e-121  396.9   2.6   1   1  7.6e-122  2.8e-121  395.6   2.6     1   227   268   494   268   494 0.99 -
Cluster_27_aln       -            198 MK405702.1           -           3899   1.2e-99  324.4   0.3   1   1  7.9e-100   2.9e-99  323.1   0.3     2   198   496   689   495   689 0.99 -
Cluster_32_aln       -            168 MK405702.1           -           3899   1.6e-84  274.0   0.0   1   1   9.7e-85   3.5e-84  272.8   0.0     1   168     1   168     1   168 1.00 -
Cluster_28_aln       -            101 MK405702.1           -           3899   4.9e-48  153.6   5.3   1   1   3.1e-48   1.1e-47  152.5   5.3     1   100   167   266   167   267 0.97 -
Cluster_21_aln       -            629 MK405702.1           -           3899   1.6e-36  117.9   2.2   1   1   7.7e-37   2.8e-36  117.1   2.2   101   480  1710  2109  1656  2116 0.77 -
Cluster_38_aln       -             70 MK405702.1           -           3899   7.1e-36  114.2   1.3   1   1   1.9e-36   7.1e-36  114.2   1.3     2    70  1064  1132  1063  1132 0.98 -
Cluster_29_aln       -             64 MK405702.1           -           3899   1.4e-35  113.5   0.2   1   1     1e-35   3.7e-35  112.1   0.2     1    64  2273  2336  2273  2336 0.99 -
Cluster_11_aln       -            627 MK405702.1           -           3899   1.6e-34  111.3   3.5   1   1     7e-35   2.5e-34  110.7   3.5    49   479  1650  2110  1632  2118 0.73 -
Cluster_58_aln       -            487 MK405702.1           -           3899   3.6e-33  106.8   0.4   1   1   1.9e-33   7.1e-33  105.8   0.4     1   478  2684  3166  2684  3176 0.79 -
Cluster_57_aln       -            456 MK405702.1           -           3899   1.4e-27   88.6   6.4   1   1   1.2e-27   4.5e-27   87.0   6.4   134   456  1259  1589  1135  1589 0.70 -
Cluster_10_aln       -            594 MK405702.1           -           3899   1.5e-23   75.2   0.1   1   1   7.3e-24   2.7e-23   74.4   0.1    65   400  3369  3708  3336  3720 0.80 -
Cluster_1_aln        -            621 MK405702.1           -           3899   1.7e-21   68.3   0.1   1   1   8.5e-22   3.1e-21   67.5   0.1   111   468  1725  2101  1706  2120 0.75 -
Cluster_19_aln       -            569 MK405702.1           -           3899   3.6e-21   67.2   0.0   1   1   1.6e-21   5.8e-21   66.5   0.0    42   413  3347  3749  3331  3762 0.75 -
Cluster_61_aln       -            220 MK405702.1           -           3899   5.3e-14   44.5   0.2   1   1   2.9e-14   1.1e-13   43.5   0.2     3   216  2686  2894  2684  2897 0.89 -
Cluster_0_aln        -            903 MK405702.1           -           3899   5.6e-11   33.3   0.1   1   1   3.8e-10   1.4e-09   28.7   0.1   529   782  3519  3747  3485  3762 0.80 -
Cluster_20_aln       -            683 MH979231.1           -           3899         0 1366.4   0.1   1   1         0         0 1366.0   0.1     1   683  1590  2272  1590  2272 1.00 -
Cluster_18_aln       -            717 MH979231.1           -           3899         0 1294.3   2.9   1   1         0         0 1293.9   2.9     1   716  3181  3895  3181  3896 0.99 -
Cluster_36_aln       -            498 MH979231.1           -           3899  1.5e-248  817.5   0.3   1   1  5.8e-249  2.1e-248  817.0   0.3     1   498  2684  3180  2684  3180 0.99 -
Cluster_35_aln       -            454 MH979231.1           -           3899  5.6e-224  735.9   7.2   1   1  2.2e-224  8.2e-224  735.4   7.2     6   454  1142  1589  1137  1589 0.99 -
Cluster_23_aln       -            347 MH979231.1           -           3899  4.7e-189  619.9   1.7   1   1  1.3e-189  4.7e-189  619.9   1.7     2   347  2338  2683  2337  2683 1.00 -
Cluster_24_aln       -            374 MH979231.1           -           3899  3.7e-175  574.9   0.2   1   1  1.9e-175  6.8e-175  574.1   0.2     2   373   691  1061   690  1062 0.99 -
Cluster_26_aln       -            227 MH979231.1           -           3899  1.1e-120  393.7   2.4   1   1  6.6e-121  2.4e-120  392.5   2.4     1   227   268   494   268   494 0.99 -
Cluster_27_aln       -            198 MH979231.1           -           3899   9.9e-99  321.3   0.2   1   1   6.4e-99   2.3e-98  320.1   0.2     2   198   496   689   495   689 0.99 -
Cluster_32_aln       -            168 MH979231.1           -           3899   3.1e-85  276.2   0.0   1   1   1.9e-85   7.1e-85  275.1   0.0     1   168     1   168     1   168 1.00 -
Cluster_28_aln       -            101 MH979231.1           -           3899   5.8e-47  150.2   6.2   1   1   3.4e-47   1.3e-46  149.1   6.2     2   100   168   266   167   267 0.96 -
Cluster_21_aln       -            629 MH979231.1           -           3899   2.5e-36  117.3   2.5   1   1   1.1e-36   4.1e-36  116.6   2.5    99   480  1708  2109  1651  2116 0.77 -
Cluster_29_aln       -             64 MH979231.1           -           3899   2.9e-35  112.5   0.2   1   1   2.1e-35   7.6e-35  111.1   0.2     1    64  2273  2336  2273  2336 0.99 -
Cluster_38_aln       -             70 MH979231.1           -           3899   5.9e-35  111.3   1.6   1   1   1.6e-35   5.9e-35  111.3   1.6     2    70  1064  1132  1063  1132 0.98 -
Cluster_11_aln       -            627 MH979231.1           -           3899   4.4e-34  109.9   3.8   1   1   1.9e-34   6.9e-34  109.2   3.8    48   479  1649  2110  1632  2118 0.73 -
Cluster_58_aln       -            487 MH979231.1           -           3899   2.2e-32  104.2   0.1   1   1   1.1e-32     4e-32  103.3   0.1     1   478  2684  3166  2684  3176 0.80 -
Cluster_57_aln       -            456 MH979231.1           -           3899   2.8e-28   90.9   9.1   1   1   2.1e-28   7.6e-28   89.5   9.1    12   456  1144  1589  1134  1589 0.73 -
Cluster_10_aln       -            594 MH979231.1           -           3899     1e-21   69.1   0.0   1   1   4.9e-22   1.8e-21   68.3   0.0   114   399  3415  3707  3344  3718 0.82 -
Cluster_1_aln        -            621 MH979231.1           -           3899   3.3e-21   67.4   0.0   1   1   1.5e-21   5.7e-21   66.6   0.0   110   468  1724  2101  1697  2120 0.76 -
Cluster_19_aln       -            569 MH979231.1           -           3899   9.4e-17   52.6   0.0   1   1   4.2e-17   1.5e-16   51.9   0.0    44   323  3349  3642  3333  3759 0.74 -
Cluster_61_aln       -            220 MH979231.1           -           3899   7.3e-14   44.1   0.1   1   1   3.7e-14   1.4e-13   43.2   0.1     3   216  2686  2894  2684  2897 0.88 -
Cluster_0_aln        -            903 MH979231.1           -           3899   1.5e-07   21.9   0.0   1   1   8.4e-07   3.1e-06   17.6   0.0   529   739  3519  3705  3485  3746 0.74 -
Cluster_20_aln       -            683 MH979232.1           -           3899         0 1365.7   0.1   1   1         0         0 1365.3   0.1     1   683  1590  2272  1590  2272 1.00 -
Cluster_18_aln       -            717 MH979232.1           -           3899         0 1323.5   2.0   1   1         0         0 1323.1   2.0     1   716  3181  3895  3181  3896 0.99 -
Cluster_36_aln       -            498 MH979232.1           -           3899  1.3e-249  821.0   0.2   1   1  5.1e-250  1.9e-249  820.5   0.2     1   498  2684  3180  2684  3180 0.99 -
Cluster_35_aln       -            454 MH979232.1           -           3899    7e-224  735.6   4.8   1   1  2.9e-224  1.1e-223  735.0   4.8     8   454  1144  1589  1138  1589 0.99 -
Cluster_23_aln       -            347 MH979232.1           -           3899  1.9e-189  621.2   1.9   1   1  5.1e-190  1.9e-189  621.2   1.9     2   347  2338  2683  2337  2683 1.00 -
Cluster_24_aln       -            374 MH979232.1           -           3899  7.5e-177  580.5   0.8   1   1  3.5e-177  1.3e-176  579.7   0.8     2   373   691  1061   690  1062 0.99 -
Cluster_26_aln       -            227 MH979232.1           -           3899  2.3e-121  395.9   2.2   1   1  1.5e-121  5.5e-121  394.6   2.2     1   227   268   494   268   494 0.99 -
Cluster_27_aln       -            198 MH979232.1           -           3899   4.3e-99  322.5   0.1   1   1   2.9e-99   1.1e-98  321.2   0.1     2   198   496   689   495   689 0.99 -
Cluster_32_aln       -            168 MH979232.1           -           3899   1.1e-85  277.7   0.0   1   1   6.4e-86   2.4e-85  276.6   0.0     1   168     1   168     1   168 1.00 -
Cluster_28_aln       -            101 MH979232.1           -           3899   5.2e-48  153.5   4.4   1   1     3e-48   1.1e-47  152.5   4.4     2   100   168   266   167   267 0.97 -
Cluster_21_aln       -            629 MH979232.1           -           3899   1.3e-36  118.2   2.1   1   1   6.5e-37   2.4e-36  117.3   2.1   103   480  1712  2109  1656  2116 0.77 -
Cluster_29_aln       -             64 MH979232.1           -           3899   2.1e-35  113.0   0.2   1   1   1.5e-35   5.6e-35  111.6   0.2     1    64  2273  2336  2273  2336 0.99 -
Cluster_38_aln       -             70 MH979232.1           -           3899   1.3e-34  110.1   2.0   1   1   3.7e-35   1.3e-34  110.1   2.0     2    70  1064  1132  1063  1132 0.98 -
Cluster_11_aln       -            627 MH979232.1           -           3899   1.5e-34  111.4   3.4   1   1   6.3e-35   2.3e-34  110.8   3.4    49   479  1650  2110  1632  2118 0.73 -
Cluster_58_aln       -            487 MH979232.1           -           3899   1.2e-32  105.0   0.1   1   1   6.2e-33   2.3e-32  104.1   0.1     1   478  2684  3166  2684  3176 0.80 -
Cluster_57_aln       -            456 MH979232.1           -           3899   1.6e-27   88.4   7.2   1   1   1.2e-27   4.3e-27   87.1   7.1   132   456  1257  1589  1140  1589 0.74 -
Cluster_10_aln       -            594 MH979232.1           -           3899   5.1e-22   70.1   0.1   1   1   2.4e-22   8.8e-22   69.3   0.1   116   400  3417  3708  3331  3719 0.79 -
Cluster_1_aln        -            621 MH979232.1           -           3899   1.4e-21   68.6   0.1   1   1   7.7e-22   2.8e-21   67.6   0.1   111   468  1725  2101  1707  2120 0.75 -
Cluster_19_aln       -            569 MH979232.1           -           3899   4.9e-19   60.2   0.0   1   1   2.2e-19   8.1e-19   59.4   0.0    42   413  3347  3749  3331  3762 0.75 -
Cluster_61_aln       -            220 MH979232.1           -           3899   8.5e-14   43.8   0.1   1   1   4.6e-14   1.7e-13   42.9   0.1     3   216  2686  2894  2684  2897 0.88 -
Cluster_0_aln        -            903 MH979232.1           -           3899   1.7e-09   28.4   0.0   1   1   1.1e-08     4e-08   23.8   0.0   522   780  3512  3745  3484  3754 0.78 -
Cluster_20_aln       -            683 LC388757.1           -           3899         0 1362.3   0.1   1   1         0         0 1361.8   0.1     1   683  1590  2272  1590  2272 1.00 -
Cluster_18_aln       -            717 LC388757.1           -           3899         0 1321.8   2.4   1   1         0         0 1321.3   2.4     1   716  3181  3895  3181  3896 0.99 -
Cluster_36_aln       -            498 LC388757.1           -           3899  3.2e-250  823.0   0.2   1   1  1.3e-250  4.6e-250  822.5   0.2     1   498  2684  3180  2684  3180 0.99 -
Cluster_35_aln       -            454 LC388757.1           -           3899  1.5e-224  737.8   6.2   1   1  6.1e-225  2.3e-224  737.2   6.2     7   454  1143  1589  1137  1589 0.99 -
Cluster_23_aln       -            347 LC388757.1           -           3899  3.7e-189  620.2   2.0   1   1    1e-189  3.7e-189  620.2   2.0     2   347  2338  2683  2337  2683 1.00 -
Cluster_24_aln       -            374 LC388757.1           -           3899  1.6e-173  569.6   0.1   1   1  7.9e-174  2.9e-173  568.7   0.1     2   373   691  1061   690  1062 0.99 -
Cluster_26_aln       -            227 LC388757.1           -           3899  1.1e-120  393.7   3.2   1   1  2.9e-121  1.1e-120  393.7   3.2     1   227   268   494   268   494 0.99 -
Cluster_27_aln       -            198 LC388757.1           -           3899   2.5e-99  323.3   0.1   1   1   1.7e-99   6.1e-99  322.0   0.1     2   198   496   689   495   689 0.99 -
Cluster_32_aln       -            168 LC388757.1           -           3899   2.7e-83  269.9   0.0   1   1   1.6e-83   5.9e-83  268.8   0.0     1   168     1   168     1   168 1.00 -
Cluster_28_aln       -            101 LC388757.1           -           3899   2.6e-48  154.5   4.6   1   1   1.5e-48   5.6e-48  153.5   4.6     2   100   168   266   167   267 0.97 -
Cluster_21_aln       -            629 LC388757.1           -           3899   2.2e-36  117.5   2.1   1   1   9.8e-37   3.6e-36  116.8   2.1   103   480  1712  2109  1656  2116 0.77 -
Cluster_38_aln       -             70 LC388757.1           -           3899   1.1e-35  113.6   1.5   1   1     3e-36   1.1e-35  113.6   1.5     2    70  1064  1132  1063  1132 0.98 -
Cluster_29_aln       -             64 LC388757.1           -           3899   2.1e-35  112.9   0.2   1   1   1.5e-35   5.6e-35  111.6   0.2     1    64  2273  2336  2273  2336 0.99 -
Cluster_11_aln       -            627 LC388757.1           -           3899   1.8e-34  111.1   3.5   1   1   7.7e-35   2.8e-34  110.5   3.5    49   479  1650  2110  1632  2118 0.73 -
Cluster_58_aln       -            487 LC388757.1           -           3899   9.7e-33  105.3   0.1   1   1     5e-33   1.8e-32  104.4   0.1     1   478  2684  3166  2684  3176 0.79 -
Cluster_57_aln       -            456 LC388757.1           -           3899   9.6e-27   85.9   8.7   1   1   8.2e-27     3e-26   84.3   8.8   128   456  1254  1589  1140  1589 0.72 -
Cluster_10_aln       -            594 LC388757.1           -           3899   5.6e-22   70.0   0.1   1   1   2.7e-22   9.9e-22   69.2   0.1    62   400  3366  3708  3333  3719 0.80 -
Cluster_1_aln        -            621 LC388757.1           -           3899   1.9e-21   68.2   0.1   1   1   9.1e-22   3.3e-21   67.4   0.1   111   468  1725  2101  1707  2120 0.75 -
Cluster_19_aln       -            569 LC388757.1           -           3899   4.7e-19   60.2   0.0   1   1   2.2e-19     8e-19   59.5   0.0    42   412  3347  3748  3331  3761 0.76 -
Cluster_61_aln       -            220 LC388757.1           -           3899   2.8e-13   42.2   0.1   1   1   1.5e-13   5.4e-13   41.2   0.1     3   216  2686  2894  2684  2897 0.89 -
Cluster_0_aln        -            903 LC388757.1           -           3899   3.3e-10   30.7   0.0   1   1   2.5e-09   9.1e-09   26.0   0.0   535   787  3525  3752  3508  3766 0.81 -
Cluster_20_aln       -            683 MF149061.1           -           3899         0 1367.1   0.1   1   1         0         0 1366.7   0.1     1   683  1590  2272  1590  2272 1.00 -
Cluster_18_aln       -            717 MF149061.1           -           3899         0 1315.3   0.6   1   1         0         0 1314.9   0.6     1   716  3181  3895  3181  3896 0.99 -
Cluster_36_aln       -            498 MF149061.1           -           3899  4.9e-248  815.8   0.4   1   1    2e-248  7.2e-248  815.3   0.4     1   498  2684  3180  2684  3180 0.99 -
Cluster_35_aln       -            454 MF149061.1           -           3899  1.7e-225  740.9   4.3   1   1    7e-226  2.6e-225  740.3   4.3     5   454  1141  1589  1137  1589 0.99 -
Cluster_23_aln       -            347 MF149061.1           -           3899  3.5e-188  617.0   1.7   1   1  9.7e-189  3.5e-188  617.0   1.7     2   347  2338  2683  2337  2683 1.00 -
Cluster_24_aln       -            374 MF149061.1           -           3899  2.9e-173  568.7   0.3   1   1  1.5e-173  5.6e-173  567.8   0.3     2   373   691  1061   690  1062 0.99 -
Cluster_26_aln       -            227 MF149061.1           -           3899  1.7e-120  393.1   3.1   1   1  4.5e-121  1.7e-120  393.1   3.1     1   227   268   494   268   494 0.99 -
Cluster_27_aln       -            198 MF149061.1           -           3899   1.5e-97  317.5   0.1   1   1   9.7e-98   3.6e-97  316.3   0.1     2   198   496   689   495   689 0.99 -
Cluster_32_aln       -            168 MF149061.1           -           3899   2.5e-85  276.6   0.0   1   1   1.5e-85   5.6e-85  275.4   0.0     1   168     1   168     1   168 1.00 -
Cluster_28_aln       -            101 MF149061.1           -           3899   4.4e-48  153.8   5.8   1   1   2.8e-48     1e-47  152.6   5.8     2   100   168   266   167   267 0.97 -
Cluster_21_aln       -            629 MF149061.1           -           3899   1.9e-36  117.7   2.6   1   1   8.4e-37   3.1e-36  117.0   2.6    99   480  1708  2109  1651  2116 0.77 -
Cluster_29_aln       -             64 MF149061.1           -           3899   2.2e-35  112.9   0.2   1   1   1.5e-35   5.6e-35  111.6   0.2     1    64  2273  2336  2273  2336 0.99 -
Cluster_38_aln       -             70 MF149061.1           -           3899   2.2e-35  112.6   1.7   1   1   1.7e-35   6.1e-35  111.2   1.7     2    70  1064  1132  1063  1132 0.98 -
Cluster_11_aln       -            627 MF149061.1           -           3899   3.2e-34  110.4   3.9   1   1   1.3e-34   4.9e-34  109.7   3.9    48   479  1649  2110  1632  2118 0.73 -
Cluster_58_aln       -            487 MF149061.1           -           3899   6.8e-34  109.1   0.2   1   1   3.4e-34   1.2e-33  108.3   0.2     1   478  2684  3166  2684  3175 0.81 -
Cluster_57_aln       -            456 MF149061.1           -           3899     4e-30   97.1   5.5   1   1   2.7e-30   9.7e-30   95.8   5.5   134   456  1259  1589  1139  1589 0.78 -
Cluster_10_aln       -            594 MF149061.1           -           3899   1.3e-22   72.1   0.1   1   1   6.3e-23   2.3e-22   71.3   0.1    60   400  3364  3708  3332  3719 0.79 -
Cluster_1_aln        -            621 MF149061.1           -           3899   2.5e-21   67.8   0.0   1   1   1.2e-21   4.3e-21   67.0   0.0   110   468  1724  2101  1697  2120 0.76 -
Cluster_19_aln       -            569 MF149061.1           -           3899   9.3e-20   62.6   0.0   1   1   4.1e-20   1.5e-19   61.8   0.0    41   413  3346  3749  3331  3762 0.75 -
Cluster_61_aln       -            220 MF149061.1           -           3899   2.4e-15   48.9   0.1   1   1   1.2e-15   4.5e-15   48.0   0.1     3   216  2686  2894  2684  2897 0.89 -
Cluster_0_aln        -            903 MF149061.1           -           3899   1.5e-09   28.5   0.0   1   1   9.3e-09   3.4e-08   24.1   0.0   522   782  3512  3747  3484  3762 0.79 -
Cluster_20_aln       -            683 MF149062.1           -           3899         0 1364.4   0.1   1   1         0         0 1364.0   0.1     1   683  1590  2272  1590  2272 1.00 -
Cluster_18_aln       -            717 MF149062.1           -           3899         0 1328.7   1.1   1   1         0         0 1328.3   1.1     1   716  3181  3895  3181  3896 0.99 -
Cluster_36_aln       -            498 MF149062.1           -           3899  6.1e-250  822.1   0.2   1   1  2.4e-250  8.9e-250  821.6   0.2     1   498  2684  3180  2684  3180 0.99 -
Cluster_35_aln       -            454 MF149062.1           -           3899  6.9e-225  738.9   5.0   1   1  2.7e-225    1e-224  738.4   5.0     5   454  1141  1589  1137  1589 0.99 -
Cluster_23_aln       -            347 MF149062.1           -           3899  3.5e-188  617.0   1.7   1   1  9.7e-189  3.5e-188  617.0   1.7     2   347  2338  2683  2337  2683 1.00 -
Cluster_24_aln       -            374 MF149062.1           -           3899  2.8e-175  575.3   0.2   1   1  1.5e-175  5.5e-175  574.4   0.2     2   373   691  1061   690  1062 0.99 -
Cluster_26_aln       -            227 MF149062.1           -           3899  1.7e-120  393.1   3.1   1   1  4.5e-121  1.7e-120  393.1   3.1     1   227   268   494   268   494 0.99 -
Cluster_27_aln       -            198 MF149062.1           -           3899   5.8e-99  322.1   0.1   1   1   3.6e-99   1.3e-98  320.9   0.1     2   198   496   689   495   689 0.99 -
Cluster_32_aln       -            168 MF149062.1           -           3899   1.3e-85  277.4   0.0   1   1   8.2e-86     3e-85  276.3   0.0     1   168     1   168     1   168 1.00 -
Cluster_28_aln       -            101 MF149062.1           -           3899   5.6e-48  153.4   4.9   1   1   3.7e-48   1.3e-47  152.2   4.9     2   100   168   266   167   267 0.97 -
Cluster_21_aln       -            629 MF149062.1           -           3899   2.2e-36  117.5   2.8   1   1     1e-36   3.7e-36  116.7   2.8    99   480  1708  2109  1651  2116 0.78 -
Cluster_29_aln       -             64 MF149062.1           -           3899   3.6e-35  112.2   0.2   1   1   2.5e-35   9.2e-35  110.9   0.2     1    64  2273  2336  2273  2336 0.99 -
Cluster_38_aln       -             70 MF149062.1           -           3899   4.7e-35  111.6   1.7   1   1   1.3e-35   4.7e-35  111.6   1.7     2    70  1064  1132  1063  1132 0.98 -
Cluster_11_aln       -            627 MF149062.1           -           3899   5.2e-34  109.7   4.4   1   1   2.2e-34   8.1e-34  109.0   4.4    48   479  1649  2110  1632  2118 0.74 -
Cluster_58_aln       -            487 MF149062.1           -           3899   6.2e-33  106.0   0.1   1   1     3e-33   1.1e-32  105.2   0.1     1   478  2684  3166  2684  3176 0.81 -
Cluster_57_aln       -            456 MF149062.1           -           3899   7.7e-30   96.1   6.3   1   1   5.2e-30   1.9e-29   94.8   6.3   134   456  1259  1589  1139  1589 0.78 -
Cluster_10_aln       -            594 MF149062.1           -           3899   3.7e-22   70.6   0.1   1   1   1.7e-22   6.4e-22   69.8   0.1    65   400  3369  3708  3336  3719 0.79 -
Cluster_1_aln        -            621 MF149062.1           -           3899   1.8e-21   68.2   0.1   1   1   8.7e-22   3.2e-21   67.4   0.1   110   468  1724  2101  1697  2120 0.76 -
Cluster_19_aln       -            569 MF149062.1           -           3899   2.1e-19   61.4   0.0   1   1   9.5e-20   3.5e-19   60.6   0.0    42   413  3347  3749  3332  3762 0.75 -
Cluster_61_aln       -            220 MF149062.1           -           3899   9.4e-15   47.0   0.0   1   1   4.9e-15   1.8e-14   46.0   0.0     3   216  2686  2894  2684  2897 0.89 -
Cluster_0_aln        -            903 MF149062.1           -           3899   1.3e-09   28.7   0.0   1   1   8.3e-09   3.1e-08   24.2   0.0   522   782  3512  3747  3484  3762 0.79 -
Cluster_20_aln       -            683 MF149063.1           -           3899         0 1367.1   0.1   1   1         0         0 1366.7   0.1     1   683  1590  2272  1590  2272 1.00 -
Cluster_18_aln       -            717 MF149063.1           -           3899         0 1328.0   1.3   1   1         0         0 1327.6   1.3     1   716  3181  3895  3181  3896 0.99 -
Cluster_36_aln       -            498 MF149063.1           -           3899  7.9e-249  818.4   0.3   1   1  3.2e-249  1.2e-248  817.9   0.3     1   498  2684  3180  2684  3180 0.99 -
Cluster_35_aln       -            454 MF149063.1           -           3899  7.9e-226  742.0   4.7   1   1  3.1e-226  1.1e-225  741.5   4.7     5   454  1141  1589  1137  1589 0.99 -
Cluster_23_aln       -            347 MF149063.1           -           3899  8.5e-188  615.7   1.4   1   1  2.3e-188  8.5e-188  615.7   1.4     2   347  2338  2683  2337  2683 1.00 -
Cluster_24_aln       -            374 MF149063.1           -           3899  2.3e-174  572.3   0.2   1   1  1.2e-174  4.3e-174  571.4   0.2     2   373   691  1061   690  1062 0.99 -
Cluster_26_aln       -            227 MF149063.1           -           3899  2.6e-120  392.4   3.1   1   1  7.2e-121  2.6e-120  392.4   3.1     1   227   268   494   268   494 0.99 -
Cluster_27_aln       -            198 MF149063.1           -           3899   5.9e-99  322.1   0.1   1   1   3.6e-99   1.3e-98  320.9   0.1     2   198   496   689   495   689 0.99 -
Cluster_32_aln       -            168 MF149063.1           -           3899   2.1e-85  276.8   0.0   1   1   1.3e-85   4.7e-85  275.7   0.0     1   168     1   168     1   168 1.00 -
Cluster_28_aln       -            101 MF149063.1           -           3899   1.2e-47  152.4   5.4   1   1   7.7e-48   2.8e-47  151.2   5.4     2   100   168   266   167   267 0.97 -
Cluster_21_aln       -            629 MF149063.1           -           3899   1.9e-36  117.7   2.6   1   1   8.4e-37   3.1e-36  117.0   2.6    99   480  1708  2109  1651  2116 0.77 -
Cluster_29_aln       -             64 MF149063.1           -           3899   2.2e-35  112.9   0.2   1   1   1.5e-35   5.6e-35  111.6   0.2     1    64  2273  2336  2273  2336 0.99 -
Cluster_38_aln       -             70 MF149063.1           -           3899   6.1e-35  111.2   1.7   1   1   1.7e-35   6.1e-35  111.2   1.7     2    70  1064  1132  1063  1132 0.98 -
Cluster_58_aln       -            487 MF149063.1           -           3899   2.6e-34  110.5   0.2   1   1   1.2e-34   4.5e-34  109.7   0.2     1   478  2684  3166  2684  3176 0.81 -
Cluster_11_aln       -            627 MF149063.1           -           3899   3.2e-34  110.4   3.9   1   1   1.3e-34   4.9e-34  109.7   3.9    48   479  1649  2110  1632  2118 0.73 -
Cluster_57_aln       -            456 MF149063.1           -           3899   8.4e-30   96.0   7.1   1   1   5.4e-30     2e-29   94.7   7.1    39   456  1174  1589  1140  1589 0.74 -
Cluster_10_aln       -            594 MF149063.1           -           3899   1.7e-22   71.7   0.1   1   1   8.3e-23     3e-22   70.9   0.1    62   400  3366  3708  3336  3719 0.79 -
Cluster_1_aln        -            621 MF149063.1           -           3899   2.5e-21   67.8   0.0   1   1   1.2e-21   4.3e-21   67.0   0.0   110   468  1724  2101  1697  2120 0.76 -
Cluster_19_aln       -            569 MF149063.1           -           3899   2.5e-19   61.1   0.0   1   1   1.1e-19   4.1e-19   60.4   0.0    42   413  3347  3749  3332  3762 0.74 -
Cluster_61_aln       -            220 MF149063.1           -           3899   2.1e-15   49.1   0.1   1   1   1.1e-15     4e-15   48.2   0.1     3   216  2686  2894  2684  2897 0.90 -
Cluster_0_aln        -            903 MF149063.1           -           3899     1e-09   29.1   0.0   1   1   6.8e-09   2.5e-08   24.5   0.0   522   782  3512  3747  3484  3762 0.79 -
Cluster_20_aln       -            683 MF679604.1           -           3899         0 1366.4   0.1   1   1         0         0 1366.0   0.1     1   683  1590  2272  1590  2272 1.00 -
Cluster_18_aln       -            717 MF679604.1           -           3899         0 1324.2   2.0   1   1         0         0 1323.8   2.0     1   716  3181  3895  3181  3896 0.99 -
Cluster_36_aln       -            498 MF679604.1           -           3899  7.6e-246  808.6   0.1   1   1  2.9e-246  1.1e-245  808.1   0.1     1   498  2684  3180  2684  3180 0.99 -
Cluster_35_aln       -            454 MF679604.1           -           3899    7e-225  738.9   7.3   1   1  2.9e-225    1e-224  738.3   7.3     8   454  1144  1589  1139  1589 0.99 -
Cluster_23_aln       -            347 MF679604.1           -           3899  5.1e-189  619.8   1.5   1   1  1.4e-189  5.1e-189  619.8   1.5     2   347  2338  2683  2337  2683 1.00 -
Cluster_24_aln       -            374 MF679604.1           -           3899  6.8e-174  570.8   0.1   1   1  3.8e-174  1.4e-173  569.7   0.1     2   373   691  1061   690  1062 0.99 -
Cluster_26_aln       -            227 MF679604.1           -           3899  4.9e-121  394.8   2.9   1   1  3.2e-121  1.2e-120  393.6   2.9     1   227   268   494   268   494 0.99 -
Cluster_27_aln       -            198 MF679604.1           -           3899   3.9e-98  319.4   0.1   1   1   2.3e-98   8.6e-98  318.3   0.1     2   198   496   689   495   689 0.99 -
Cluster_32_aln       -            168 MF679604.1           -           3899   9.8e-85  274.6   0.0   1   1   6.2e-85   2.3e-84  273.4   0.0     1   168     1   168     1   168 1.00 -
Cluster_28_aln       -            101 MF679604.1           -           3899   3.1e-48  154.3   6.6   1   1   1.8e-48   6.6e-48  153.2   6.6     2   100   168   266   167   267 0.97 -
Cluster_21_aln       -            629 MF679604.1           -           3899   2.2e-36  117.5   2.5   1   1     1e-36   3.7e-36  116.7   2.5    99   480  1708  2109  1651  2116 0.77 -
Cluster_29_aln       -             64 MF679604.1           -           3899   2.2e-35  112.9   0.2   1   1   1.5e-35   5.6e-35  111.6   0.2     1    64  2273  2336  2273  2336 0.99 -
Cluster_38_aln       -             70 MF679604.1           -           3899   1.7e-34  109.8   1.9   1   1   4.7e-35   1.7e-34  109.8   1.9     2    70  1064  1132  1063  1132 0.98 -
Cluster_11_aln       -            627 MF679604.1           -           3899   3.5e-34  110.2   3.8   1   1   1.5e-34   5.5e-34  109.6   3.8    48   479  1649  2110  1632  2118 0.73 -
Cluster_58_aln       -            487 MF679604.1           -           3899   1.9e-32  104.4   0.0   1   1   8.8e-33   3.2e-32  103.6   0.0     1   478  2684  3166  2684  3176 0.82 -
Cluster_57_aln       -            456 MF679604.1           -           3899     2e-28   91.4   6.8   1   1   1.2e-28   4.3e-28   90.4   6.8    20   456  1152  1589  1140  1589 0.72 -
Cluster_10_aln       -            594 MF679604.1           -           3899     1e-22   72.4   0.1   1   1   5.1e-23   1.9e-22   71.6   0.1    63   400  3367  3708  3312  3719 0.80 -
Cluster_1_aln        -            621 MF679604.1           -           3899   2.9e-21   67.6   0.0   1   1   1.3e-21   4.9e-21   66.8   0.0   110   468  1724  2101  1697  2120 0.76 -
Cluster_19_aln       -            569 MF679604.1           -           3899   2.2e-19   61.3   0.0   1   1   9.6e-20   3.5e-19   60.6   0.0    42   413  3347  3749  3330  3762 0.75 -
Cluster_61_aln       -            220 MF679604.1           -           3899   3.3e-13   41.9   0.0   1   1   1.7e-13   6.3e-13   41.0   0.0     3   216  2686  2894  2684  2897 0.89 -
Cluster_0_aln        -            903 MF679604.1           -           3899   7.7e-10   29.5   0.0   1   1   4.9e-09   1.8e-08   25.0   0.0   522   782  3512  3747  3484  3761 0.79 -
Cluster_20_aln       -            683 MF150640.1           -           3899         0 1364.7   0.1   1   1         0         0 1364.3   0.1     1   683  1590  2272  1590  2272 1.00 -
Cluster_18_aln       -            717 MF150640.1           -           3899         0 1327.3   1.4   1   1         0         0 1326.9   1.4     1   716  3181  3895  3181  3896 0.99 -
Cluster_36_aln       -            498 MF150640.1           -           3899  3.5e-248  816.3   0.3   1   1  1.4e-248    5e-248  815.8   0.3     1   498  2684  3180  2684  3180 0.99 -
Cluster_35_aln       -            454 MF150640.1           -           3899  1.3e-224  738.0   4.6   1   1  5.4e-225    2e-224  737.4   4.6     5   454  1141  1589  1137  1589 0.99 -
Cluster_23_aln       -            347 MF150640.1           -           3899  1.3e-188  618.5   1.2   1   1  3.4e-189  1.3e-188  618.5   1.2     2   347  2338  2683  2337  2683 1.00 -
Cluster_24_aln       -            374 MF150640.1           -           3899  4.5e-174  571.3   0.2   1   1  2.4e-174  8.9e-174  570.4   0.2     2   373   691  1061   690  1062 0.99 -
Cluster_26_aln       -            227 MF150640.1           -           3899  8.1e-121  394.1   3.0   1   1  4.4e-121  1.6e-120  393.1   3.0     1   227   268   494   268   494 0.99 -
Cluster_27_aln       -            198 MF150640.1           -           3899   9.1e-99  321.5   0.2   1   1   6.1e-99   2.2e-98  320.2   0.2     2   198   496   689   495   689 0.99 -
Cluster_32_aln       -            168 MF150640.1           -           3899     4e-86  279.1   0.0   1   1   2.4e-86   8.8e-86  278.0   0.0     1   168     1   168     1   168 1.00 -
Cluster_28_aln       -            101 MF150640.1           -           3899   1.6e-47  152.0   5.2   1   1   9.7e-48   3.5e-47  150.9   5.2     2   100   168   266   167   267 0.97 -
Cluster_21_aln       -            629 MF150640.1           -           3899   2.2e-36  117.4   2.5   1   1     1e-36   3.7e-36  116.7   2.5    99   480  1708  2109  1651  2116 0.77 -
Cluster_29_aln       -             64 MF150640.1           -           3899   2.2e-35  112.9   0.2   1   1   1.5e-35   5.6e-35  111.6   0.2     1    64  2273  2336  2273  2336 0.99 -
Cluster_38_aln       -             70 MF150640.1           -           3899   2.1e-34  109.5   1.7   1   1   5.7e-35   2.1e-34  109.5   1.7     2    70  1064  1132  1063  1132 0.98 -
Cluster_11_aln       -            627 MF150640.1           -           3899   3.5e-34  110.2   3.8   1   1   1.5e-34   5.5e-34  109.6   3.8    48   479  1649  2110  1632  2118 0.73 -
Cluster_58_aln       -            487 MF150640.1           -           3899   3.3e-32  103.6   0.1   1   1   1.6e-32   5.9e-32  102.8   0.1     1   478  2684  3166  2684  3176 0.79 -
Cluster_57_aln       -            456 MF150640.1           -           3899   4.5e-28   90.3   7.2   1   1   3.4e-28   1.2e-27   88.8   7.2    19   456  1151  1589  1139  1589 0.71 -
Cluster_10_aln       -            594 MF150640.1           -           3899   1.1e-22   72.3   0.1   1   1   5.3e-23   1.9e-22   71.5   0.1    65   400  3369  3708  3336  3719 0.79 -
Cluster_1_aln        -            621 MF150640.1           -           3899   2.9e-21   67.6   0.0   1   1   1.3e-21   4.9e-21   66.8   0.0   110   468  1724  2101  1697  2120 0.76 -
Cluster_19_aln       -            569 MF150640.1           -           3899   1.5e-19   61.9   0.0   1   1   6.7e-20   2.4e-19   61.2   0.0    42   413  3347  3749  3332  3762 0.75 -
Cluster_61_aln       -            220 MF150640.1           -           3899   8.5e-14   43.8   0.0   1   1   4.5e-14   1.6e-13   42.9   0.0     3   216  2686  2894  2684  2897 0.89 -
Cluster_0_aln        -            903 MF150640.1           -           3899   5.7e-10   29.9   0.0   1   1   3.6e-09   1.3e-08   25.4   0.0   522   782  3512  3747  3484  3762 0.79 -
Cluster_20_aln       -            683 MF150641.1           -           3899         0 1366.2   0.1   1   1         0         0 1365.8   0.1     1   683  1590  2272  1590  2272 1.00 -
Cluster_18_aln       -            717 MF150641.1           -           3899         0 1330.5   1.5   1   1         0         0 1330.1   1.5     1   716  3181  3895  3181  3896 0.99 -
Cluster_36_aln       -            498 MF150641.1           -           3899  2.5e-248  816.8   0.2   1   1  9.8e-249  3.6e-248  816.3   0.2     1   498  2684  3180  2684  3180 0.99 -
Cluster_35_aln       -            454 MF150641.1           -           3899  8.8e-225  738.6   3.7   1   1  3.6e-225  1.3e-224  738.0   3.7     5   454  1141  1589  1137  1589 0.99 -
Cluster_23_aln       -            347 MF150641.1           -           3899  6.1e-189  619.5   1.9   1   1  1.7e-189  6.1e-189  619.5   1.9     2   347  2338  2683  2337  2683 1.00 -
Cluster_24_aln       -            374 MF150641.1           -           3899  5.4e-174  571.1   0.1   1   1  2.9e-174  1.1e-173  570.1   0.1     2   373   691  1061   690  1062 0.99 -
Cluster_26_aln       -            227 MF150641.1           -           3899  1.8e-120  392.9   2.8   1   1  1.1e-120    4e-120  391.8   2.8     1   227   268   494   268   494 0.99 -
Cluster_27_aln       -            198 MF150641.1           -           3899   4.4e-99  322.5   0.2   1   1   2.9e-99   1.1e-98  321.2   0.2     2   198   496   689   495   689 0.99 -
Cluster_32_aln       -            168 MF150641.1           -           3899   3.2e-86  279.5   0.0   1   1   1.9e-86     7e-86  278.3   0.0     1   168     1   168     1   168 1.00 -
Cluster_28_aln       -            101 MF150641.1           -           3899   7.9e-48  153.0   6.0   1   1   4.7e-48   1.7e-47  151.9   6.0     2   100   168   266   167   267 0.97 -
Cluster_21_aln       -            629 MF150641.1           -           3899   2.3e-36  117.4   2.5   1   1     1e-36   3.7e-36  116.7   2.5    99   480  1708  2109  1651  2116 0.77 -
Cluster_29_aln       -             64 MF150641.1           -           3899   2.2e-35  112.9   0.2   1   1   1.5e-35   5.6e-35  111.6   0.2     1    64  2273  2336  2273  2336 0.99 -
Cluster_38_aln       -             70 MF150641.1           -           3899   2.1e-34  109.5   1.7   1   1   5.7e-35   2.1e-34  109.5   1.7     2    70  1064  1132  1063  1132 0.98 -
Cluster_11_aln       -            627 MF150641.1           -           3899   3.5e-34  110.2   3.8   1   1   1.5e-34   5.5e-34  109.6   3.8    48   479  1649  2110  1632  2118 0.73 -
Cluster_58_aln       -            487 MF150641.1           -           3899   4.5e-32  103.2   0.1   1   1   2.2e-32   8.2e-32  102.3   0.1     1   478  2684  3166  2684  3176 0.79 -
Cluster_57_aln       -            456 MF150641.1           -           3899   2.8e-28   91.0   5.2   1   1     2e-28   7.3e-28   89.6   5.2   134   456  1259  1589  1137  1589 0.76 -
Cluster_10_aln       -            594 MF150641.1           -           3899   6.1e-23   73.2   0.1   1   1   2.9e-23   1.1e-22   72.4   0.1    64   400  3368  3708  3336  3719 0.79 -
Cluster_1_aln        -            621 MF150641.1           -           3899   2.9e-21   67.6   0.0   1   1   1.3e-21   4.9e-21   66.8   0.0   110   468  1724  2101  1697  2120 0.76 -
Cluster_19_aln       -            569 MF150641.1           -           3899   1.2e-19   62.2   0.0   1   1   5.4e-20     2e-19   61.5   0.0    42   413  3347  3749  3332  3762 0.75 -
Cluster_61_aln       -            220 MF150641.1           -           3899     1e-13   43.5   0.0   1   1   5.7e-14   2.1e-13   42.6   0.0     3   216  2686  2894  2684  2897 0.89 -
Cluster_0_aln        -            903 MF150641.1           -           3899     8e-10   29.5   0.0   1   1   4.9e-09   1.8e-08   25.0   0.0   522   782  3512  3747  3484  3761 0.79 -
Cluster_20_aln       -            683 MF150644.1           -           3899         0 1366.2   0.1   1   1         0         0 1365.8   0.1     1   683  1590  2272  1590  2272 1.00 -
Cluster_18_aln       -            717 MF150644.1           -           3899         0 1331.5   1.6   1   1         0         0 1331.1   1.6     1   716  3181  3895  3181  3896 0.99 -
Cluster_36_aln       -            498 MF150644.1           -           3899  5.5e-247  812.4   0.2   1   1  2.1e-247  7.8e-247  811.8   0.2     1   498  2684  3180  2684  3180 0.99 -
Cluster_35_aln       -            454 MF150644.1           -           3899    1e-223  735.1   3.8   1   1  4.2e-224  1.5e-223  734.5   3.8     5   454  1141  1589  1137  1589 0.99 -
Cluster_23_aln       -            347 MF150644.1           -           3899  8.4e-189  619.1   1.2   1   1  2.3e-189  8.4e-189  619.1   1.2     2   347  2338  2683  2337  2683 1.00 -
Cluster_24_aln       -            374 MF150644.1           -           3899  8.3e-175  573.8   0.4   1   1  4.4e-175  1.6e-174  572.8   0.4     2   373   691  1061   690  1062 0.99 -
Cluster_26_aln       -            227 MF150644.1           -           3899  7.5e-121  394.2   3.0   1   1  4.4e-121  1.6e-120  393.1   3.0     1   227   268   494   268   494 0.99 -
Cluster_27_aln       -            198 MF150644.1           -           3899   7.1e-99  321.8   0.2   1   1   4.5e-99   1.6e-98  320.6   0.2     2   198   496   689   495   689 0.99 -
Cluster_32_aln       -            168 MF150644.1           -           3899   6.7e-86  278.4   0.0   1   1     4e-86   1.5e-85  277.3   0.0     1   168     1   168     1   168 1.00 -
Cluster_28_aln       -            101 MF150644.1           -           3899   2.8e-48  154.4   6.4   1   1   1.7e-48   6.2e-48  153.3   6.4     2   100   168   266   167   267 0.97 -
Cluster_21_aln       -            629 MF150644.1           -           3899   2.2e-36  117.4   2.5   1   1     1e-36   3.7e-36  116.7   2.5    99   480  1708  2109  1651  2116 0.77 -
Cluster_29_aln       -             64 MF150644.1           -           3899   1.9e-35  113.0   0.2   1   1   1.5e-35   5.6e-35  111.6   0.2     1    64  2273  2336  2273  2336 0.99 -
Cluster_11_aln       -            627 MF150644.1           -           3899   3.5e-34  110.2   3.8   1   1   1.5e-34   5.5e-34  109.6   3.8    48   479  1649  2110  1632  2118 0.73 -
Cluster_38_aln       -             70 MF150644.1           -           3899   6.4e-33  104.7   1.4   1   1   1.7e-33   6.4e-33  104.7   1.4     2    70  1064  1132  1063  1132 0.98 -
Cluster_58_aln       -            487 MF150644.1           -           3899   8.9e-33  105.5   0.1   1   1   4.6e-33   1.7e-32  104.6   0.1     1   478  2684  3166  2684  3176 0.79 -
Cluster_57_aln       -            456 MF150644.1           -           3899   3.4e-27   87.4   6.3   1   1   2.5e-27   9.1e-27   86.0   6.3    19   456  1151  1589  1136  1589 0.71 -
Cluster_10_aln       -            594 MF150644.1           -           3899   6.6e-23   73.1   0.1   1   1   3.2e-23   1.2e-22   72.2   0.1    64   400  3368  3708  3336  3719 0.79 -
Cluster_1_aln        -            621 MF150644.1           -           3899   2.9e-21   67.6   0.0   1   1   1.3e-21   4.9e-21   66.8   0.0   110   468  1724  2101  1697  2120 0.76 -
Cluster_19_aln       -            569 MF150644.1           -           3899   1.2e-19   62.2   0.0   1   1   5.5e-20     2e-19   61.4   0.0    42   413  3347  3749  3332  3762 0.75 -
Cluster_61_aln       -            220 MF150644.1           -           3899   1.7e-13   42.9   0.0   1   1   8.9e-14   3.3e-13   41.9   0.0     3   216  2686  2894  2684  2897 0.89 -
Cluster_0_aln        -            903 MF150644.1           -           3899   5.7e-10   29.9   0.0   1   1   3.6e-09   1.3e-08   25.4   0.0   522   782  3512  3747  3484  3762 0.79 -
Cluster_20_aln       -            683 MF150646.1           -           3899         0 1363.1   0.1   1   1         0         0 1362.7   0.1     1   683  1590  2272  1590  2272 1.00 -
Cluster_18_aln       -            717 MF150646.1           -           3899         0 1328.8   1.6   1   1         0         0 1328.4   1.6     1   716  3181  3895  3181  3896 0.99 -
Cluster_36_aln       -            498 MF150646.1           -           3899  4.9e-247  812.5   0.1   1   1  1.9e-247    7e-247  812.0   0.1     1   498  2684  3180  2684  3180 1.00 -
Cluster_35_aln       -            454 MF150646.1           -           3899  2.5e-224  737.1   4.6   1   1    1e-224  3.7e-224  736.5   4.6     5   454  1141  1589  1137  1589 0.99 -
Cluster_23_aln       -            347 MF150646.1           -           3899  1.2e-187  615.3   1.4   1   1  3.2e-188  1.2e-187  615.3   1.4     2   347  2338  2683  2337  2683 1.00 -
Cluster_24_aln       -            374 MF150646.1           -           3899  3.5e-175  575.0   0.3   1   1  1.8e-175  6.7e-175  574.1   0.3     2   373   691  1061   690  1062 0.99 -
Cluster_26_aln       -            227 MF150646.1           -           3899  1.5e-120  393.2   3.0   1   1  9.2e-121  3.4e-120  392.0   3.0     1   227   268   494   268   494 0.99 -
Cluster_27_aln       -            198 MF150646.1           -           3899     1e-98  321.3   0.2   1   1   6.8e-99   2.5e-98  320.0   0.2     2   198   496   689   495   689 0.99 -
Cluster_32_aln       -            168 MF150646.1           -           3899     7e-86  278.4   0.0   1   1   5.1e-86   1.9e-85  276.9   0.0     1   168     1   168     1   168 1.00 -
Cluster_28_aln       -            101 MF150646.1           -           3899   7.9e-48  153.0   6.0   1   1   4.7e-48   1.7e-47  151.9   6.0     2   100   168   266   167   267 0.97 -
Cluster_21_aln       -            629 MF150646.1           -           3899   1.1e-35  115.1   2.8   1   1   5.1e-36   1.9e-35  114.4   2.8    99   480  1708  2109  1651  2116 0.77 -
Cluster_29_aln       -             64 MF150646.1           -           3899   2.2e-35  112.9   0.2   1   1   1.5e-35   5.6e-35  111.6   0.2     1    64  2273  2336  2273  2336 0.99 -
Cluster_38_aln       -             70 MF150646.1           -           3899   2.1e-34  109.5   1.7   1   1   5.7e-35   2.1e-34  109.5   1.7     2    70  1064  1132  1063  1132 0.98 -
Cluster_11_aln       -            627 MF150646.1           -           3899   1.2e-33  108.5   4.3   1   1     5e-34   1.8e-33  107.8   4.3    48   479  1649  2110  1632  2118 0.73 -
Cluster_58_aln       -            487 MF150646.1           -           3899   4.3e-31   99.9   0.0   1   1   2.3e-31   8.3e-31   99.0   0.0     1   478  2684  3166  2684  3176 0.78 -
Cluster_57_aln       -            456 MF150646.1           -           3899   1.2e-27   88.9   6.8   1   1   8.5e-28   3.1e-27   87.5   6.8    20   456  1152  1589  1140  1589 0.71 -
Cluster_10_aln       -            594 MF150646.1           -           3899     5e-23   73.5   0.1   1   1   2.4e-23     9e-23   72.6   0.1    64   400  3368  3708  3336  3719 0.79 -
Cluster_1_aln        -            621 MF150646.1           -           3899     8e-21   66.1   0.0   1   1   3.7e-21   1.4e-20   65.3   0.0   110   468  1724  2101  1697  2120 0.76 -
Cluster_19_aln       -            569 MF150646.1           -           3899   1.9e-19   61.5   0.0   1   1   8.3e-20   3.1e-19   60.8   0.0    42   413  3347  3749  3332  3762 0.75 -
Cluster_61_aln       -            220 MF150646.1           -           3899   6.4e-14   44.2   0.0   1   1   3.3e-14   1.2e-13   43.3   0.0     3   216  2686  2894  2684  2897 0.89 -
Cluster_0_aln        -            903 MF150646.1           -           3899   5.6e-10   30.0   0.0   1   1   3.5e-09   1.3e-08   25.4   0.0   522   783  3512  3748  3484  3765 0.78 -
Cluster_20_aln       -            683 KX870109.1           -           3899         0 1366.8   0.1   1   1         0         0 1366.4   0.1     1   683  1590  2272  1590  2272 1.00 -
Cluster_18_aln       -            717 KX870109.1           -           3899         0 1327.7   1.9   1   1         0         0 1327.3   1.9     1   716  3181  3895  3181  3896 0.99 -
Cluster_36_aln       -            498 KX870109.1           -           3899  1.1e-248  818.0   0.4   1   1  4.3e-249  1.6e-248  817.5   0.4     1   498  2684  3180  2684  3180 0.99 -
Cluster_35_aln       -            454 KX870109.1           -           3899  1.1e-224  738.2   4.9   1   1  4.7e-225  1.7e-224  737.6   4.9     5   454  1141  1589  1137  1589 0.99 -
Cluster_23_aln       -            347 KX870109.1           -           3899  4.4e-189  620.0   1.5   1   1  1.2e-189  4.4e-189  620.0   1.5     2   347  2338  2683  2337  2683 1.00 -
Cluster_24_aln       -            374 KX870109.1           -           3899  1.7e-174  572.7   0.2   1   1  9.2e-175  3.4e-174  571.8   0.2     2   373   691  1061   690  1062 0.99 -
Cluster_26_aln       -            227 KX870109.1           -           3899  4.5e-121  394.9   3.2   1   1  2.7e-121  9.8e-121  393.8   3.2     1   227   268   494   268   494 0.99 -
Cluster_27_aln       -            198 KX870109.1           -           3899   6.5e-99  321.9   0.2   1   1   4.5e-99   1.6e-98  320.6   0.2     2   198   496   689   495   689 0.99 -
Cluster_32_aln       -            168 KX870109.1           -           3899   1.2e-84  274.4   0.0   1   1     7e-85   2.6e-84  273.3   0.0     1   168     1   168     1   168 1.00 -
Cluster_28_aln       -            101 KX870109.1           -           3899   8.7e-48  152.8   5.8   1   1   5.2e-48   1.9e-47  151.7   5.8     2   100   168   266   167   267 0.96 -
Cluster_21_aln       -            629 KX870109.1           -           3899   1.3e-36  118.2   2.6   1   1     6e-37   2.2e-36  117.4   2.6    99   480  1708  2109  1651  2116 0.78 -
Cluster_29_aln       -             64 KX870109.1           -           3899   2.2e-35  112.9   0.2   1   1   1.5e-35   5.6e-35  111.6   0.2     1    64  2273  2336  2273  2336 0.99 -
Cluster_38_aln       -             70 KX870109.1           -           3899   2.1e-34  109.5   1.7   1   1   5.7e-35   2.1e-34  109.5   1.7     2    70  1064  1132  1063  1132 0.98 -
Cluster_11_aln       -            627 KX870109.1           -           3899   3.1e-34  110.4   3.9   1   1   1.3e-34   4.9e-34  109.7   3.9    48   479  1649  2110  1632  2118 0.73 -
Cluster_58_aln       -            487 KX870109.1           -           3899   2.9e-33  107.1   0.2   1   1   1.4e-33   5.2e-33  106.2   0.2     1   478  2684  3166  2684  3176 0.80 -
Cluster_57_aln       -            456 KX870109.1           -           3899   3.6e-28   90.6   8.0   1   1   2.7e-28   9.9e-28   89.1   8.0    16   456  1148  1589  1138  1589 0.74 -
Cluster_10_aln       -            594 KX870109.1           -           3899   1.1e-22   72.3   0.1   1   1   5.2e-23   1.9e-22   71.5   0.1   113   400  3414  3708  3342  3719 0.82 -
Cluster_1_aln        -            621 KX870109.1           -           3899   2.1e-21   68.0   0.0   1   1   9.7e-22   3.6e-21   67.3   0.0   110   468  1724  2101  1697  2120 0.76 -
Cluster_19_aln       -            569 KX870109.1           -           3899   3.6e-19   60.6   0.0   1   1   1.6e-19   5.9e-19   59.9   0.0    43   413  3348  3749  3332  3762 0.74 -
Cluster_61_aln       -            220 KX870109.1           -           3899   2.1e-14   45.8   0.1   1   1   1.1e-14     4e-14   44.9   0.1     3   216  2686  2894  2684  2897 0.90 -
Cluster_0_aln        -            903 KX870109.1           -           3899   6.1e-10   29.8   0.0   1   1     4e-09   1.5e-08   25.3   0.0   522   782  3512  3747  3484  3762 0.78 -
Cluster_20_aln       -            683 LT593748.1           -           3899         0 1364.4   0.1   1   1         0         0 1364.0   0.1     1   683  1590  2272  1590  2272 1.00 -
Cluster_18_aln       -            717 LT593748.1           -           3899         0 1326.5   1.3   1   1         0         0 1326.1   1.3     1   716  3181  3895  3181  3896 0.99 -
Cluster_36_aln       -            498 LT593748.1           -           3899  7.4e-250  821.8   0.4   1   1  2.9e-250  1.1e-249  821.3   0.4     1   498  2684  3180  2684  3180 0.99 -
Cluster_35_aln       -            454 LT593748.1           -           3899  1.8e-222  730.9   6.9   1   1  7.6e-223  2.8e-222  730.3   6.9     8   454  1144  1589  1138  1589 0.99 -
Cluster_23_aln       -            347 LT593748.1           -           3899  3.5e-189  620.3   1.7   1   1  9.6e-190  3.5e-189  620.3   1.7     2   347  2338  2683  2337  2683 1.00 -
Cluster_24_aln       -            374 LT593748.1           -           3899  1.4e-175  576.3   0.4   1   1  6.6e-176  2.4e-175  575.5   0.4     2   373   691  1061   690  1062 0.99 -
Cluster_26_aln       -            227 LT593748.1           -           3899  6.2e-122  397.7   3.5   1   1  3.2e-122  1.2e-121  396.8   3.5     1   227   268   494   268   494 0.99 -
Cluster_27_aln       -            198 LT593748.1           -           3899  5.1e-100  325.6   0.3   1   1  3.6e-100   1.3e-99  324.2   0.3     2   198   496   689   495   689 0.99 -
Cluster_32_aln       -            168 LT593748.1           -           3899   4.9e-86  278.9   0.0   1   1     3e-86   1.1e-85  277.7   0.0     1   168     1   168     1   168 1.00 -
Cluster_28_aln       -            101 LT593748.1           -           3899   4.6e-48  153.7   5.3   1   1     3e-48   1.1e-47  152.5   5.3     1   100   167   266   167   267 0.97 -
Cluster_21_aln       -            629 LT593748.1           -           3899   4.4e-36  116.5   2.5   1   1   1.9e-36   7.1e-36  115.8   2.5    99   480  1708  2109  1651  2116 0.77 -
Cluster_38_aln       -             70 LT593748.1           -           3899   1.1e-35  113.6   1.7   1   1   3.1e-36   1.1e-35  113.6   1.7     2    70  1064  1132  1063  1132 0.98 -
Cluster_29_aln       -             64 LT593748.1           -           3899   2.2e-35  112.9   0.2   1   1   1.5e-35   5.6e-35  111.6   0.2     1    64  2273  2336  2273  2336 0.99 -
Cluster_11_aln       -            627 LT593748.1           -           3899   1.6e-34  111.3   3.8   1   1     7e-35   2.6e-34  110.7   3.8    48   479  1649  2110  1632  2118 0.73 -
Cluster_58_aln       -            487 LT593748.1           -           3899   2.7e-32  103.8   0.1   1   1   1.5e-32   5.4e-32  102.9   0.1     1   478  2684  3166  2684  3176 0.79 -
Cluster_57_aln       -            456 LT593748.1           -           3899     6e-27   86.6   8.6   1   1   6.2e-27   2.3e-26   84.7   8.7   143   456  1268  1589  1144  1589 0.75 -
Cluster_10_aln       -            594 LT593748.1           -           3899   3.6e-24   77.2   0.1   1   1   1.8e-24   6.5e-24   76.4   0.1    65   400  3369  3708  3338  3719 0.79 -
Cluster_1_aln        -            621 LT593748.1           -           3899   1.1e-21   69.0   0.1   1   1   5.7e-22   2.1e-21   68.0   0.1   110   468  1724  2101  1697  2120 0.75 -
Cluster_19_aln       -            569 LT593748.1           -           3899     5e-21   66.7   0.0   1   1   2.2e-21   8.1e-21   66.0   0.0    42   413  3347  3749  3332  3762 0.75 -
Cluster_61_aln       -            220 LT593748.1           -           3899   1.2e-13   43.3   0.1   1   1   6.3e-14   2.3e-13   42.4   0.1     3   216  2686  2894  2684  2897 0.89 -
Cluster_0_aln        -            903 LT593748.1           -           3899   3.2e-10   30.8   0.0   1   1     2e-09   7.5e-09   26.2   0.0   522   782  3512  3747  3484  3762 0.79 -
Cluster_20_aln       -            683 LT593749.1           -           3899         0 1364.4   0.1   1   1         0         0 1364.0   0.1     1   683  1590  2272  1590  2272 1.00 -
Cluster_18_aln       -            717 LT593749.1           -           3899         0 1323.6   1.1   1   1         0         0 1323.2   1.1     1   716  3181  3895  3181  3896 0.99 -
Cluster_36_aln       -            498 LT593749.1           -           3899  2.8e-250  823.2   0.3   1   1  1.1e-250    4e-250  822.7   0.3     1   498  2684  3180  2684  3180 0.99 -
Cluster_35_aln       -            454 LT593749.1           -           3899  4.5e-221  726.4   7.8   1   1  1.9e-221  6.9e-221  725.7   7.8     8   454  1144  1589  1138  1589 0.99 -
Cluster_23_aln       -            347 LT593749.1           -           3899  8.3e-189  619.1   1.7   1   1  2.3e-189  8.3e-189  619.1   1.7     2   347  2338  2683  2337  2683 1.00 -
Cluster_24_aln       -            374 LT593749.1           -           3899  5.9e-175  574.2   0.2   1   1  2.9e-175  1.1e-174  573.4   0.2     2   373   691  1061   690  1062 0.99 -
Cluster_26_aln       -            227 LT593749.1           -           3899  9.4e-122  397.1   3.8   1   1  4.7e-122  1.7e-121  396.3   3.8     1   227   268   494   268   494 0.99 -
Cluster_27_aln       -            198 LT593749.1           -           3899  4.8e-100  325.6   0.3   1   1  3.6e-100   1.3e-99  324.2   0.3     2   198   496   689   495   689 0.99 -
Cluster_32_aln       -            168 LT593749.1           -           3899   2.2e-85  276.7   0.0   1   1   1.3e-85   4.8e-85  275.6   0.0     1   168     1   168     1   168 1.00 -
Cluster_28_aln       -            101 LT593749.1           -           3899   3.3e-48  154.2   6.6   1   1     2e-48   7.5e-48  153.0   6.6     2   100   168   266   167   267 0.97 -
Cluster_21_aln       -            629 LT593749.1           -           3899   4.2e-36  116.5   2.5   1   1   1.9e-36   7.1e-36  115.8   2.5    99   480  1708  2109  1651  2116 0.77 -
Cluster_38_aln       -             70 LT593749.1           -           3899   1.1e-35  113.6   1.7   1   1   3.1e-36   1.1e-35  113.6   1.7     2    70  1064  1132  1063  1132 0.98 -
Cluster_29_aln       -             64 LT593749.1           -           3899   2.1e-35  112.9   0.2   1   1   1.5e-35   5.6e-35  111.6   0.2     1    64  2273  2336  2273  2336 0.99 -
Cluster_11_aln       -            627 LT593749.1           -           3899   1.7e-34  111.3   3.8   1   1     7e-35   2.6e-34  110.7   3.8    48   479  1649  2110  1632  2118 0.73 -
Cluster_58_aln       -            487 LT593749.1           -           3899   7.7e-33  105.7   0.1   1   1   3.9e-33   1.4e-32  104.8   0.1     1   478  2684  3166  2684  3176 0.80 -
Cluster_57_aln       -            456 LT593749.1           -           3899   1.9e-28   91.5   9.0   1   1   1.4e-28   5.2e-28   90.1   9.0    45   456  1180  1589  1141  1589 0.70 -
Cluster_10_aln       -            594 LT593749.1           -           3899   4.2e-23   73.7   0.1   1   1   2.1e-23   7.6e-23   72.9   0.1    64   400  3368  3708  3336  3719 0.79 -
Cluster_1_aln        -            621 LT593749.1           -           3899   1.1e-21   68.9   0.1   1   1   5.7e-22   2.1e-21   68.0   0.1   110   468  1724  2101  1697  2120 0.75 -
Cluster_19_aln       -            569 LT593749.1           -           3899   1.6e-20   65.1   0.0   1   1     7e-21   2.6e-20   64.4   0.0    42   413  3347  3749  3332  3762 0.75 -
Cluster_61_aln       -            220 LT593749.1           -           3899   5.6e-14   44.4   0.1   1   1   2.9e-14   1.1e-13   43.5   0.1     3   216  2686  2894  2684  2897 0.89 -
Cluster_0_aln        -            903 LT593749.1           -           3899   2.9e-10   30.9   0.0   1   1   1.9e-09   6.8e-09   26.4   0.0   522   782  3512  3747  3484  3762 0.79 -
Cluster_20_aln       -            683 LT593752.1           -           3899         0 1366.2   0.1   1   1         0         0 1365.8   0.1     1   683  1590  2272  1590  2272 1.00 -
Cluster_18_aln       -            717 LT593752.1           -           3899         0 1331.0   1.6   1   1         0         0 1330.6   1.6     1   716  3181  3895  3181  3896 0.99 -
Cluster_36_aln       -            498 LT593752.1           -           3899  1.3e-249  821.0   0.4   1   1  5.2e-250  1.9e-249  820.5   0.4     1   498  2684  3180  2684  3180 0.99 -
Cluster_35_aln       -            454 LT593752.1           -           3899  4.3e-225  739.6   4.7   1   1  1.8e-225  6.5e-225  739.0   4.7     5   454  1141  1589  1137  1589 0.99 -
Cluster_23_aln       -            347 LT593752.1           -           3899  4.6e-189  619.9   1.7   1   1  1.3e-189  4.6e-189  619.9   1.7     2   347  2338  2683  2337  2683 1.00 -
Cluster_24_aln       -            374 LT593752.1           -           3899  9.5e-175  573.6   0.2   1   1    5e-175  1.8e-174  572.6   0.2     2   373   691  1061   690  1062 0.99 -
Cluster_26_aln       -            227 LT593752.1           -           3899  3.6e-121  395.2   3.2   1   1  2.1e-121  7.8e-121  394.1   3.2     1   227   268   494   268   494 0.99 -
Cluster_27_aln       -            198 LT593752.1           -           3899   6.7e-99  321.9   0.2   1   1   4.5e-99   1.6e-98  320.6   0.2     2   198   496   689   495   689 0.99 -
Cluster_32_aln       -            168 LT593752.1           -           3899   1.7e-85  277.1   0.0   1   1     1e-85   3.7e-85  276.0   0.0     1   168     1   168     1   168 1.00 -
Cluster_28_aln       -            101 LT593752.1           -           3899   2.7e-48  154.5   6.5   1   1   1.6e-48   5.9e-48  153.4   6.5     2   100   168   266   167   267 0.97 -
Cluster_21_aln       -            629 LT593752.1           -           3899   3.2e-36  116.9   2.3   1   1   1.4e-36   5.3e-36  116.2   2.3    99   480  1708  2109  1651  2116 0.77 -
Cluster_29_aln       -             64 LT593752.1           -           3899   2.1e-35  112.9   0.2   1   1   1.5e-35   5.6e-35  111.6   0.2     1    64  2273  2336  2273  2336 0.99 -
Cluster_38_aln       -             70 LT593752.1           -           3899   6.3e-34  108.0   1.9   1   1   1.7e-34   6.3e-34  108.0   1.9     2    70  1064  1132  1063  1132 0.98 -
Cluster_11_aln       -            627 LT593752.1           -           3899   6.5e-34  109.3   3.6   1   1   2.8e-34     1e-33  108.7   3.6    48   479  1649  2110  1632  2118 0.73 -
Cluster_58_aln       -            487 LT593752.1           -           3899   6.7e-34  109.2   0.2   1   1   3.3e-34   1.2e-33  108.3   0.2     1   478  2684  3166  2684  3176 0.79 -
Cluster_57_aln       -            456 LT593752.1           -           3899     2e-28   91.4   7.4   1   1   1.3e-28   4.8e-28   90.2   7.4    16   456  1148  1589  1138  1589 0.77 -
Cluster_10_aln       -            594 LT593752.1           -           3899   5.9e-23   73.2   0.1   1   1   2.8e-23     1e-22   72.4   0.1    64   400  3368  3708  3336  3719 0.79 -
Cluster_1_aln        -            621 LT593752.1           -           3899     4e-21   67.1   0.0   1   1   1.9e-21   6.9e-21   66.3   0.0   110   468  1724  2101  1697  2120 0.76 -
Cluster_19_aln       -            569 LT593752.1           -           3899   1.1e-19   62.3   0.0   1   1   4.8e-20   1.8e-19   61.6   0.0    42   413  3347  3749  3332  3762 0.75 -
Cluster_61_aln       -            220 LT593752.1           -           3899   2.4e-14   45.6   0.0   1   1   1.3e-14   4.6e-14   44.7   0.0     3   216  2686  2894  2684  2897 0.90 -
Cluster_0_aln        -            903 LT593752.1           -           3899   8.4e-10   29.4   0.0   1   1   5.3e-09     2e-08   24.9   0.0   522   782  3512  3747  3484  3762 0.79 -
Cluster_20_aln       -            683 KY849593.1           -           3899         0 1363.5   0.1   1   1         0         0 1363.1   0.1     1   683  1590  2272  1590  2272 1.00 -
Cluster_18_aln       -            717 KY849593.1           -           3899         0 1321.8   1.2   1   1         0         0 1321.4   1.2     1   715  3181  3894  3181  3896 0.99 -
Cluster_36_aln       -            498 KY849593.1           -           3899  1.5e-249  820.8   0.3   1   1  5.7e-250  2.1e-249  820.3   0.3     1   498  2684  3180  2684  3180 0.99 -
Cluster_35_aln       -            454 KY849593.1           -           3899  3.9e-222  729.9   7.4   1   1  1.6e-222    6e-222  729.2   7.4     8   454  1144  1589  1138  1589 0.99 -
Cluster_23_aln       -            347 KY849593.1           -           3899  1.9e-189  621.2   2.1   1   1  5.1e-190  1.9e-189  621.2   2.1     2   347  2338  2683  2337  2683 1.00 -
Cluster_24_aln       -            374 KY849593.1           -           3899  9.7e-176  576.8   0.3   1   1  4.6e-176  1.7e-175  576.0   0.3     2   373   691  1061   690  1062 0.99 -
Cluster_26_aln       -            227 KY849593.1           -           3899  1.3e-121  396.7   3.3   1   1  6.5e-122  2.4e-121  395.8   3.3     1   227   268   494   268   494 0.99 -
Cluster_27_aln       -            198 KY849593.1           -           3899  4.8e-100  325.6   0.3   1   1  3.6e-100   1.3e-99  324.2   0.3     2   198   496   689   495   689 0.99 -
Cluster_32_aln       -            168 KY849593.1           -           3899   3.7e-85  276.0   0.0   1   1   2.2e-85   7.9e-85  274.9   0.0     1   168     1   168     1   168 1.00 -
Cluster_28_aln       -            101 KY849593.1           -           3899   3.6e-47  150.9   6.7   1   1   2.1e-47   7.9e-47  149.8   6.7     1   100   167   266   167   267 0.97 -
Cluster_21_aln       -            629 KY849593.1           -           3899     5e-36  116.3   2.6   1   1   2.3e-36   8.5e-36  115.5   2.6    99   480  1708  2109  1651  2116 0.77 -
Cluster_29_aln       -             64 KY849593.1           -           3899   1.1e-35  113.9   0.2   1   1   7.5e-36   2.7e-35  112.6   0.2     1    64  2273  2336  2273  2336 0.99 -
Cluster_38_aln       -             70 KY849593.1           -           3899   1.1e-35  113.6   1.7   1   1   3.1e-36   1.1e-35  113.6   1.7     2    70  1064  1132  1063  1132 0.98 -
Cluster_11_aln       -            627 KY849593.1           -           3899   1.6e-34  111.3   3.9   1   1   6.9e-35   2.5e-34  110.7   3.9    48   479  1649  2110  1632  2118 0.73 -
Cluster_58_aln       -            487 KY849593.1           -           3899   1.5e-32  104.7   0.1   1   1   7.5e-33   2.7e-32  103.9   0.1     1   478  2684  3166  2684  3176 0.80 -
Cluster_57_aln       -            456 KY849593.1           -           3899     2e-28   91.5   9.5   1   1   1.4e-28   5.1e-28   90.1   9.5    44   456  1179  1589  1141  1589 0.70 -
Cluster_10_aln       -            594 KY849593.1           -           3899   5.4e-23   73.4   0.0   1   1   2.6e-23   9.6e-23   72.5   0.0   107   400  3408  3708  3337  3719 0.79 -
Cluster_1_aln        -            621 KY849593.1           -           3899   1.2e-21   68.9   0.0   1   1     6e-22   2.2e-21   68.0   0.0   110   468  1724  2101  1697  2120 0.75 -
Cluster_19_aln       -            569 KY849593.1           -           3899   3.6e-20   63.9   0.0   1   1   1.6e-20   5.9e-20   63.2   0.0    42   415  3347  3751  3332  3762 0.74 -
Cluster_61_aln       -            220 KY849593.1           -           3899   1.2e-13   43.4   0.1   1   1   6.3e-14   2.3e-13   42.4   0.1     3   216  2686  2894  2684  2897 0.89 -
Cluster_0_aln        -            903 KY849593.1           -           3899   3.4e-10   30.7   0.0   1   1   2.2e-09     8e-09   26.1   0.0   522   781  3512  3746  3484  3761 0.80 -
Cluster_20_aln       -            683 KY849594.1           -           3899         0 1365.7   0.1   1   1         0         0 1365.3   0.1     1   683  1590  2272  1590  2272 1.00 -
Cluster_18_aln       -            717 KY849594.1           -           3899         0 1324.1   1.7   1   1         0         0 1323.7   1.7     1   715  3181  3894  3181  3896 0.99 -
Cluster_36_aln       -            498 KY849594.1           -           3899  1.9e-249  820.5   0.2   1   1  7.4e-250  2.7e-249  820.0   0.2     1   498  2684  3180  2684  3180 0.99 -
Cluster_35_aln       -            454 KY849594.1           -           3899  4.2e-222  729.8   7.3   1   1  1.8e-222  6.4e-222  729.1   7.3     8   454  1144  1589  1138  1589 0.99 -
Cluster_23_aln       -            347 KY849594.1           -           3899  1.6e-189  621.4   1.5   1   1  4.5e-190  1.6e-189  621.4   1.5     2   347  2338  2683  2337  2683 1.00 -
Cluster_24_aln       -            374 KY849594.1           -           3899  9.7e-176  576.8   0.3   1   1  4.6e-176  1.7e-175  576.0   0.3     2   373   691  1061   690  1062 0.99 -
Cluster_26_aln       -            227 KY849594.1           -           3899  9.4e-122  397.1   3.8   1   1  4.7e-122  1.7e-121  396.3   3.8     1   227   268   494   268   494 0.99 -
Cluster_27_aln       -            198 KY849594.1           -           3899  4.8e-100  325.6   0.3   1   1  3.6e-100   1.3e-99  324.2   0.3     2   198   496   689   495   689 0.99 -
Cluster_32_aln       -            168 KY849594.1           -           3899   1.1e-83  271.2   0.0   1   1   6.5e-84   2.4e-83  270.1   0.0     1   168     1   168     1   168 1.00 -
Cluster_28_aln       -            101 KY849594.1           -           3899   1.8e-47  151.8   6.7   1   1   1.1e-47     4e-47  150.7   6.7     2   100   168   266   167   267 0.97 -
Cluster_21_aln       -            629 KY849594.1           -           3899   4.9e-36  116.3   3.1   1   1   2.3e-36   8.4e-36  115.5   3.1    99   480  1708  2109  1646  2116 0.76 -
Cluster_38_aln       -             70 KY849594.1           -           3899   1.1e-35  113.6   1.7   1   1   3.1e-36   1.1e-35  113.6   1.7     2    70  1064  1132  1063  1132 0.98 -
Cluster_29_aln       -             64 KY849594.1           -           3899   2.3e-35  112.8   0.2   1   1   1.6e-35     6e-35  111.5   0.2     1    64  2273  2336  2273  2336 0.99 -
Cluster_11_aln       -            627 KY849594.1           -           3899   1.4e-34  111.5   4.1   1   1   6.1e-35   2.2e-34  110.8   4.1    47   479  1648  2110  1632  2118 0.74 -
Cluster_58_aln       -            487 KY849594.1           -           3899   3.1e-32  103.7   0.1   1   1   1.6e-32     6e-32  102.7   0.1     1   478  2684  3166  2684  3176 0.80 -
Cluster_57_aln       -            456 KY849594.1           -           3899   1.7e-28   91.6   9.3   1   1   1.4e-28     5e-28   90.1   9.3    45   456  1180  1589  1141  1589 0.70 -
Cluster_10_aln       -            594 KY849594.1           -           3899   9.6e-24   75.8   0.1   1   1   4.7e-24   1.7e-23   75.0   0.1    64   400  3368  3708  3336  3719 0.79 -
Cluster_1_aln        -            621 KY849594.1           -           3899   1.1e-21   68.9   0.1   1   1   5.8e-22   2.1e-21   68.0   0.1   110   468  1724  2101  1682  2120 0.76 -
Cluster_19_aln       -            569 KY849594.1           -           3899   7.1e-21   66.2   0.0   1   1   3.2e-21   1.2e-20   65.5   0.0    42   415  3347  3751  3332  3762 0.75 -
Cluster_61_aln       -            220 KY849594.1           -           3899   2.4e-13   42.4   0.1   1   1   1.3e-13   4.8e-13   41.4   0.1     3   216  2686  2894  2684  2897 0.89 -
Cluster_0_aln        -            903 KY849594.1           -           3899     2e-10   31.4   0.0   1   1   1.3e-09   4.8e-09   26.9   0.0   522   781  3512  3746  3484  3761 0.79 -
Cluster_20_aln       -            683 KX576461.1           -           3899         0 1365.6   0.1   1   1         0         0 1365.2   0.1     1   683  1590  2272  1590  2272 1.00 -
Cluster_18_aln       -            717 KX576461.1           -           3899         0 1332.5   3.3   1   1         0         0 1332.1   3.3     1   716  3181  3895  3181  3896 0.99 -
Cluster_36_aln       -            498 KX576461.1           -           3899  1.5e-251  827.4   0.0   1   1  5.8e-252  2.1e-251  826.9   0.0     1   498  2684  3180  2684  3180 1.00 -
Cluster_35_aln       -            454 KX576461.1           -           3899  1.4e-225  741.2   5.9   1   1  6.1e-226  2.2e-225  740.5   5.9     7   454  1143  1589  1138  1589 0.99 -
Cluster_23_aln       -            347 KX576461.1           -           3899  4.6e-189  619.9   1.8   1   1  1.3e-189  4.6e-189  619.9   1.8     2   347  2338  2683  2337  2683 1.00 -
Cluster_24_aln       -            374 KX576461.1           -           3899  1.1e-173  570.1   0.1   1   1  5.4e-174    2e-173  569.2   0.1     2   373   691  1061   690  1062 0.99 -
Cluster_26_aln       -            227 KX576461.1           -           3899  8.9e-122  397.2   2.8   1   1  4.6e-122  1.7e-121  396.3   2.8     1   227   268   494   268   494 0.99 -
Cluster_27_aln       -            198 KX576461.1           -           3899   5.5e-99  322.2   0.4   1   1   3.5e-99   1.3e-98  321.0   0.4     2   198   496   689   495   689 0.99 -
Cluster_32_aln       -            168 KX576461.1           -           3899   3.9e-85  275.9   0.1   1   1   2.3e-85   8.5e-85  274.8   0.1     1   168     1   168     1   168 1.00 -
Cluster_28_aln       -            101 KX576461.1           -           3899   1.3e-48  155.5   5.5   1   1   7.2e-49   2.6e-48  154.5   5.5     1   100   167   266   167   267 0.97 -
Cluster_21_aln       -            629 KX576461.1           -           3899   1.1e-36  118.5   2.6   1   1   5.2e-37   1.9e-36  117.7   2.6    99   480  1708  2109  1651  2116 0.78 -
Cluster_29_aln       -             64 KX576461.1           -           3899   1.1e-35  113.9   0.2   1   1   7.5e-36   2.7e-35  112.6   0.2     1    64  2273  2336  2273  2336 0.99 -
Cluster_11_aln       -            627 KX576461.1           -           3899   1.4e-34  111.6   4.0   1   1   5.9e-35   2.2e-34  110.9   4.0    48   479  1649  2110  1632  2118 0.73 -
Cluster_38_aln       -             70 KX576461.1           -           3899   2.5e-34  109.3   2.2   1   1   6.8e-35   2.5e-34  109.3   2.2     2    70  1064  1132  1063  1132 0.98 -
Cluster_58_aln       -            487 KX576461.1           -           3899   2.8e-31  100.5   0.0   1   1   1.4e-31   5.2e-31   99.6   0.0     1   478  2684  3166  2684  3176 0.78 -
Cluster_57_aln       -            456 KX576461.1           -           3899   2.6e-28   91.1   7.1   1   1   1.6e-28   5.9e-28   89.9   7.1    43   456  1178  1589  1142  1589 0.71 -
Cluster_10_aln       -            594 KX576461.1           -           3899   2.1e-22   71.4   0.1   1   1     1e-22   3.8e-22   70.6   0.1    61   400  3365  3708  3331  3719 0.79 -
Cluster_1_aln        -            621 KX576461.1           -           3899   1.5e-21   68.5   0.0   1   1   7.2e-22   2.6e-21   67.7   0.0   110   468  1724  2101  1697  2120 0.76 -
Cluster_19_aln       -            569 KX576461.1           -           3899   6.7e-19   59.7   0.0   1   1     3e-19   1.1e-18   59.0   0.0    42   413  3347  3749  3331  3761 0.74 -
Cluster_61_aln       -            220 KX576461.1           -           3899   4.1e-14   44.9   0.1   1   1   2.2e-14     8e-14   43.9   0.1     3   216  2686  2894  2684  2897 0.89 -
Cluster_0_aln        -            903 KX576461.1           -           3899     7e-10   29.6   0.1   1   1   4.7e-09   1.7e-08   25.0   0.1   522   779  3512  3744  3484  3752 0.79 -
Cluster_20_aln       -            683 KY132096.1           -           3899         0 1367.1   0.1   1   1         0         0 1366.7   0.1     1   683  1590  2272  1590  2272 1.00 -
Cluster_18_aln       -            717 KY132096.1           -           3899         0 1325.7   1.6   1   1         0         0 1325.3   1.6     1   716  3181  3895  3181  3896 0.99 -
Cluster_36_aln       -            498 KY132096.1           -           3899  2.2e-248  817.0   0.2   1   1  8.5e-249  3.1e-248  816.5   0.2     1   498  2684  3180  2684  3180 0.99 -
Cluster_35_aln       -            454 KY132096.1           -           3899  7.5e-225  738.8   6.0   1   1  3.2e-225  1.2e-224  738.2   6.0     6   454  1142  1589  1138  1589 0.99 -
Cluster_23_aln       -            347 KY132096.1           -           3899    5e-189  619.8   1.9   1   1  1.4e-189    5e-189  619.8   1.9     2   347  2338  2683  2337  2683 1.00 -
Cluster_24_aln       -            374 KY132096.1           -           3899  1.3e-174  573.1   0.1   1   1  6.4e-175  2.3e-174  572.3   0.1     2   373   691  1061   690  1062 0.99 -
Cluster_26_aln       -            227 KY132096.1           -           3899  4.5e-121  394.9   3.2   1   1  2.7e-121  9.8e-121  393.8   3.2     1   227   268   494   268   494 0.99 -
Cluster_27_aln       -            198 KY132096.1           -           3899   3.3e-99  322.9   0.1   1   1   2.2e-99   8.1e-99  321.6   0.1     2   198   496   689   495   689 0.99 -
Cluster_32_aln       -            168 KY132096.1           -           3899   4.2e-86  279.1   0.0   1   1   2.9e-86   1.1e-85  277.7   0.0     1   168     1   168     1   168 1.00 -
Cluster_28_aln       -            101 KY132096.1           -           3899   2.8e-48  154.4   6.2   1   1   1.7e-48   6.1e-48  153.3   6.2     2   100   168   266   167   267 0.97 -
Cluster_21_aln       -            629 KY132096.1           -           3899   2.3e-36  117.4   2.5   1   1     1e-36   3.7e-36  116.7   2.5    99   480  1708  2109  1651  2116 0.77 -
Cluster_29_aln       -             64 KY132096.1           -           3899   2.4e-35  112.7   0.1   1   1   1.7e-35   6.1e-35  111.4   0.1     1    64  2273  2336  2273  2336 0.99 -
Cluster_38_aln       -             70 KY132096.1           -           3899   1.5e-34  109.9   2.1   1   1   4.2e-35   1.5e-34  109.9   2.1     2    70  1064  1132  1063  1132 0.98 -
Cluster_11_aln       -            627 KY132096.1           -           3899   3.6e-34  110.2   3.8   1   1   1.5e-34   5.5e-34  109.6   3.8    48   479  1649  2110  1632  2118 0.73 -
Cluster_58_aln       -            487 KY132096.1           -           3899   1.7e-33  107.8   0.1   1   1   8.9e-34   3.3e-33  106.9   0.1     1   478  2684  3166  2684  3176 0.78 -
Cluster_57_aln       -            456 KY132096.1           -           3899   8.6e-28   89.4  10.5   1   1   1.1e-27   3.9e-27   87.2  10.5    41   456  1176  1589  1140  1589 0.72 -
Cluster_10_aln       -            594 KY132096.1           -           3899   7.8e-23   72.8   0.0   1   1   3.8e-23   1.4e-22   72.0   0.0    62   400  3366  3708  3345  3719 0.80 -
Cluster_1_aln        -            621 KY132096.1           -           3899   2.9e-21   67.6   0.0   1   1   1.3e-21   4.9e-21   66.8   0.0   110   468  1724  2101  1697  2120 0.76 -
Cluster_19_aln       -            569 KY132096.1           -           3899     8e-20   62.8   0.0   1   1   3.5e-20   1.3e-19   62.1   0.0    43   413  3348  3749  3333  3762 0.75 -
Cluster_61_aln       -            220 KY132096.1           -           3899   3.1e-14   45.3   0.0   1   1   1.6e-14   5.9e-14   44.4   0.0     3   216  2686  2894  2684  2897 0.90 -
Cluster_0_aln        -            903 KY132096.1           -           3899   6.4e-10   29.8   0.0   1   1   3.9e-09   1.4e-08   25.3   0.0   522   781  3512  3746  3484  3762 0.79 -
Cluster_20_aln       -            683 KU504339.1           -           3899         0 1367.1   0.1   1   1         0         0 1366.7   0.1     1   683  1590  2272  1590  2272 1.00 -
Cluster_18_aln       -            717 KU504339.1           -           3899         0 1329.7   1.7   1   1         0         0 1329.3   1.7     1   716  3181  3895  3181  3896 0.99 -
Cluster_36_aln       -            498 KU504339.1           -           3899  2.9e-246  810.0   0.0   1   1  1.1e-246  4.1e-246  809.5   0.0     1   498  2684  3180  2684  3180 0.99 -
Cluster_35_aln       -            454 KU504339.1           -           3899  6.2e-225  739.1   5.5   1   1  2.5e-225  9.1e-225  738.5   5.5     5   454  1141  1589  1137  1589 0.99 -
Cluster_23_aln       -            347 KU504339.1           -           3899  4.9e-189  619.8   2.1   1   1  1.3e-189  4.9e-189  619.8   2.1     2   347  2338  2683  2337  2683 1.00 -
Cluster_24_aln       -            374 KU504339.1           -           3899  2.7e-174  572.1   0.1   1   1  1.3e-174  4.8e-174  571.2   0.1     2   373   691  1061   690  1062 0.99 -
Cluster_26_aln       -            227 KU504339.1           -           3899    4e-121  395.1   2.9   1   1  2.4e-121  8.8e-121  394.0   2.9     1   227   268   494   268   494 0.99 -
Cluster_27_aln       -            198 KU504339.1           -           3899   4.5e-99  322.5   0.1   1   1   2.9e-99   1.1e-98  321.2   0.1     2   198   496   689   495   689 0.99 -
Cluster_32_aln       -            168 KU504339.1           -           3899     2e-85  276.9   0.0   1   1   1.2e-85   4.6e-85  275.7   0.0     1   168     1   168     1   168 1.00 -
Cluster_28_aln       -            101 KU504339.1           -           3899   1.1e-47  152.5   6.7   1   1   6.3e-48   2.3e-47  151.5   6.7     2   100   168   266   167   267 0.97 -
Cluster_21_aln       -            629 KU504339.1           -           3899   1.9e-36  117.7   2.6   1   1   8.4e-37   3.1e-36  117.0   2.6    99   480  1708  2109  1651  2116 0.77 -
Cluster_29_aln       -             64 KU504339.1           -           3899   2.2e-35  112.8   0.2   1   1   1.5e-35   5.6e-35  111.6   0.2     1    64  2273  2336  2273  2336 0.99 -
Cluster_38_aln       -             70 KU504339.1           -           3899   1.5e-34  109.9   2.1   1   1   4.2e-35   1.5e-34  109.9   2.1     2    70  1064  1132  1063  1132 0.98 -
Cluster_11_aln       -            627 KU504339.1           -           3899   3.2e-34  110.4   3.9   1   1   1.3e-34   4.9e-34  109.7   3.9    48   479  1649  2110  1632  2118 0.73 -
Cluster_58_aln       -            487 KU504339.1           -           3899   1.6e-31  101.4   0.0   1   1   8.1e-32     3e-31  100.4   0.0     1   478  2684  3166  2684  3176 0.80 -
Cluster_57_aln       -            456 KU504339.1           -           3899   2.5e-29   94.4   5.1   1   1   1.6e-29   5.8e-29   93.2   5.1   198   456  1327  1589  1140  1589 0.78 -
Cluster_10_aln       -            594 KU504339.1           -           3899   1.6e-22   71.8   0.1   1   1     8e-23   2.9e-22   70.9   0.1    81   400  3385  3708  3339  3719 0.78 -
Cluster_1_aln        -            621 KU504339.1           -           3899   2.3e-21   67.9   0.0   1   1   1.2e-21   4.3e-21   67.0   0.0   110   468  1724  2101  1697  2120 0.76 -
Cluster_19_aln       -            569 KU504339.1           -           3899   1.3e-19   62.0   0.0   1   1     6e-20   2.2e-19   61.3   0.0    42   420  3347  3757  3332  3762 0.75 -
Cluster_61_aln       -            220 KU504339.1           -           3899     5e-14   44.6   0.0   1   1   2.6e-14   9.6e-14   43.7   0.0     3   216  2686  2894  2684  2897 0.89 -
Cluster_0_aln        -            903 KU504339.1           -           3899   6.7e-10   29.7   0.0   1   1   4.6e-09   1.7e-08   25.1   0.0   521   783  3511  3748  3484  3761 0.79 -
Cluster_20_aln       -            683 LT158401.1           -           3899         0 1362.6   0.1   1   1         0         0 1362.2   0.1     1   683  1590  2272  1590  2272 1.00 -
Cluster_18_aln       -            717 LT158401.1           -           3899         0 1326.1   1.6   1   1         0         0 1325.7   1.6     1   716  3181  3895  3181  3896 0.99 -
Cluster_36_aln       -            498 LT158401.1           -           3899  6.7e-251  825.3   0.3   1   1  2.6e-251  9.6e-251  824.8   0.3     1   498  2684  3180  2684  3180 0.99 -
Cluster_35_aln       -            454 LT158401.1           -           3899  3.3e-221  726.8   8.0   1   1  1.4e-221  5.1e-221  726.2   8.0     8   454  1144  1589  1138  1589 0.99 -
Cluster_23_aln       -            347 LT158401.1           -           3899  9.1e-189  618.9   1.3   1   1  2.5e-189  9.1e-189  618.9   1.3     2   347  2338  2683  2337  2683 1.00 -
Cluster_24_aln       -            374 LT158401.1           -           3899  4.9e-175  574.5   0.3   1   1  2.4e-175  8.8e-175  573.7   0.3     2   373   691  1061   690  1062 0.99 -
Cluster_26_aln       -            227 LT158401.1           -           3899  4.8e-121  394.8   3.9   1   1  2.5e-121  9.1e-121  393.9   3.9     1   227   268   494   268   494 0.99 -
Cluster_27_aln       -            198 LT158401.1           -           3899    9e-100  324.7   0.3   1   1  7.1e-100   2.6e-99  323.2   0.3     2   198   496   689   495   689 0.99 -
Cluster_32_aln       -            168 LT158401.1           -           3899   3.2e-86  279.5   0.1   1   1   1.9e-86   6.9e-86  278.4   0.1     1   168     1   168     1   168 1.00 -
Cluster_28_aln       -            101 LT158401.1           -           3899   1.9e-47  151.8   6.4   1   1   1.2e-47   4.5e-47  150.5   6.4     1   100   167   266   167   267 0.97 -
Cluster_21_aln       -            629 LT158401.1           -           3899   4.3e-36  116.5   2.5   1   1   1.9e-36   7.1e-36  115.8   2.5    99   480  1708  2109  1651  2116 0.77 -
Cluster_58_aln       -            487 LT158401.1           -           3899   7.2e-36  115.7   0.1   1   1   3.7e-36   1.3e-35  114.8   0.1     1   478  2684  3166  2684  3176 0.79 -
Cluster_29_aln       -             64 LT158401.1           -           3899   2.1e-35  112.9   0.2   1   1   1.5e-35   5.6e-35  111.6   0.2     1    64  2273  2336  2273  2336 0.99 -
Cluster_38_aln       -             70 LT158401.1           -           3899     3e-35  112.2   2.2   1   1   8.1e-36     3e-35  112.2   2.2     2    70  1064  1132  1063  1132 0.98 -
Cluster_11_aln       -            627 LT158401.1           -           3899   1.6e-34  111.3   3.8   1   1     7e-35   2.6e-34  110.7   3.8    48   479  1649  2110  1632  2118 0.73 -
Cluster_57_aln       -            456 LT158401.1           -           3899   4.1e-28   90.4   9.4   1   1   3.8e-28   1.4e-27   88.7   9.4    44   456  1179  1589  1139  1589 0.70 -
Cluster_10_aln       -            594 LT158401.1           -           3899   1.5e-23   75.2   0.2   1   1   7.3e-24   2.7e-23   74.4   0.2    63   400  3367  3708  3313  3719 0.80 -
Cluster_1_aln        -            621 LT158401.1           -           3899   1.1e-21   68.9   0.1   1   1   5.7e-22   2.1e-21   68.0   0.1   110   468  1724  2101  1697  2120 0.75 -
Cluster_19_aln       -            569 LT158401.1           -           3899     2e-20   64.7   0.0   1   1   9.1e-21   3.3e-20   64.0   0.0    42   416  3347  3752  3332  3762 0.75 -
Cluster_61_aln       -            220 LT158401.1           -           3899   5.7e-14   44.4   0.1   1   1     3e-14   1.1e-13   43.5   0.1     3   216  2686  2894  2684  2897 0.88 -
Cluster_0_aln        -            903 LT158401.1           -           3899   4.1e-10   30.4   0.0   1   1   2.7e-09     1e-08   25.8   0.0   522   779  3512  3744  3484  3752 0.79 -
Cluster_20_aln       -            683 KP343640.1           -           3899         0 1366.4   0.1   1   1         0         0 1366.0   0.1     1   683  1590  2272  1590  2272 1.00 -
Cluster_18_aln       -            717 KP343640.1           -           3899         0 1328.1   2.1   1   1         0         0 1327.7   2.1     1   716  3181  3895  3181  3896 0.99 -
Cluster_36_aln       -            498 KP343640.1           -           3899  2.7e-250  823.3   0.3   1   1    1e-250  3.8e-250  822.8   0.3     1   498  2684  3180  2684  3180 0.99 -
Cluster_35_aln       -            454 KP343640.1           -           3899    4e-224  736.4   6.1   1   1  1.6e-224  5.8e-224  735.9   6.1     6   454  1142  1589  1137  1589 0.99 -
Cluster_23_aln       -            347 KP343640.1           -           3899  1.5e-188  618.2   1.8   1   1  4.1e-189  1.5e-188  618.2   1.8     2   347  2338  2683  2337  2683 1.00 -
Cluster_24_aln       -            374 KP343640.1           -           3899  1.2e-174  573.2   0.3   1   1    6e-175  2.2e-174  572.4   0.3     2   373   691  1061   690  1062 0.99 -
Cluster_26_aln       -            227 KP343640.1           -           3899  4.4e-121  394.9   2.7   1   1  2.7e-121    1e-120  393.8   2.7     1   227   268   494   268   494 0.99 -
Cluster_27_aln       -            198 KP343640.1           -           3899   5.5e-99  322.2   0.2   1   1   3.6e-99   1.3e-98  321.0   0.2     2   198   496   689   495   689 0.99 -
Cluster_32_aln       -            168 KP343640.1           -           3899   1.4e-84  274.1   0.0   1   1   8.6e-85   3.1e-84  273.0   0.0     1   168     1   168     1   168 1.00 -
Cluster_28_aln       -            101 KP343640.1           -           3899   4.4e-47  150.6   6.3   1   1   2.6e-47   9.6e-47  149.5   6.3     2   100   168   266   167   267 0.96 -
Cluster_21_aln       -            629 KP343640.1           -           3899   2.5e-36  117.3   2.5   1   1   1.1e-36   4.1e-36  116.6   2.5    99   480  1708  2109  1651  2116 0.77 -
Cluster_29_aln       -             64 KP343640.1           -           3899   2.9e-35  112.5   0.2   1   1   2.1e-35   7.6e-35  111.1   0.2     1    64  2273  2336  2273  2336 0.99 -
Cluster_38_aln       -             70 KP343640.1           -           3899   1.2e-34  110.3   1.0   1   1   3.3e-35   1.2e-34  110.3   1.0     2    70  1064  1132  1063  1132 0.98 -
Cluster_11_aln       -            627 KP343640.1           -           3899   4.4e-34  109.9   3.8   1   1   1.9e-34   6.9e-34  109.2   3.8    48   479  1649  2110  1632  2118 0.73 -
Cluster_58_aln       -            487 KP343640.1           -           3899   3.3e-33  106.9   0.2   1   1   1.6e-33   5.9e-33  106.0   0.2     1   478  2684  3166  2684  3176 0.81 -
Cluster_57_aln       -            456 KP343640.1           -           3899   1.6e-27   88.5   6.6   1   1   9.6e-28   3.5e-27   87.3   6.6   133   456  1258  1589  1138  1589 0.73 -
Cluster_10_aln       -            594 KP343640.1           -           3899   8.2e-23   72.7   0.1   1   1     4e-23   1.5e-22   71.9   0.1    79   400  3383  3708  3337  3719 0.79 -
Cluster_1_aln        -            621 KP343640.1           -           3899   3.3e-21   67.4   0.0   1   1   1.5e-21   5.7e-21   66.6   0.0   110   468  1724  2101  1697  2120 0.76 -
Cluster_19_aln       -            569 KP343640.1           -           3899   1.9e-19   61.6   0.0   1   1   8.4e-20   3.1e-19   60.8   0.0    42   413  3347  3749  3332  3762 0.75 -
Cluster_61_aln       -            220 KP343640.1           -           3899     7e-14   44.1   0.1   1   1   3.7e-14   1.4e-13   43.2   0.1     3   216  2686  2894  2684  2897 0.88 -
Cluster_0_aln        -            903 KP343640.1           -           3899   5.5e-10   30.0   0.0   1   1   3.6e-09   1.3e-08   25.4   0.0   522   782  3512  3747  3484  3762 0.79 -
Cluster_20_aln       -            683 KU556758.1           -           3899         0 1363.4   0.1   1   1         0         0 1363.0   0.1     1   683  1590  2272  1590  2272 1.00 -
Cluster_18_aln       -            717 KU556758.1           -           3899         0 1326.9   1.4   1   1         0         0 1326.5   1.4     1   716  3181  3895  3181  3896 0.99 -
Cluster_36_aln       -            498 KU556758.1           -           3899  3.6e-247  812.9   0.1   1   1  1.4e-247  5.2e-247  812.4   0.1     1   498  2684  3180  2684  3180 0.99 -
Cluster_35_aln       -            454 KU556758.1           -           3899  7.6e-225  738.8   4.1   1   1  3.1e-225  1.1e-224  738.2   4.1     5   454  1141  1589  1137  1589 0.99 -
Cluster_23_aln       -            347 KU556758.1           -           3899  3.4e-189  620.4   1.6   1   1  9.2e-190  3.4e-189  620.4   1.6     2   347  2338  2683  2337  2683 1.00 -
Cluster_24_aln       -            374 KU556758.1           -           3899  1.5e-174  572.9   0.1   1   1  7.6e-175  2.8e-174  572.0   0.1     2   373   691  1061   690  1062 0.99 -
Cluster_26_aln       -            227 KU556758.1           -           3899  6.1e-121  394.5   3.0   1   1  3.6e-121  1.3e-120  393.4   3.0     1   227   268   494   268   494 0.99 -
Cluster_27_aln       -            198 KU556758.1           -           3899   6.7e-99  321.9   0.2   1   1   4.5e-99   1.6e-98  320.6   0.2     2   198   496   689   495   689 0.99 -
Cluster_32_aln       -            168 KU556758.1           -           3899   2.9e-86  279.6   0.0   1   1   1.7e-86   6.4e-86  278.5   0.0     1   168     1   168     1   168 1.00 -
Cluster_28_aln       -            101 KU556758.1           -           3899   2.1e-48  154.8   5.8   1   1   1.2e-48   4.6e-48  153.7   5.8     2   100   168   266   167   267 0.97 -
Cluster_21_aln       -            629 KU556758.1           -           3899   1.4e-36  118.1   2.7   1   1   7.8e-37   2.9e-36  117.1   2.7    99   480  1708  2109  1651  2116 0.77 -
Cluster_29_aln       -             64 KU556758.1           -           3899   3.1e-35  112.4   0.2   1   1   2.1e-35   7.6e-35  111.1   0.2     1    64  2273  2336  2273  2336 0.99 -
Cluster_38_aln       -             70 KU556758.1           -           3899   2.1e-34  109.5   1.7   1   1   5.7e-35   2.1e-34  109.5   1.7     2    70  1064  1132  1063  1132 0.98 -
Cluster_11_aln       -            627 KU556758.1           -           3899   2.6e-34  110.6   4.0   1   1   1.1e-34   4.1e-34  110.0   4.0    48   479  1649  2110  1632  2118 0.73 -
Cluster_58_aln       -            487 KU556758.1           -           3899   3.5e-32  103.5   0.0   1   1   1.7e-32   6.2e-32  102.7   0.0     1   478  2684  3166  2684  3176 0.80 -
Cluster_57_aln       -            456 KU556758.1           -           3899   2.3e-28   91.2   6.4   1   1   1.7e-28   6.1e-28   89.8   6.4    19   456  1151  1589  1136  1589 0.71 -
Cluster_10_aln       -            594 KU556758.1           -           3899   9.8e-23   72.5   0.1   1   1   4.7e-23   1.7e-22   71.7   0.1    65   400  3369  3708  3336  3719 0.79 -
Cluster_1_aln        -            621 KU556758.1           -           3899   1.4e-21   68.6   0.1   1   1   6.4e-22   2.3e-21   67.9   0.1   110   468  1724  2101  1697  2120 0.76 -
Cluster_19_aln       -            569 KU556758.1           -           3899   1.7e-19   61.7   0.0   1   1   7.6e-20   2.8e-19   61.0   0.0    42   413  3347  3749  3332  3762 0.75 -
Cluster_61_aln       -            220 KU556758.1           -           3899     2e-13   42.6   0.0   1   1     1e-13   3.8e-13   41.7   0.0     3   216  2686  2894  2684  2897 0.89 -
Cluster_0_aln        -            903 KU556758.1           -           3899   1.5e-09   28.5   0.0   1   1     1e-08   3.7e-08   23.9   0.0   522   771  3512  3736  3484  3755 0.78 -
Cluster_20_aln       -            683 KT716271.1           -           3899         0 1354.1   0.3   1   1         0         0 1353.6   0.3     1   683  1590  2272  1590  2272 1.00 -
Cluster_18_aln       -            717 KT716271.1           -           3899         0 1320.1   2.3   1   1         0         0 1319.7   2.3     1   715  3181  3894  3181  3896 0.99 -
Cluster_36_aln       -            498 KT716271.1           -           3899  4.4e-248  816.0   0.0   1   1  1.8e-248  6.5e-248  815.4   0.0     1   498  2684  3180  2684  3180 1.00 -
Cluster_35_aln       -            454 KT716271.1           -           3899  1.5e-216  711.4   4.1   1   1    6e-217  2.2e-216  710.9   4.1     7   454  1143  1589  1137  1589 0.99 -
Cluster_23_aln       -            347 KT716271.1           -           3899  3.8e-188  616.9   2.6   1   1    1e-188  3.8e-188  616.9   2.6     2   347  2338  2683  2337  2683 1.00 -
Cluster_24_aln       -            374 KT716271.1           -           3899  1.1e-171  563.5   0.0   1   1  5.2e-172  1.9e-171  562.7   0.0     2   373   691  1061   690  1062 0.99 -
Cluster_26_aln       -            227 KT716271.1           -           3899  7.8e-122  397.4   3.0   1   1  3.9e-122  1.4e-121  396.5   3.0     1   227   268   494   268   494 0.99 -
Cluster_27_aln       -            198 KT716271.1           -           3899   6.8e-99  321.9   0.4   1   1   4.7e-99   1.7e-98  320.6   0.4     2   198   496   689   495   689 0.99 -
Cluster_32_aln       -            168 KT716271.1           -           3899   6.3e-84  272.0   0.0   1   1   3.9e-84   1.4e-83  270.8   0.0     1   168     1   168     1   168 1.00 -
Cluster_28_aln       -            101 KT716271.1           -           3899   1.7e-47  151.9   4.2   1   1   9.5e-48   3.5e-47  150.9   4.2     1   100   167   266   167   267 0.97 -
Cluster_21_aln       -            629 KT716271.1           -           3899   1.2e-35  115.0   3.6   1   1   5.6e-36     2e-35  114.3   3.6    99   480  1708  2109  1651  2117 0.77 -
Cluster_29_aln       -             64 KT716271.1           -           3899   2.7e-35  112.6   0.2   1   1   1.8e-35   6.7e-35  111.3   0.2     1    64  2273  2336  2273  2336 0.99 -
Cluster_38_aln       -             70 KT716271.1           -           3899   9.1e-35  110.7   1.7   1   1   2.5e-35   9.1e-35  110.7   1.7     2    70  1064  1132  1063  1132 0.98 -
Cluster_11_aln       -            627 KT716271.1           -           3899   2.8e-33  107.2   5.0   1   1   1.2e-33   4.3e-33  106.6   5.0    48   478  1649  2109  1632  2118 0.73 -
Cluster_58_aln       -            487 KT716271.1           -           3899   1.1e-30   98.6   0.0   1   1   7.2e-31   2.6e-30   97.3   0.0     1   478  2684  3166  2684  3176 0.80 -
Cluster_57_aln       -            456 KT716271.1           -           3899   3.7e-29   93.8   1.6   1   1   2.2e-29   8.1e-29   92.7   1.6   204   456  1333  1589  1252  1589 0.84 -
Cluster_1_aln        -            621 KT716271.1           -           3899   3.4e-21   67.3   0.1   1   1   1.6e-21     6e-21   66.5   0.1   110   468  1724  2101  1697  2120 0.75 -
Cluster_10_aln       -            594 KT716271.1           -           3899   1.4e-20   65.3   0.1   1   1   6.8e-21   2.5e-20   64.6   0.1   107   400  3408  3708  3314  3719 0.78 -
Cluster_19_aln       -            569 KT716271.1           -           3899   4.7e-18   56.9   0.0   1   1   2.1e-18   7.7e-18   56.2   0.0    42   413  3347  3749  3332  3762 0.75 -
Cluster_61_aln       -            220 KT716271.1           -           3899     3e-13   42.0   0.0   1   1   1.6e-13     6e-13   41.1   0.0     4   216  2687  2894  2684  2897 0.88 -
Cluster_0_aln        -            903 KT716271.1           -           3899   5.7e-10   29.9   0.1   1   1   3.9e-09   1.4e-08   25.3   0.1   522   782  3512  3747  3484  3761 0.79 -
Cluster_20_aln       -            683 LC086647.1           -           3899         0 1362.0   0.1   1   1         0         0 1361.6   0.1     1   683  1590  2272  1590  2272 1.00 -
Cluster_18_aln       -            717 LC086647.1           -           3899         0 1327.5   0.9   1   1         0         0 1327.1   0.9     1   716  3181  3895  3181  3896 0.99 -
Cluster_36_aln       -            498 LC086647.1           -           3899  5.4e-249  819.0   0.3   1   1  2.1e-249  7.8e-249  818.5   0.3     1   498  2684  3180  2684  3180 0.99 -
Cluster_35_aln       -            454 LC086647.1           -           3899  4.9e-225  739.4   4.0   1   1    2e-225  7.3e-225  738.8   4.0     5   454  1141  1589  1137  1589 0.99 -
Cluster_23_aln       -            347 LC086647.1           -           3899  7.7e-189  619.2   1.6   1   1  2.1e-189  7.7e-189  619.2   1.6     2   347  2338  2683  2337  2683 1.00 -
Cluster_24_aln       -            374 LC086647.1           -           3899  5.2e-174  571.2   0.2   1   1  2.7e-174    1e-173  570.2   0.2     2   373   691  1061   690  1062 0.99 -
Cluster_26_aln       -            227 LC086647.1           -           3899  3.6e-121  395.2   3.2   1   1  2.1e-121  7.8e-121  394.1   3.2     1   227   268   494   268   494 0.99 -
Cluster_27_aln       -            198 LC086647.1           -           3899   6.8e-99  321.9   0.2   1   1   4.5e-99   1.6e-98  320.6   0.2     2   198   496   689   495   689 0.99 -
Cluster_32_aln       -            168 LC086647.1           -           3899   1.7e-85  277.1   0.0   1   1     1e-85   3.7e-85  276.0   0.0     1   168     1   168     1   168 1.00 -
Cluster_28_aln       -            101 LC086647.1           -           3899   2.7e-48  154.5   6.5   1   1   1.6e-48   5.9e-48  153.4   6.5     2   100   168   266   167   267 0.97 -
Cluster_21_aln       -            629 LC086647.1           -           3899   1.2e-35  115.0   2.4   1   1   5.4e-36     2e-35  114.3   2.4    99   480  1708  2109  1651  2116 0.77 -
Cluster_29_aln       -             64 LC086647.1           -           3899   2.2e-35  112.9   0.2   1   1   1.5e-35   5.6e-35  111.6   0.2     1    64  2273  2336  2273  2336 0.99 -
Cluster_38_aln       -             70 LC086647.1           -           3899   2.1e-34  109.5   1.7   1   1   5.7e-35   2.1e-34  109.5   1.7     2    70  1064  1132  1063  1132 0.98 -
Cluster_11_aln       -            627 LC086647.1           -           3899   1.9e-33  107.8   3.6   1   1   7.9e-34   2.9e-33  107.2   3.6    48   479  1649  2110  1632  2118 0.72 -
Cluster_58_aln       -            487 LC086647.1           -           3899   4.5e-33  106.5   0.1   1   1   2.2e-33   8.1e-33  105.6   0.1     1   478  2684  3166  2684  3176 0.80 -
Cluster_57_aln       -            456 LC086647.1           -           3899   4.6e-28   90.2   6.4   1   1   3.4e-28   1.2e-27   88.8   6.4    19   456  1151  1589  1136  1589 0.71 -
Cluster_10_aln       -            594 LC086647.1           -           3899   1.3e-22   72.1   0.1   1   1     6e-23   2.2e-22   71.3   0.1    85   400  3389  3708  3336  3719 0.79 -
Cluster_1_aln        -            621 LC086647.1           -           3899   5.1e-20   63.4   0.1   1   1   2.4e-20   8.8e-20   62.7   0.1   110   468  1724  2101  1698  2120 0.75 -
Cluster_19_aln       -            569 LC086647.1           -           3899   3.4e-19   60.7   0.0   1   1   1.6e-19   5.7e-19   59.9   0.0    43   412  3348  3748  3333  3760 0.74 -
Cluster_61_aln       -            220 LC086647.1           -           3899   1.5e-14   46.3   0.1   1   1   7.6e-15   2.8e-14   45.4   0.1     3   216  2686  2894  2684  2897 0.90 -
Cluster_0_aln        -            903 LC086647.1           -           3899   1.3e-09   28.7   0.0   1   1   8.8e-09   3.2e-08   24.1   0.0   522   779  3512  3744  3484  3752 0.78 -
Cluster_20_aln       -            683 KT119352.1           -           3899         0 1361.3   0.1   1   1         0         0 1360.9   0.1     1   683  1590  2272  1590  2272 1.00 -
Cluster_18_aln       -            717 KT119352.1           -           3899         0 1324.9   0.6   1   1         0         0 1324.5   0.6     1   716  3181  3895  3181  3896 0.99 -
Cluster_36_aln       -            498 KT119352.1           -           3899  3.1e-246  809.9   0.2   1   1  1.2e-246  4.4e-246  809.4   0.2     1   498  2684  3180  2684  3180 0.99 -
Cluster_35_aln       -            454 KT119352.1           -           3899    1e-223  735.1   3.3   1   1  4.2e-224  1.5e-223  734.5   3.3     5   454  1141  1589  1137  1589 0.99 -
Cluster_23_aln       -            347 KT119352.1           -           3899  4.3e-189  620.0   1.9   1   1  1.2e-189  4.3e-189  620.0   1.9     2   347  2338  2683  2337  2683 1.00 -
Cluster_24_aln       -            374 KT119352.1           -           3899  1.5e-174  572.9   0.2   1   1  7.9e-175  2.9e-174  572.0   0.2     2   373   691  1061   690  1062 0.99 -
Cluster_26_aln       -            227 KT119352.1           -           3899    1e-120  393.7   2.7   1   1  6.2e-121  2.3e-120  392.6   2.7     1   227   268   494   268   494 0.99 -
Cluster_27_aln       -            198 KT119352.1           -           3899   2.6e-98  320.0   0.1   1   1   1.7e-98   6.4e-98  318.7   0.1     2   198   496   689   495   689 0.99 -
Cluster_32_aln       -            168 KT119352.1           -           3899   8.6e-86  278.1   0.0   1   1   5.1e-86   1.9e-85  276.9   0.0     1   168     1   168     1   168 1.00 -
Cluster_28_aln       -            101 KT119352.1           -           3899   9.5e-49  155.9   6.8   1   1   5.5e-49     2e-48  154.9   6.8     1   100   167   266   167   267 0.97 -
Cluster_21_aln       -            629 KT119352.1           -           3899   7.2e-36  115.8   2.7   1   1   3.1e-36   1.2e-35  115.1   2.7    99   480  1708  2109  1651  2116 0.78 -
Cluster_29_aln       -             64 KT119352.1           -           3899   2.2e-35  112.8   0.2   1   1   1.5e-35   5.6e-35  111.6   0.2     1    64  2273  2336  2273  2336 0.99 -
Cluster_38_aln       -             70 KT119352.1           -           3899   3.4e-35  112.0   1.1   1   1   9.2e-36   3.4e-35  112.0   1.1     2    70  1064  1132  1063  1132 0.98 -
Cluster_11_aln       -            627 KT119352.1           -           3899   1.5e-33  108.1   4.2   1   1   6.4e-34   2.3e-33  107.5   4.2    48   479  1649  2110  1632  2118 0.74 -
Cluster_58_aln       -            487 KT119352.1           -           3899     2e-31  101.0   0.1   1   1   9.8e-32   3.6e-31  100.2   0.1     1   478  2684  3166  2684  3176 0.79 -
Cluster_57_aln       -            456 KT119352.1           -           3899   6.1e-27   86.5   6.4   1   1   4.8e-27   1.8e-26   85.0   6.5    21   456  1153  1589  1139  1589 0.71 -
Cluster_10_aln       -            594 KT119352.1           -           3899   2.5e-22   71.2   0.1   1   1   1.2e-22   4.2e-22   70.4   0.1    65   400  3369  3708  3337  3719 0.79 -
Cluster_1_aln        -            621 KT119352.1           -           3899   2.6e-21   67.7   0.0   1   1   1.2e-21   4.4e-21   67.0   0.0   110   468  1724  2101  1697  2120 0.76 -
Cluster_19_aln       -            569 KT119352.1           -           3899   1.6e-19   61.8   0.0   1   1   7.3e-20   2.7e-19   61.0   0.0    42   413  3347  3749  3332  3762 0.75 -
Cluster_61_aln       -            220 KT119352.1           -           3899   1.1e-12   40.2   0.0   1   1   5.7e-13   2.1e-12   39.3   0.0     3   216  2686  2894  2684  2897 0.89 -
Cluster_0_aln        -            903 KT119352.1           -           3899     1e-09   29.1   0.0   1   1   6.4e-09   2.3e-08   24.6   0.0   522   782  3512  3747  3484  3762 0.79 -
Cluster_20_aln       -            683 KP233071.1           -           3899         0 1365.5   0.1   1   1         0         0 1365.1   0.1     1   683  1590  2272  1590  2272 1.00 -
Cluster_18_aln       -            717 KP233071.1           -           3899         0 1324.4   1.2   1   1         0         0 1324.0   1.2     1   716  3181  3895  3181  3896 0.99 -
Cluster_36_aln       -            498 KP233071.1           -           3899  2.8e-249  819.9   0.4   1   1  1.1e-249  3.9e-249  819.4   0.4     1   498  2684  3180  2684  3180 0.99 -
Cluster_35_aln       -            454 KP233071.1           -           3899  3.8e-224  736.5   4.6   1   1  1.5e-224  5.6e-224  735.9   4.6     5   454  1141  1589  1137  1589 0.99 -
Cluster_23_aln       -            347 KP233071.1           -           3899  1.2e-187  615.3   1.5   1   1  3.2e-188  1.2e-187  615.3   1.5     2   347  2338  2683  2337  2683 1.00 -
Cluster_24_aln       -            374 KP233071.1           -           3899  6.7e-175  574.1   0.2   1   1  3.8e-175  1.4e-174  573.0   0.2     2   373   691  1061   690  1062 0.99 -
Cluster_26_aln       -            227 KP233071.1           -           3899    4e-120  391.8   3.1   1   1  2.4e-120  8.7e-120  390.7   3.1     1   227   268   494   268   494 0.99 -
Cluster_27_aln       -            198 KP233071.1           -           3899   9.9e-99  321.3   0.1   1   1   6.5e-99   2.4e-98  320.1   0.1     2   198   496   689   495   689 0.99 -
Cluster_32_aln       -            168 KP233071.1           -           3899   8.8e-85  274.8   0.0   1   1   5.5e-85     2e-84  273.6   0.0     1   168     1   168     1   168 1.00 -
Cluster_28_aln       -            101 KP233071.1           -           3899   3.9e-48  153.9   6.6   1   1   2.3e-48   8.6e-48  152.9   6.6     2   100   168   266   167   267 0.97 -
Cluster_21_aln       -            629 KP233071.1           -           3899     2e-36  117.6   2.6   1   1   8.9e-37   3.3e-36  116.9   2.6    99   480  1708  2109  1651  2116 0.78 -
Cluster_29_aln       -             64 KP233071.1           -           3899   2.3e-35  112.8   0.2   1   1   1.5e-35   5.6e-35  111.6   0.2     1    64  2273  2336  2273  2336 0.99 -
Cluster_11_aln       -            627 KP233071.1           -           3899   2.8e-34  110.5   3.9   1   1   1.2e-34   4.4e-34  109.9   3.9    48   479  1649  2110  1632  2118 0.73 -
Cluster_58_aln       -            487 KP233071.1           -           3899   5.1e-34  109.6   0.2   1   1   2.5e-34   9.1e-34  108.7   0.2     1   478  2684  3166  2684  3176 0.80 -
Cluster_38_aln       -             70 KP233071.1           -           3899   1.7e-33  106.6   1.5   1   1   4.7e-34   1.7e-33  106.6   1.5     2    70  1064  1132  1063  1132 0.98 -
Cluster_57_aln       -            456 KP233071.1           -           3899   2.1e-28   91.4   7.6   1   1   1.8e-28   6.7e-28   89.7   7.6   133   456  1258  1589  1140  1589 0.73 -
Cluster_10_aln       -            594 KP233071.1           -           3899   2.5e-22   71.1   0.1   1   1   1.3e-22   4.7e-22   70.3   0.1    62   400  3366  3708  3310  3719 0.80 -
Cluster_1_aln        -            621 KP233071.1           -           3899   1.5e-21   68.5   0.0   1   1   6.9e-22   2.5e-21   67.8   0.0   110   468  1724  2101  1697  2120 0.76 -
Cluster_19_aln       -            569 KP233071.1           -           3899   2.4e-19   61.2   0.0   1   1   1.1e-19   3.9e-19   60.5   0.0    42   413  3347  3749  3326  3762 0.75 -
Cluster_61_aln       -            220 KP233071.1           -           3899   3.4e-14   45.1   0.0   1   1   1.8e-14   6.7e-14   44.2   0.0     3   216  2686  2894  2684  2897 0.89 -
Cluster_0_aln        -            903 KP233071.1           -           3899     1e-09   29.1   0.0   1   1   6.8e-09   2.5e-08   24.5   0.0   522   782  3512  3747  3484  3762 0.79 -
Cluster_20_aln       -            683 KP233070.1           -           3899         0 1366.7   0.1   1   1         0         0 1366.4   0.1     1   683  1590  2272  1590  2272 1.00 -
Cluster_18_aln       -            717 KP233070.1           -           3899         0 1327.7   1.9   1   1         0         0 1327.3   1.9     1   716  3181  3895  3181  3896 0.99 -
Cluster_36_aln       -            498 KP233070.1           -           3899    1e-249  821.4   0.3   1   1    4e-250  1.5e-249  820.9   0.3     1   498  2684  3180  2684  3180 0.99 -
Cluster_35_aln       -            454 KP233070.1           -           3899  2.6e-224  737.0   7.5   1   1    1e-224  3.8e-224  736.5   7.5     5   454  1141  1589  1137  1589 0.99 -
Cluster_23_aln       -            347 KP233070.1           -           3899  4.7e-189  619.9   1.7   1   1  1.3e-189  4.7e-189  619.9   1.7     2   347  2338  2683  2337  2683 1.00 -
Cluster_24_aln       -            374 KP233070.1           -           3899  1.3e-174  573.2   0.2   1   1  6.1e-175  2.2e-174  572.4   0.2     2   373   691  1061   690  1062 0.99 -
Cluster_26_aln       -            227 KP233070.1           -           3899  7.7e-121  394.2   2.6   1   1  4.7e-121  1.7e-120  393.0   2.6     1   227   268   494   268   494 0.99 -
Cluster_27_aln       -            198 KP233070.1           -           3899   1.3e-97  317.7   0.1   1   1   8.3e-98     3e-97  316.5   0.1     2   198   496   689   495   689 0.99 -
Cluster_32_aln       -            168 KP233070.1           -           3899   6.7e-83  268.7   0.0   1   1   4.2e-83   1.5e-82  267.5   0.0     2   168     2   168     1   168 0.99 -
Cluster_28_aln       -            101 KP233070.1           -           3899   4.4e-47  150.6   6.0   1   1   2.6e-47   9.6e-47  149.5   6.0     2   100   168   266   167   267 0.96 -
Cluster_21_aln       -            629 KP233070.1           -           3899     2e-36  117.6   2.7   1   1   9.3e-37   3.4e-36  116.8   2.7    99   480  1708  2109  1651  2116 0.77 -
Cluster_29_aln       -             64 KP233070.1           -           3899   2.9e-35  112.5   0.2   1   1   2.1e-35   7.6e-35  111.1   0.2     1    64  2273  2336  2273  2336 0.99 -
Cluster_38_aln       -             70 KP233070.1           -           3899   1.2e-34  110.3   1.0   1   1   3.3e-35   1.2e-34  110.3   1.0     2    70  1064  1132  1063  1132 0.98 -
Cluster_11_aln       -            627 KP233070.1           -           3899   3.5e-34  110.2   4.0   1   1   1.5e-34   5.4e-34  109.6   4.0    48   479  1649  2110  1632  2118 0.73 -
Cluster_58_aln       -            487 KP233070.1           -           3899   6.9e-32  102.5   0.1   1   1   3.4e-32   1.2e-31  101.7   0.1     1   478  2684  3166  2684  3176 0.80 -
Cluster_57_aln       -            456 KP233070.1           -           3899   1.1e-28   92.2   9.4   1   1   7.8e-29   2.8e-28   90.9   9.4    10   456  1142  1589  1136  1589 0.74 -
Cluster_10_aln       -            594 KP233070.1           -           3899   7.4e-23   72.9   0.1   1   1   3.6e-23   1.3e-22   72.1   0.1    79   400  3383  3708  3336  3719 0.79 -
Cluster_1_aln        -            621 KP233070.1           -           3899     4e-21   67.1   0.0   1   1   1.9e-21   6.9e-21   66.3   0.0   110   468  1724  2101  1697  2120 0.76 -
Cluster_19_aln       -            569 KP233070.1           -           3899   1.5e-19   61.8   0.0   1   1   6.8e-20   2.5e-19   61.1   0.0    42   413  3347  3749  3332  3762 0.74 -
Cluster_61_aln       -            220 KP233070.1           -           3899   1.1e-12   40.2   0.1   1   1   5.8e-13   2.1e-12   39.3   0.1     3   216  2686  2894  2684  2897 0.87 -
Cluster_0_aln        -            903 KP233070.1           -           3899   7.8e-10   29.5   0.0   1   1   4.9e-09   1.8e-08   25.0   0.0   522   782  3512  3747  3484  3761 0.79 -
Cluster_20_aln       -            683 LC016722.1           -           3808         0 1361.2   0.2   1   1         0         0 1360.8   0.2     1   683  1590  2272  1590  2272 1.00 -
Cluster_18_aln       -            717 LC016722.1           -           3808         0 1204.5   4.3   1   1         0         0 1204.1   4.3     1   628  3181  3808  3181  3808 1.00 -
Cluster_36_aln       -            498 LC016722.1           -           3808  1.3e-251  827.6   0.0   1   1  5.2e-252  1.9e-251  827.1   0.0     1   498  2684  3180  2684  3180 1.00 -
Cluster_35_aln       -            454 LC016722.1           -           3808  3.3e-225  740.0   7.2   1   1  1.4e-225    5e-225  739.4   7.2     8   454  1144  1589  1138  1589 0.99 -
Cluster_23_aln       -            347 LC016722.1           -           3808  6.3e-186  609.6   2.7   1   1  1.7e-186  6.3e-186  609.6   2.7     2   347  2338  2683  2337  2683 1.00 -
Cluster_24_aln       -            374 LC016722.1           -           3808  1.1e-173  570.0   0.1   1   1  7.5e-174  2.7e-173  568.8   0.1     2   373   691  1061   690  1062 0.99 -
Cluster_26_aln       -            227 LC016722.1           -           3808  3.1e-119  388.9   1.3   1   1    2e-119  7.3e-119  387.7   1.3     1   227   268   494   268   494 0.99 -
Cluster_27_aln       -            198 LC016722.1           -           3808   3.4e-98  319.6   0.2   1   1   2.3e-98   8.5e-98  318.3   0.2     2   198   496   689   495   689 0.99 -
Cluster_32_aln       -            168 LC016722.1           -           3808   3.7e-83  269.5   0.0   1   1   2.9e-83   1.1e-82  268.0   0.0     1   168     1   168     1   168 1.00 -
Cluster_28_aln       -            101 LC016722.1           -           3808   3.2e-48  154.2   5.5   1   1   1.9e-48     7e-48  153.1   5.5     1   100   167   266   167   267 0.97 -
Cluster_21_aln       -            629 LC016722.1           -           3808   2.1e-36  117.5   2.8   1   1     1e-36   3.7e-36  116.7   2.8    99   480  1708  2109  1651  2116 0.78 -
Cluster_29_aln       -             64 LC016722.1           -           3808   1.2e-35  113.7   0.2   1   1   7.3e-36   2.7e-35  112.6   0.2     1    64  2273  2336  2273  2336 0.99 -
Cluster_38_aln       -             70 LC016722.1           -           3808   2.3e-35  112.6   1.8   1   1   6.4e-36   2.3e-35  112.6   1.8     3    70  1065  1132  1063  1132 0.98 -
Cluster_11_aln       -            627 LC016722.1           -           3808   2.2e-34  110.9   4.4   1   1   9.7e-35   3.5e-34  110.2   4.4    48   479  1649  2110  1632  2118 0.73 -
Cluster_58_aln       -            487 LC016722.1           -           3808   1.4e-31  101.5   0.0   1   1   7.6e-32   2.8e-31  100.5   0.0     1   478  2684  3166  2684  3176 0.80 -
Cluster_57_aln       -            456 LC016722.1           -           3808   1.1e-26   85.7  10.9   1   1   3.6e-26   1.3e-25   82.1  11.4   199   456  1328  1589  1149  1589 0.77 -
Cluster_10_aln       -            594 LC016722.1           -           3808   2.2e-22   71.4   0.1   1   1   1.1e-22   4.1e-22   70.5   0.1   107   400  3408  3708  3335  3719 0.80 -
Cluster_1_aln        -            621 LC016722.1           -           3808   1.2e-21   68.9   0.1   1   1   5.5e-22     2e-21   68.1   0.1   110   468  1724  2101  1696  2120 0.75 -
Cluster_19_aln       -            569 LC016722.1           -           3808   4.5e-19   60.3   0.0   1   1     2e-19   7.3e-19   59.6   0.0    42   413  3347  3749  3332  3762 0.75 -
Cluster_61_aln       -            220 LC016722.1           -           3808   2.4e-14   45.6   0.1   1   1   1.2e-14   4.6e-14   44.7   0.1     3   216  2686  2894  2684  2897 0.89 -
Cluster_0_aln        -            903 LC016722.1           -           3808   2.1e-10   31.4   0.0   1   1   1.6e-09   5.9e-09   26.6   0.0   522   782  3512  3747  3484  3761 0.79 -
Cluster_20_aln       -            683 KF669877.1           -           3899         0 1362.3   0.4   1   1         0         0 1361.9   0.4     1   683  1590  2272  1590  2272 1.00 -
Cluster_18_aln       -            717 KF669877.1           -           3899         0 1330.1   2.4   1   1         0         0 1329.7   2.4     1   715  3181  3894  3181  3896 0.99 -
Cluster_36_aln       -            498 KF669877.1           -           3899  5.4e-248  815.7   0.0   1   1  2.1e-248  7.9e-248  815.1   0.0     1   498  2684  3180  2684  3180 0.99 -
Cluster_35_aln       -            454 KF669877.1           -           3899    5e-224  736.1   6.0   1   1    2e-224  7.5e-224  735.5   6.0     7   454  1143  1589  1137  1589 0.99 -
Cluster_23_aln       -            347 KF669877.1           -           3899    7e-189  619.3   1.8   1   1  1.9e-189    7e-189  619.3   1.8     2   347  2338  2683  2337  2683 1.00 -
Cluster_24_aln       -            374 KF669877.1           -           3899  1.2e-173  569.9   0.0   1   1  6.7e-174  2.4e-173  568.9   0.0     2   373   691  1061   690  1062 0.99 -
Cluster_26_aln       -            227 KF669877.1           -           3899    2e-122  399.3   4.1   1   1    1e-122  3.7e-122  398.4   4.1     1   227   268   494   268   494 0.99 -
Cluster_27_aln       -            198 KF669877.1           -           3899   1.4e-98  320.9   0.2   1   1   9.3e-99   3.4e-98  319.6   0.2     2   198   496   689   495   689 0.99 -
Cluster_32_aln       -            168 KF669877.1           -           3899   6.6e-85  275.2   0.1   1   1   3.8e-85   1.4e-84  274.1   0.1     1   168     1   168     1   168 1.00 -
Cluster_28_aln       -            101 KF669877.1           -           3899   1.2e-48  155.5   7.2   1   1   6.9e-49   2.5e-48  154.6   7.2     1   100   167   266   167   267 0.98 -
Cluster_21_aln       -            629 KF669877.1           -           3899   1.2e-36  118.3   3.5   1   1   5.6e-37   2.1e-36  117.5   3.5    99   480  1708  2109  1651  2116 0.77 -
Cluster_29_aln       -             64 KF669877.1           -           3899     1e-35  113.9   0.2   1   1   7.1e-36   2.6e-35  112.6   0.2     1    64  2273  2336  2273  2336 0.99 -
Cluster_38_aln       -             70 KF669877.1           -           3899   9.1e-35  110.7   1.7   1   1   2.5e-35   9.1e-35  110.7   1.7     2    70  1064  1132  1063  1132 0.98 -
Cluster_11_aln       -            627 KF669877.1           -           3899   1.4e-34  111.6   5.1   1   1   5.9e-35   2.2e-34  110.9   5.1    48   479  1649  2110  1632  2118 0.73 -
Cluster_58_aln       -            487 KF669877.1           -           3899   8.3e-32  102.3   0.0   1   1   3.9e-32   1.4e-31  101.5   0.0     1   478  2684  3166  2684  3176 0.81 -
Cluster_57_aln       -            456 KF669877.1           -           3899   4.3e-27   87.1  12.3   1   1   1.1e-26     4e-26   83.9  12.0   204   456  1333  1589  1146  1589 0.82 -
Cluster_1_aln        -            621 KF669877.1           -           3899   9.6e-23   72.5   0.1   1   1   4.6e-23   1.7e-22   71.6   0.1   110   468  1724  2101  1697  2120 0.75 -
Cluster_10_aln       -            594 KF669877.1           -           3899   1.9e-21   68.2   0.1   1   1     9e-22   3.3e-21   67.5   0.1   105   400  3406  3708  3317  3719 0.79 -
Cluster_19_aln       -            569 KF669877.1           -           3899   2.5e-19   61.1   0.0   1   1   1.1e-19   4.1e-19   60.4   0.0    43   413  3348  3749  3332  3762 0.75 -
Cluster_61_aln       -            220 KF669877.1           -           3899     3e-13   42.1   0.0   1   1   1.5e-13   5.6e-13   41.2   0.0     6   216  2689  2894  2684  2897 0.88 -
Cluster_0_aln        -            903 KF669877.1           -           3899     5e-10   30.1   0.0   1   1   3.3e-09   1.2e-08   25.5   0.0   522   782  3512  3747  3484  3762 0.79 -
Cluster_20_aln       -            683 KM522833.1           -           3899         0 1361.7   0.1   1   1         0         0 1361.1   0.1     1   683  1590  2272  1590  2272 1.00 -
Cluster_18_aln       -            717 KM522833.1           -           3899         0 1333.2   4.5   1   1         0         0 1332.8   4.5     1   716  3181  3895  3181  3896 0.99 -
Cluster_36_aln       -            498 KM522833.1           -           3899  2.1e-251  826.9   0.0   1   1  8.3e-252    3e-251  826.4   0.0     1   498  2684  3180  2684  3180 1.00 -
Cluster_35_aln       -            454 KM522833.1           -           3899    2e-225  740.7   5.6   1   1  8.2e-226    3e-225  740.1   5.6     8   454  1144  1589  1138  1589 0.99 -
Cluster_23_aln       -            347 KM522833.1           -           3899  2.1e-188  617.7   1.2   1   1  5.8e-189  2.1e-188  617.7   1.2     2   347  2338  2683  2337  2683 1.00 -
Cluster_24_aln       -            374 KM522833.1           -           3899  1.3e-172  566.5   0.0   1   1  6.6e-173  2.4e-172  565.7   0.0     2   373   691  1061   690  1062 0.99 -
Cluster_26_aln       -            227 KM522833.1           -           3899    3e-120  392.2   2.2   1   1  1.5e-120  5.6e-120  391.3   2.2     1   227   268   494   268   494 0.99 -
Cluster_27_aln       -            198 KM522833.1           -           3899   2.6e-98  320.0   0.3   1   1   1.7e-98   6.2e-98  318.7   0.3     2   198   496   689   495   689 0.99 -
Cluster_32_aln       -            168 KM522833.1           -           3899   3.4e-84  272.8   0.1   1   1   2.1e-84   7.6e-84  271.7   0.1     1   168     1   168     1   168 1.00 -
Cluster_28_aln       -            101 KM522833.1           -           3899   5.3e-49  156.7   6.0   1   1     3e-49   1.1e-48  155.7   6.0     1   100   167   266   167   267 0.98 -
Cluster_21_aln       -            629 KM522833.1           -           3899   2.5e-36  117.3   2.8   1   1   1.2e-36   4.3e-36  116.5   2.8    99   480  1708  2109  1651  2116 0.78 -
Cluster_29_aln       -             64 KM522833.1           -           3899   1.1e-35  113.8   0.2   1   1   7.5e-36   2.7e-35  112.6   0.2     1    64  2273  2336  2273  2336 0.99 -
Cluster_38_aln       -             70 KM522833.1           -           3899   1.3e-35  113.4   1.8   1   1   1.3e-35   4.6e-35  111.6   1.8     2    70  1064  1132  1063  1132 0.98 -
Cluster_11_aln       -            627 KM522833.1           -           3899   1.8e-34  111.1   4.3   1   1     8e-35   2.9e-34  110.5   4.3    49   478  1650  2109  1632  2118 0.73 -
Cluster_58_aln       -            487 KM522833.1           -           3899   1.8e-32  104.5   0.0   1   1   9.6e-33   3.5e-32  103.5   0.0     1   478  2684  3166  2684  3176 0.80 -
Cluster_57_aln       -            456 KM522833.1           -           3899   1.6e-28   91.8   7.1   1   1   1.3e-28   4.9e-28   90.2   7.0   145   456  1270  1589  1144  1589 0.79 -
Cluster_10_aln       -            594 KM522833.1           -           3899   1.4e-22   71.9   0.1   1   1     7e-23   2.6e-22   71.1   0.1   106   400  3407  3708  3329  3719 0.80 -
Cluster_1_aln        -            621 KM522833.1           -           3899   1.3e-21   68.8   0.1   1   1     6e-22   2.2e-21   68.0   0.1   110   468  1724  2101  1672  2119 0.77 -
Cluster_19_aln       -            569 KM522833.1           -           3899   8.5e-20   62.7   0.0   1   1   3.8e-20   1.4e-19   62.0   0.0    42   413  3347  3749  3332  3762 0.75 -
Cluster_61_aln       -            220 KM522833.1           -           3899   2.6e-14   45.5   0.0   1   1   1.4e-14     5e-14   44.6   0.0     3   216  2686  2894  2684  2897 0.89 -
Cluster_0_aln        -            903 KM522833.1           -           3899   1.8e-10   31.6   0.0   1   1   1.2e-09   4.5e-09   27.0   0.0   522   782  3512  3747  3484  3761 0.79 -
Cluster_20_aln       -            683 KM362426.1           -           3899         0 1364.2   0.1   1   1         0         0 1363.8   0.1     1   683  1590  2272  1590  2272 1.00 -
Cluster_18_aln       -            717 KM362426.1           -           3899         0 1319.3   2.5   1   1         0         0 1318.9   2.5     1   715  3181  3894  3181  3896 0.99 -
Cluster_36_aln       -            498 KM362426.1           -           3899  3.2e-248  816.4   0.2   1   1  1.3e-248  4.7e-248  815.9   0.2     1   498  2684  3180  2684  3180 1.00 -
Cluster_35_aln       -            454 KM362426.1           -           3899  3.3e-221  726.8   8.5   1   1  1.4e-221  5.1e-221  726.2   8.5     6   454  1142  1589  1138  1589 0.99 -
Cluster_23_aln       -            347 KM362426.1           -           3899  6.5e-189  619.4   2.0   1   1  1.8e-189  6.5e-189  619.4   2.0     2   347  2338  2683  2337  2683 1.00 -
Cluster_24_aln       -            374 KM362426.1           -           3899  3.9e-174  571.5   0.1   1   1  1.9e-174  6.9e-174  570.7   0.1     2   373   691  1061   690  1062 0.99 -
Cluster_26_aln       -            227 KM362426.1           -           3899  3.5e-120  392.0   2.4   1   1  9.4e-121  3.5e-120  392.0   2.4     1   227   268   494   268   494 0.99 -
Cluster_27_aln       -            198 KM362426.1           -           3899   5.9e-99  322.1   0.2   1   1   3.8e-99   1.4e-98  320.9   0.2     2   198   496   689   495   689 0.99 -
Cluster_32_aln       -            168 KM362426.1           -           3899   1.6e-85  277.2   0.0   1   1   9.7e-86   3.6e-85  276.1   0.0     1   168     1   168     1   168 1.00 -
Cluster_28_aln       -            101 KM362426.1           -           3899   1.6e-47  152.0   6.5   1   1   9.6e-48   3.5e-47  150.9   6.5     1   100   167   266   167   267 0.97 -
Cluster_21_aln       -            629 KM362426.1           -           3899   6.9e-37  119.1   2.3   1   1     3e-37   1.1e-36  118.4   2.3    99   480  1708  2109  1651  2116 0.78 -
Cluster_29_aln       -             64 KM362426.1           -           3899   2.1e-35  112.9   0.2   1   1   1.5e-35   5.6e-35  111.6   0.2     1    64  2273  2336  2273  2336 0.99 -
Cluster_38_aln       -             70 KM362426.1           -           3899   2.7e-35  112.3   1.6   1   1   7.5e-36   2.7e-35  112.3   1.6     2    70  1064  1132  1063  1132 0.98 -
Cluster_11_aln       -            627 KM362426.1           -           3899   2.6e-34  110.7   3.5   1   1   1.1e-34     4e-34  110.0   3.5    49   479  1650  2110  1632  2118 0.73 -
Cluster_58_aln       -            487 KM362426.1           -           3899   1.2e-31  101.7   0.1   1   1   6.9e-32   2.5e-31  100.7   0.1     1   478  2684  3166  2684  3176 0.78 -
Cluster_57_aln       -            456 KM362426.1           -           3899   1.7e-26   85.0   8.9   1   1   1.3e-26   4.9e-26   83.6   8.9   133   456  1258  1589  1139  1589 0.70 -
Cluster_10_aln       -            594 KM362426.1           -           3899   8.6e-23   72.7   0.2   1   1   4.5e-23   1.7e-22   71.7   0.2    63   400  3367  3708  3300  3719 0.80 -
Cluster_1_aln        -            621 KM362426.1           -           3899   1.8e-21   68.3   0.1   1   1   9.7e-22   3.6e-21   67.3   0.1   110   468  1724  2101  1649  2120 0.79 -
Cluster_19_aln       -            569 KM362426.1           -           3899   4.6e-20   63.5   0.0   1   1   2.1e-20   7.7e-20   62.8   0.0    42   413  3347  3748  3331  3762 0.75 -
Cluster_61_aln       -            220 KM362426.1           -           3899     1e-13   43.6   0.1   1   1   5.4e-14     2e-13   42.6   0.1     3   216  2686  2894  2684  2897 0.90 -
Cluster_0_aln        -            903 KM362426.1           -           3899   9.6e-10   29.2   0.0   1   1   6.2e-09   2.3e-08   24.6   0.0   522   781  3512  3746  3484  3761 0.79 -
Cluster_20_aln       -            683 KJ619377.1           -           3899         0 1363.9   0.1   1   1         0         0 1363.5   0.1     1   683  1590  2272  1590  2272 1.00 -
Cluster_18_aln       -            717 KJ619377.1           -           3899         0 1324.5   1.4   1   1         0         0 1324.1   1.4     1   716  3181  3895  3181  3896 0.99 -
Cluster_36_aln       -            498 KJ619377.1           -           3899  1.6e-249  820.7   0.6   1   1  6.2e-250  2.3e-249  820.2   0.6     1   498  2684  3180  2684  3180 0.99 -
Cluster_35_aln       -            454 KJ619377.1           -           3899  2.1e-224  737.3   5.5   1   1  8.9e-225  3.3e-224  736.7   5.5     6   454  1142  1589  1138  1589 0.99 -
Cluster_23_aln       -            347 KJ619377.1           -           3899  1.1e-188  618.7   2.2   1   1    3e-189  1.1e-188  618.7   2.2     2   347  2338  2683  2337  2683 1.00 -
Cluster_24_aln       -            374 KJ619377.1           -           3899  1.5e-175  576.2   0.1   1   1  7.2e-176  2.6e-175  575.4   0.1     2   373   691  1061   690  1062 0.99 -
Cluster_26_aln       -            227 KJ619377.1           -           3899  7.1e-120  391.0   2.1   1   1  4.4e-120  1.6e-119  389.8   2.1     1   227   268   494   268   494 0.99 -
Cluster_27_aln       -            198 KJ619377.1           -           3899   2.8e-98  319.9   0.1   1   1   1.9e-98     7e-98  318.6   0.1     2   198   496   689   495   689 0.99 -
Cluster_32_aln       -            168 KJ619377.1           -           3899   1.4e-84  274.1   0.0   1   1   8.3e-85   3.1e-84  273.0   0.0     1   168     1   168     1   168 1.00 -
Cluster_28_aln       -            101 KJ619377.1           -           3899   1.3e-48  155.5   6.6   1   1   7.5e-49   2.8e-48  154.4   6.6     1   100   167   266   167   267 0.97 -
Cluster_21_aln       -            629 KJ619377.1           -           3899   2.7e-36  117.1   2.3   1   1   1.3e-36   4.7e-36  116.4   2.3    99   480  1708  2109  1654  2116 0.77 -
Cluster_29_aln       -             64 KJ619377.1           -           3899   2.2e-35  112.9   0.2   1   1   1.5e-35   5.6e-35  111.6   0.2     1    64  2273  2336  2273  2336 0.99 -
Cluster_38_aln       -             70 KJ619377.1           -           3899   5.8e-35  111.3   1.6   1   1   1.6e-35   5.8e-35  111.3   1.6     2    70  1064  1132  1063  1132 0.98 -
Cluster_11_aln       -            627 KJ619377.1           -           3899     5e-34  109.7   3.8   1   1   2.1e-34   7.8e-34  109.1   3.8    48   479  1649  2110  1632  2118 0.74 -
Cluster_58_aln       -            487 KJ619377.1           -           3899   6.3e-33  106.0   0.3   1   1   3.2e-33   1.2e-32  105.1   0.3     1   478  2684  3166  2684  3176 0.79 -
Cluster_57_aln       -            456 KJ619377.1           -           3899   3.3e-28   90.7   6.6   1   1   2.5e-28   9.1e-28   89.3   6.6   134   456  1259  1589  1135  1589 0.73 -
Cluster_10_aln       -            594 KJ619377.1           -           3899   1.1e-22   72.3   0.1   1   1   5.5e-23     2e-22   71.5   0.1   107   400  3408  3708  3340  3719 0.80 -
Cluster_1_aln        -            621 KJ619377.1           -           3899   1.4e-21   68.7   0.0   1   1   7.3e-22   2.7e-21   67.7   0.0   110   468  1724  2101  1697  2120 0.76 -
Cluster_19_aln       -            569 KJ619377.1           -           3899   5.6e-19   60.0   0.0   1   1   2.5e-19   9.1e-19   59.3   0.0    43   413  3348  3749  3332  3762 0.73 -
Cluster_61_aln       -            220 KJ619377.1           -           3899   2.3e-14   45.7   0.1   1   1   1.2e-14   4.5e-14   44.7   0.1     5   216  2689  2894  2684  2897 0.88 -
Cluster_0_aln        -            903 KJ619377.1           -           3899     1e-09   29.1   0.0   1   1   6.6e-09   2.4e-08   24.6   0.0   528   782  3518  3747  3485  3762 0.79 -
Cluster_20_aln       -            683 KF977607.1           -           3899         0 1367.0   0.1   1   1         0         0 1366.3   0.1     1   683  1590  2272  1590  2272 1.00 -
Cluster_18_aln       -            717 KF977607.1           -           3899         0 1333.4   4.7   1   1         0         0 1333.0   4.7     1   716  3181  3895  3181  3896 0.99 -
Cluster_36_aln       -            498 KF977607.1           -           3899  6.9e-254  835.1   0.1   1   1  2.7e-254    1e-253  834.6   0.1     1   498  2684  3180  2684  3180 1.00 -
Cluster_35_aln       -            454 KF977607.1           -           3899  4.2e-226  742.9   5.5   1   1  1.8e-226  6.4e-226  742.3   5.5     8   454  1144  1589  1138  1589 0.99 -
Cluster_23_aln       -            347 KF977607.1           -           3899  4.7e-189  619.9   2.2   1   1  1.3e-189  4.7e-189  619.9   2.2     2   347  2338  2683  2337  2683 1.00 -
Cluster_24_aln       -            374 KF977607.1           -           3899  3.7e-172  565.1   0.2   1   1  1.9e-172    7e-172  564.2   0.2     2   373   691  1061   690  1062 0.99 -
Cluster_26_aln       -            227 KF977607.1           -           3899  1.7e-120  393.0   1.7   1   1  1.1e-120    4e-120  391.8   1.7     1   227   268   494   268   494 0.99 -
Cluster_27_aln       -            198 KF977607.1           -           3899   2.2e-99  323.5   0.3   1   1   1.4e-99   5.3e-99  322.2   0.3     2   198   496   689   495   689 0.99 -
Cluster_32_aln       -            168 KF977607.1           -           3899   6.9e-87  281.6   0.0   1   1   4.5e-87   1.6e-86  280.4   0.0     1   168     1   168     1   168 1.00 -
Cluster_28_aln       -            101 KF977607.1           -           3899   2.8e-48  154.4   5.8   1   1   1.6e-48     6e-48  153.4   5.8     1   100   167   266   167   267 0.97 -
Cluster_21_aln       -            629 KF977607.1           -           3899   1.3e-36  118.2   2.7   1   1     6e-37   2.2e-36  117.5   2.7    99   480  1708  2109  1651  2116 0.78 -
Cluster_38_aln       -             70 KF977607.1           -           3899   1.1e-35  113.6   1.8   1   1     3e-36   1.1e-35  113.6   1.8     3    70  1065  1132  1063  1132 0.98 -
Cluster_29_aln       -             64 KF977607.1           -           3899   1.1e-35  113.8   0.2   1   1   7.5e-36   2.7e-35  112.6   0.2     1    64  2273  2336  2273  2336 0.99 -
Cluster_11_aln       -            627 KF977607.1           -           3899   1.5e-34  111.4   4.1   1   1   6.4e-35   2.4e-34  110.8   4.1    48   479  1649  2110  1632  2118 0.73 -
Cluster_58_aln       -            487 KF977607.1           -           3899   1.2e-32  105.0   0.0   1   1   6.4e-33   2.4e-32  104.1   0.0     1   478  2684  3166  2684  3177 0.79 -
Cluster_57_aln       -            456 KF977607.1           -           3899   1.2e-27   88.9   8.9   1   1   1.9e-27     7e-27   86.3   8.9   199   456  1328  1589  1144  1589 0.79 -
Cluster_10_aln       -            594 KF977607.1           -           3899   1.1e-22   72.3   0.1   1   1   5.2e-23   1.9e-22   71.5   0.1   106   400  3407  3708  3335  3719 0.79 -
Cluster_1_aln        -            621 KF977607.1           -           3899   1.3e-21   68.8   0.0   1   1   5.9e-22   2.2e-21   68.0   0.0   110   468  1724  2101  1697  2120 0.76 -
Cluster_19_aln       -            569 KF977607.1           -           3899   8.6e-20   62.7   0.0   1   1   3.8e-20   1.4e-19   62.0   0.0    42   413  3347  3749  3332  3762 0.75 -
Cluster_61_aln       -            220 KF977607.1           -           3899   1.5e-14   46.3   0.1   1   1   7.9e-15   2.9e-14   45.4   0.1     3   216  2686  2894  2684  2897 0.90 -
Cluster_0_aln        -            903 KF977607.1           -           3899   1.7e-10   31.7   0.0   1   1   1.1e-09     4e-09   27.1   0.0   522   782  3512  3747  3484  3762 0.79 -
Cluster_18_aln       -            717 KC533775.2           -           3899         0 1319.1   2.3   1   1         0         0 1318.7   2.3     1   716  3181  3895  3181  3896 0.99 -
Cluster_20_aln       -            683 KC533775.2           -           3899         0 1317.7   0.3   1   1         0         0 1317.2   0.3     1   683  1590  2272  1590  2272 1.00 -
Cluster_36_aln       -            498 KC533775.2           -           3899  1.1e-248  817.9   0.3   1   1  4.5e-249  1.6e-248  817.4   0.3     1   498  2684  3180  2684  3180 1.00 -
Cluster_35_aln       -            454 KC533775.2           -           3899  2.6e-225  740.3   5.0   1   1  1.1e-225  3.9e-225  739.7   5.0     5   454  1141  1589  1137  1589 0.99 -
Cluster_23_aln       -            347 KC533775.2           -           3899  2.1e-188  617.7   2.3   1   1  5.7e-189  2.1e-188  617.7   2.3     2   347  2338  2683  2337  2683 1.00 -
Cluster_24_aln       -            374 KC533775.2           -           3899  1.4e-169  556.6   0.1   1   1  6.7e-170  2.5e-169  555.8   0.1     2   373   691  1061   690  1062 0.99 -
Cluster_26_aln       -            227 KC533775.2           -           3899  1.8e-121  396.2   2.7   1   1  1.2e-121  4.4e-121  395.0   2.7     1   227   268   494   268   494 0.99 -
Cluster_27_aln       -            198 KC533775.2           -           3899   1.2e-97  317.8   0.1   1   1   7.9e-98   2.9e-97  316.6   0.1     2   198   496   689   495   689 0.99 -
Cluster_32_aln       -            168 KC533775.2           -           3899   2.7e-84  273.2   0.0   1   1   4.1e-84   1.5e-83  270.8   0.1     1   168     1   168     1   168 1.00 -
Cluster_28_aln       -            101 KC533775.2           -           3899   2.1e-47  151.6   6.2   1   1   1.3e-47   4.8e-47  150.5   6.2     1   100   167   266   167   267 0.97 -
Cluster_38_aln       -             70 KC533775.2           -           3899   2.2e-35  112.7   1.3   1   1   5.9e-36   2.2e-35  112.7   1.3     2    70  1064  1132  1063  1132 0.98 -
Cluster_21_aln       -            629 KC533775.2           -           3899   8.3e-34  108.9   1.5   1   1   3.8e-34   1.4e-33  108.2   1.5    99   480  1708  2109  1613  2116 0.76 -
Cluster_11_aln       -            627 KC533775.2           -           3899   2.6e-33  107.3   3.0   1   1   1.1e-33   4.2e-33  106.6   3.0    45   479  1646  2110  1631  2118 0.77 -
Cluster_58_aln       -            487 KC533775.2           -           3899   8.8e-33  105.5   0.2   1   1   4.8e-33   1.7e-32  104.5   0.2     1   478  2684  3166  2684  3176 0.79 -
Cluster_29_aln       -             64 KC533775.2           -           3899   4.3e-30   95.9   0.1   1   1   3.3e-30   1.2e-29   94.5   0.1     1    64  2273  2336  2273  2336 0.98 -
Cluster_57_aln       -            456 KC533775.2           -           3899   8.4e-30   96.0   4.5   1   1   5.1e-30   1.9e-29   94.8   4.5    11   456  1143  1589  1135  1589 0.76 -
Cluster_10_aln       -            594 KC533775.2           -           3899   1.6e-21   68.5   0.1   1   1   7.8e-22   2.8e-21   67.7   0.1    64   400  3368  3708  3329  3719 0.80 -
Cluster_1_aln        -            621 KC533775.2           -           3899   1.2e-19   62.2   0.1   1   1     6e-20   2.2e-19   61.4   0.1   107   468  1721  2101  1640  2120 0.71 -
Cluster_19_aln       -            569 KC533775.2           -           3899   1.7e-18   58.4   0.0   1   1   7.6e-19   2.8e-18   57.7   0.0    42   412  3347  3748  3331  3760 0.76 -
Cluster_61_aln       -            220 KC533775.2           -           3899   5.5e-14   44.5   0.1   1   1   3.1e-14   1.1e-13   43.4   0.1     3   216  2686  2894  2684  2897 0.89 -
Cluster_0_aln        -            903 KC533775.2           -           3899   1.3e-09   28.7   0.0   1   1   8.9e-09   3.3e-08   24.1   0.0   529   778  3519  3743  3485  3751 0.78 -
Cluster_18_aln       -            717 KC533776.2           -           3899         0 1325.2   2.4   1   1         0         0 1324.7   2.4     1   716  3181  3895  3181  3896 0.99 -
Cluster_20_aln       -            683 KC533776.2           -           3899         0 1320.6   0.2   1   1         0         0 1320.2   0.2     1   683  1590  2272  1590  2272 1.00 -
Cluster_36_aln       -            498 KC533776.2           -           3899  8.9e-247  811.7   0.3   1   1  3.5e-247  1.3e-246  811.1   0.3     1   498  2684  3180  2684  3180 0.99 -
Cluster_35_aln       -            454 KC533776.2           -           3899  3.2e-226  743.3   5.8   1   1  1.3e-226  4.6e-226  742.8   5.8     5   454  1141  1589  1137  1589 0.99 -
Cluster_23_aln       -            347 KC533776.2           -           3899  1.2e-187  615.3   2.0   1   1  3.2e-188  1.2e-187  615.3   2.0     2   347  2338  2683  2337  2683 1.00 -
Cluster_24_aln       -            374 KC533776.2           -           3899  3.7e-173  568.3   0.1   1   1  1.8e-173  6.6e-173  567.5   0.1     2   373   691  1061   690  1062 0.99 -
Cluster_26_aln       -            227 KC533776.2           -           3899  4.6e-121  394.9   2.7   1   1  1.3e-121  4.6e-121  394.9   2.7     1   227   268   494   268   494 0.99 -
Cluster_27_aln       -            198 KC533776.2           -           3899   3.2e-99  323.0   0.2   1   1   2.2e-99   8.1e-99  321.6   0.2     2   198   496   689   495   689 0.99 -
Cluster_32_aln       -            168 KC533776.2           -           3899   3.5e-86  279.3   0.0   1   1     1e-85   3.7e-85  276.0   0.1     1   168     1   168     1   168 1.00 -
Cluster_28_aln       -            101 KC533776.2           -           3899   3.4e-48  154.2   6.2   1   1   2.2e-48     8e-48  153.0   6.2     1   100   167   266   167   267 0.97 -
Cluster_38_aln       -             70 KC533776.2           -           3899   2.2e-35  112.7   1.3   1   1   5.9e-36   2.2e-35  112.7   1.3     2    70  1064  1132  1063  1132 0.98 -
Cluster_21_aln       -            629 KC533776.2           -           3899   1.8e-33  107.8   2.8   1   1   8.1e-34     3e-33  107.1   2.8    99   480  1708  2109  1651  2115 0.78 -
Cluster_11_aln       -            627 KC533776.2           -           3899   1.2e-32  105.2   4.2   1   1   5.1e-33   1.9e-32  104.5   4.2    48   478  1649  2109  1632  2118 0.74 -
Cluster_58_aln       -            487 KC533776.2           -           3899   4.8e-32  103.1   0.2   1   1   2.5e-32   9.1e-32  102.1   0.2     1   478  2684  3166  2684  3176 0.79 -
Cluster_29_aln       -             64 KC533776.2           -           3899     3e-30   96.4   0.2   1   1   2.1e-30   7.8e-30   95.1   0.2     1    64  2273  2336  2273  2336 0.98 -
Cluster_57_aln       -            456 KC533776.2           -           3899   1.5e-29   95.1   5.0   1   1   8.8e-30   3.2e-29   94.0   5.0    12   456  1144  1589  1135  1589 0.76 -
Cluster_10_aln       -            594 KC533776.2           -           3899   7.4e-23   72.9   0.1   1   1   3.5e-23   1.3e-22   72.1   0.1    64   400  3368  3708  3329  3720 0.79 -
Cluster_1_aln        -            621 KC533776.2           -           3899   8.1e-21   66.1   0.0   1   1   4.1e-21   1.5e-20   65.2   0.0   110   468  1724  2101  1697  2120 0.76 -
Cluster_19_aln       -            569 KC533776.2           -           3899     5e-20   63.4   0.0   1   1   2.2e-20   8.2e-20   62.7   0.0    42   412  3347  3748  3331  3760 0.76 -
Cluster_61_aln       -            220 KC533776.2           -           3899   1.5e-13   43.1   0.1   1   1   8.3e-14     3e-13   42.0   0.1     3   216  2686  2894  2684  2897 0.89 -
Cluster_0_aln        -            903 KC533776.2           -           3899   1.2e-09   28.8   0.0   1   1   8.7e-09   3.2e-08   24.2   0.0   529   777  3519  3742  3485  3750 0.79 -
Cluster_18_aln       -            717 KC533793.2           -           3899         0 1324.2   2.3   1   1         0         0 1323.7   2.3     1   716  3181  3895  3181  3896 0.99 -
Cluster_20_aln       -            683 KC533793.2           -           3899         0 1253.1   0.1   1   1         0         0 1252.7   0.1     1   679  1590  2268  1590  2272 1.00 -
Cluster_36_aln       -            498 KC533793.2           -           3899  4.2e-248  816.1   0.7   1   1  1.7e-248  6.1e-248  815.5   0.7     1   498  2684  3180  2684  3180 1.00 -
Cluster_35_aln       -            454 KC533793.2           -           3899  2.7e-223  733.7   6.0   1   1  1.1e-223    4e-223  733.1   6.0     5   454  1141  1589  1137  1589 0.99 -
Cluster_23_aln       -            347 KC533793.2           -           3899  6.6e-189  619.4   2.0   1   1  1.8e-189  6.6e-189  619.4   2.0     2   347  2338  2683  2337  2683 1.00 -
Cluster_24_aln       -            374 KC533793.2           -           3899  4.5e-174  571.4   0.2   1   1  2.3e-174  8.6e-174  570.4   0.2     2   373   691  1061   690  1062 0.99 -
Cluster_26_aln       -            227 KC533793.2           -           3899  1.3e-121  396.7   2.7   1   1  8.7e-122  3.2e-121  395.4   2.7     2   227   269   494   268   494 0.99 -
Cluster_27_aln       -            198 KC533793.2           -           3899     2e-99  323.6   0.3   1   1   1.4e-99   5.1e-99  322.3   0.3     2   198   496   689   495   689 0.99 -
Cluster_32_aln       -            168 KC533793.2           -           3899   3.3e-85  276.1   0.1   1   1   2.1e-85   7.7e-85  275.0   0.1     1   168     1   168     1   168 1.00 -
Cluster_28_aln       -            101 KC533793.2           -           3899   5.8e-47  150.2   5.2   1   1   3.8e-47   1.4e-46  149.0   5.2     1   100   167   266   167   267 0.97 -
Cluster_38_aln       -             70 KC533793.2           -           3899   3.2e-36  115.3   2.0   1   1   8.7e-37   3.2e-36  115.3   2.0     2    70  1064  1132  1063  1132 0.98 -
Cluster_29_aln       -             64 KC533793.2           -           3899   7.6e-34  107.9   0.2   1   1   5.9e-34   2.2e-33  106.5   0.2     1    64  2273  2336  2273  2336 0.99 -
Cluster_21_aln       -            629 KC533793.2           -           3899   5.8e-33  106.2   2.3   1   1   2.8e-33     1e-32  105.3   2.3    99   480  1708  2109  1651  2116 0.77 -
Cluster_58_aln       -            487 KC533793.2           -           3899   1.3e-31  101.6   0.4   1   1   7.3e-32   2.7e-31  100.6   0.4     1   478  2684  3166  2684  3176 0.79 -
Cluster_11_aln       -            627 KC533793.2           -           3899   2.6e-31  100.7   3.2   1   1   1.1e-31   4.1e-31  100.1   3.2    48   479  1649  2110  1632  2118 0.74 -
Cluster_57_aln       -            456 KC533793.2           -           3899   1.7e-26   85.1   7.8   1   1     1e-26   3.8e-26   83.9   7.8    14   456  1146  1589  1135  1589 0.74 -
Cluster_10_aln       -            594 KC533793.2           -           3899   6.6e-23   73.1   0.1   1   1   3.2e-23   1.2e-22   72.2   0.1    64   400  3368  3708  3329  3719 0.80 -
Cluster_19_aln       -            569 KC533793.2           -           3899   8.2e-20   62.7   0.0   1   1   3.6e-20   1.3e-19   62.0   0.0    42   412  3347  3748  3331  3760 0.76 -
Cluster_1_aln        -            621 KC533793.2           -           3899   7.3e-19   59.6   0.0   1   1   3.6e-19   1.3e-18   58.8   0.0   110   468  1724  2101  1697  2120 0.74 -
Cluster_61_aln       -            220 KC533793.2           -           3899   5.7e-14   44.4   0.1   1   1   3.1e-14   1.1e-13   43.4   0.1     3   216  2686  2894  2684  2897 0.89 -
Cluster_0_aln        -            903 KC533793.2           -           3899   1.7e-09   28.4   0.0   1   1   1.2e-08   4.3e-08   23.7   0.0   529   778  3519  3743  3485  3751 0.78 -
Cluster_20_aln       -            683 JQ595295.1           -           3899         0 1362.1   0.1   1   1         0         0 1361.7   0.1     1   683  1590  2272  1590  2272 1.00 -
Cluster_18_aln       -            717 JQ595295.1           -           3899         0 1327.1   1.3   1   1         0         0 1326.7   1.3     1   716  3181  3895  3181  3896 0.99 -
Cluster_36_aln       -            498 JQ595295.1           -           3899  1.5e-247  814.3   0.3   1   1  5.7e-248  2.1e-247  813.7   0.3     1   498  2684  3180  2684  3180 0.99 -
Cluster_35_aln       -            454 JQ595295.1           -           3899  7.8e-222  728.9   6.9   1   1  3.1e-222  1.1e-221  728.3   6.9     5   454  1141  1589  1137  1589 0.99 -
Cluster_23_aln       -            347 JQ595295.1           -           3899  1.3e-189  621.7   1.4   1   1  3.5e-190  1.3e-189  621.7   1.4     2   347  2338  2683  2337  2683 1.00 -
Cluster_24_aln       -            374 JQ595295.1           -           3899  1.3e-174  573.1   0.4   1   1  6.4e-175  2.3e-174  572.3   0.4     2   373   691  1061   690  1062 0.99 -
Cluster_26_aln       -            227 JQ595295.1           -           3899  1.9e-120  392.9   3.9   1   1  9.9e-121  3.6e-120  391.9   3.9     1   227   268   494   268   494 0.99 -
Cluster_27_aln       -            198 JQ595295.1           -           3899   5.6e-98  318.9   0.2   1   1   4.3e-98   1.6e-97  317.4   0.2     2   198   496   689   495   689 0.99 -
Cluster_32_aln       -            168 JQ595295.1           -           3899   3.4e-86  279.4   0.1   1   1   2.1e-86   7.6e-86  278.2   0.1     1   168     1   168     1   168 1.00 -
Cluster_28_aln       -            101 JQ595295.1           -           3899     1e-47  152.6   6.8   1   1   6.7e-48   2.4e-47  151.4   6.8     1   100   167   266   167   267 0.97 -
Cluster_38_aln       -             70 JQ595295.1           -           3899   5.5e-36  114.6   2.4   1   1   1.5e-36   5.5e-36  114.6   2.4     2    70  1064  1132  1063  1132 0.98 -
Cluster_21_aln       -            629 JQ595295.1           -           3899   8.9e-36  115.4   2.6   1   1   2.4e-36   8.9e-36  115.4   2.6    99   480  1708  2109  1651  2116 0.77 -
Cluster_29_aln       -             64 JQ595295.1           -           3899   2.2e-35  112.9   0.2   1   1   1.5e-35   5.6e-35  111.6   0.2     1    64  2273  2336  2273  2336 0.99 -
Cluster_11_aln       -            627 JQ595295.1           -           3899   2.4e-34  110.8   3.9   1   1     1e-34   3.7e-34  110.1   3.9    48   479  1649  2110  1632  2118 0.73 -
Cluster_58_aln       -            487 JQ595295.1           -           3899   2.6e-33  107.2   0.2   1   1   1.3e-33   4.7e-33  106.4   0.2     1   478  2684  3166  2684  3176 0.80 -
Cluster_57_aln       -            456 JQ595295.1           -           3899   2.1e-28   91.4   8.6   1   1   1.7e-28   6.2e-28   89.8   8.6    23   456  1155  1589  1140  1589 0.71 -
Cluster_10_aln       -            594 JQ595295.1           -           3899     3e-23   74.2   0.1   1   1   1.5e-23   5.5e-23   73.3   0.1    65   400  3369  3708  3336  3719 0.79 -
Cluster_1_aln        -            621 JQ595295.1           -           3899   1.2e-21   68.8   0.1   1   1   6.3e-22   2.3e-21   67.9   0.1   110   468  1724  2101  1697  2120 0.75 -
Cluster_19_aln       -            569 JQ595295.1           -           3899   2.4e-20   64.5   0.0   1   1   1.1e-20   3.9e-20   63.8   0.0    42   416  3347  3752  3332  3762 0.75 -
Cluster_61_aln       -            220 JQ595295.1           -           3899   1.1e-13   43.4   0.1   1   1   5.9e-14   2.2e-13   42.5   0.1     3   216  2686  2894  2684  2897 0.88 -
Cluster_0_aln        -            903 JQ595295.1           -           3899   4.8e-10   30.2   0.0   1   1   3.2e-09   1.2e-08   25.6   0.0   522   779  3512  3744  3484  3752 0.79 -
Cluster_20_aln       -            683 KC149990.1           -           3899         0 1365.6   0.1   1   1         0         0 1365.2   0.1     1   683  1590  2272  1590  2272 1.00 -
Cluster_18_aln       -            717 KC149990.1           -           3899         0 1329.3   1.1   1   1         0         0 1328.9   1.1     1   716  3181  3895  3181  3896 0.99 -
Cluster_36_aln       -            498 KC149990.1           -           3899  1.8e-248  817.2   0.3   1   1  7.1e-249  2.6e-248  816.7   0.3     1   498  2684  3180  2684  3180 0.99 -
Cluster_35_aln       -            454 KC149990.1           -           3899  3.8e-224  736.5   4.9   1   1  1.5e-224  5.6e-224  735.9   4.9     5   454  1141  1589  1137  1589 0.99 -
Cluster_23_aln       -            347 KC149990.1           -           3899  2.7e-188  617.4   1.5   1   1  7.3e-189  2.7e-188  617.4   1.5     2   347  2338  2683  2337  2683 1.00 -
Cluster_24_aln       -            374 KC149990.1           -           3899  1.7e-174  572.7   0.2   1   1  9.2e-175  3.4e-174  571.8   0.2     2   373   691  1061   690  1062 0.99 -
Cluster_26_aln       -            227 KC149990.1           -           3899  4.8e-121  394.8   2.9   1   1  2.8e-121    1e-120  393.7   2.9     1   227   268   494   268   494 0.99 -
Cluster_27_aln       -            198 KC149990.1           -           3899     2e-98  320.3   0.2   1   1   1.3e-98   4.8e-98  319.1   0.2     2   198   496   689   495   689 0.99 -
Cluster_32_aln       -            168 KC149990.1           -           3899   8.4e-86  278.1   0.0   1   1   5.2e-86   1.9e-85  276.9   0.0     1   168     1   168     1   168 1.00 -
Cluster_28_aln       -            101 KC149990.1           -           3899   1.5e-47  152.1   6.9   1   1   8.6e-48   3.2e-47  151.0   6.9     2   100   168   266   167   267 0.97 -
Cluster_21_aln       -            629 KC149990.1           -           3899   2.6e-36  117.2   2.6   1   1   1.1e-36   4.1e-36  116.6   2.6    99   480  1708  2109  1651  2116 0.77 -
Cluster_29_aln       -             64 KC149990.1           -           3899   2.2e-35  112.9   0.2   1   1   1.5e-35   5.6e-35  111.6   0.2     1    64  2273  2336  2273  2336 0.99 -
Cluster_38_aln       -             70 KC149990.1           -           3899   5.9e-35  111.3   1.6   1   1   1.6e-35   5.9e-35  111.3   1.6     2    70  1064  1132  1063  1132 0.98 -
Cluster_11_aln       -            627 KC149990.1           -           3899   3.9e-34  110.1   3.9   1   1   1.7e-34   6.1e-34  109.4   3.9    48   479  1649  2110  1632  2118 0.73 -
Cluster_58_aln       -            487 KC149990.1           -           3899   4.9e-33  106.3   0.1   1   1   2.4e-33   8.8e-33  105.5   0.1     1   478  2684  3166  2684  3176 0.80 -
Cluster_57_aln       -            456 KC149990.1           -           3899     5e-28   90.1   7.6   1   1   3.7e-28   1.4e-27   88.7   7.6   129   456  1257  1589  1138  1589 0.70 -
Cluster_10_aln       -            594 KC149990.1           -           3899   8.1e-23   72.8   0.1   1   1   3.9e-23   1.4e-22   71.9   0.1    80   400  3384  3708  3339  3719 0.79 -
Cluster_1_aln        -            621 KC149990.1           -           3899   4.6e-21   66.9   0.0   1   1   2.2e-21   7.9e-21   66.1   0.0   110   468  1724  2101  1697  2120 0.76 -
Cluster_19_aln       -            569 KC149990.1           -           3899   2.9e-19   60.9   0.0   1   1   1.3e-19   4.8e-19   60.2   0.0    44   412  3349  3748  3334  3760 0.75 -
Cluster_61_aln       -            220 KC149990.1           -           3899   2.8e-14   45.4   0.1   1   1   1.5e-14   5.3e-14   44.5   0.1     3   216  2686  2894  2684  2897 0.89 -
Cluster_0_aln        -            903 KC149990.1           -           3899   7.1e-10   29.6   0.0   1   1   4.5e-09   1.7e-08   25.1   0.0   522   779  3512  3744  3484  3750 0.78 -
Cluster_20_aln       -            683 KC149991.1           -           3899         0 1366.2   0.1   1   1         0         0 1365.8   0.1     1   683  1590  2272  1590  2272 1.00 -
Cluster_18_aln       -            717 KC149991.1           -           3899         0 1330.7   1.4   1   1         0         0 1330.3   1.4     1   716  3181  3895  3181  3896 0.99 -
Cluster_36_aln       -            498 KC149991.1           -           3899  5.5e-249  818.9   0.2   1   1  2.1e-249  7.9e-249  818.4   0.2     1   498  2684  3180  2684  3180 0.99 -
Cluster_35_aln       -            454 KC149991.1           -           3899  1.3e-224  738.0   3.6   1   1  5.6e-225  2.1e-224  737.4   3.6     5   454  1141  1589  1137  1589 0.99 -
Cluster_23_aln       -            347 KC149991.1           -           3899  1.1e-188  618.7   1.5   1   1    3e-189  1.1e-188  618.7   1.5     2   347  2338  2683  2337  2683 1.00 -
Cluster_24_aln       -            374 KC149991.1           -           3899    1e-174  573.5   0.2   1   1  5.2e-175  1.9e-174  572.6   0.2     2   373   691  1061   690  1062 0.99 -
Cluster_26_aln       -            227 KC149991.1           -           3899  2.2e-120  392.6   3.9   1   1  1.3e-120  4.8e-120  391.6   3.9     1   227   268   494   268   494 0.99 -
Cluster_27_aln       -            198 KC149991.1           -           3899   6.5e-99  321.9   0.2   1   1   4.4e-99   1.6e-98  320.7   0.2     2   198   496   689   495   689 0.99 -
Cluster_32_aln       -            168 KC149991.1           -           3899   7.6e-86  278.2   0.0   1   1   4.7e-86   1.7e-85  277.1   0.0     1   168     1   168     1   168 1.00 -
Cluster_28_aln       -            101 KC149991.1           -           3899   2.7e-48  154.5   6.5   1   1   1.6e-48   5.9e-48  153.4   6.5     2   100   168   266   167   267 0.97 -
Cluster_21_aln       -            629 KC149991.1           -           3899   2.3e-36  117.4   2.5   1   1     1e-36   3.7e-36  116.7   2.5    99   480  1708  2109  1651  2116 0.77 -
Cluster_29_aln       -             64 KC149991.1           -           3899   2.2e-35  112.9   0.2   1   1   1.5e-35   5.6e-35  111.6   0.2     1    64  2273  2336  2273  2336 0.99 -
Cluster_38_aln       -             70 KC149991.1           -           3899   1.9e-34  109.6   1.6   1   1   5.2e-35   1.9e-34  109.6   1.6     2    70  1064  1132  1063  1132 0.98 -
Cluster_11_aln       -            627 KC149991.1           -           3899   3.6e-34  110.2   3.8   1   1   1.5e-34   5.5e-34  109.6   3.8    48   479  1649  2110  1632  2118 0.73 -
Cluster_58_aln       -            487 KC149991.1           -           3899   3.6e-33  106.8   0.1   1   1   1.8e-33   6.5e-33  105.9   0.1     1   478  2684  3166  2684  3176 0.80 -
Cluster_57_aln       -            456 KC149991.1           -           3899     4e-28   90.4   5.6   1   1   2.8e-28     1e-27   89.1   5.6   134   456  1259  1589  1139  1589 0.73 -
Cluster_10_aln       -            594 KC149991.1           -           3899   5.8e-23   73.2   0.1   1   1   2.8e-23     1e-22   72.4   0.1    64   400  3368  3708  3336  3719 0.79 -
Cluster_1_aln        -            621 KC149991.1           -           3899   2.9e-21   67.6   0.0   1   1   1.3e-21   4.9e-21   66.8   0.0   110   468  1724  2101  1697  2120 0.76 -
Cluster_19_aln       -            569 KC149991.1           -           3899   1.1e-19   62.3   0.0   1   1   4.8e-20   1.8e-19   61.6   0.0    42   413  3347  3749  3332  3762 0.75 -
Cluster_61_aln       -            220 KC149991.1           -           3899   4.7e-14   44.7   0.1   1   1   2.5e-14     9e-14   43.8   0.1     3   216  2686  2894  2684  2897 0.90 -
Cluster_0_aln        -            903 KC149991.1           -           3899   8.4e-10   29.4   0.0   1   1   5.3e-09     2e-08   24.9   0.0   522   782  3512  3747  3484  3762 0.79 -
Cluster_20_aln       -            683 JX262391.1           -           3899         0 1363.9   0.1   1   1         0         0 1363.5   0.1     1   683  1590  2272  1590  2272 1.00 -
Cluster_18_aln       -            717 JX262391.1           -           3899         0 1329.5   1.8   1   1         0         0 1329.0   1.8     1   716  3181  3895  3181  3896 0.99 -
Cluster_36_aln       -            498 JX262391.1           -           3899  1.1e-249  821.2   0.3   1   1  4.4e-250  1.6e-249  820.7   0.3     1   498  2684  3180  2684  3180 0.99 -
Cluster_35_aln       -            454 JX262391.1           -           3899  1.9e-224  737.5   7.2   1   1  7.4e-225  2.7e-224  737.0   7.2     6   454  1142  1589  1137  1589 0.99 -
Cluster_23_aln       -            347 JX262391.1           -           3899  5.3e-188  616.4   1.2   1   1  1.5e-188  5.3e-188  616.4   1.2     2   347  2338  2683  2337  2683 1.00 -
Cluster_24_aln       -            374 JX262391.1           -           3899  8.2e-176  577.1   0.2   1   1  4.1e-176  1.5e-175  576.2   0.2     2   373   691  1061   690  1062 0.99 -
Cluster_26_aln       -            227 JX262391.1           -           3899  6.9e-121  394.3   2.9   1   1  4.2e-121  1.6e-120  393.2   2.9     1   227   268   494   268   494 0.99 -
Cluster_27_aln       -            198 JX262391.1           -           3899   9.1e-99  321.5   0.2   1   1     6e-99   2.2e-98  320.2   0.2     2   198   496   689   495   689 0.99 -
Cluster_32_aln       -            168 JX262391.1           -           3899   4.3e-84  272.5   0.0   1   1   2.6e-84   9.7e-84  271.4   0.0     1   168     1   168     1   168 1.00 -
Cluster_28_aln       -            101 JX262391.1           -           3899   4.7e-47  150.5   6.5   1   1   2.8e-47     1e-46  149.4   6.5     2   100   168   266   167   267 0.96 -
Cluster_21_aln       -            629 JX262391.1           -           3899   2.4e-36  117.3   2.5   1   1   1.1e-36   4.1e-36  116.6   2.5    99   480  1708  2109  1651  2116 0.77 -
Cluster_29_aln       -             64 JX262391.1           -           3899   2.9e-35  112.5   0.2   1   1   2.1e-35   7.6e-35  111.1   0.2     1    64  2273  2336  2273  2336 0.99 -
Cluster_38_aln       -             70 JX262391.1           -           3899   1.2e-34  110.3   1.0   1   1   3.3e-35   1.2e-34  110.3   1.0     2    70  1064  1132  1063  1132 0.98 -
Cluster_11_aln       -            627 JX262391.1           -           3899   4.4e-34  109.9   3.8   1   1   1.9e-34   6.9e-34  109.2   3.8    48   479  1649  2110  1632  2118 0.73 -
Cluster_58_aln       -            487 JX262391.1           -           3899   8.9e-33  105.5   0.1   1   1   4.4e-33   1.6e-32  104.6   0.1     1   478  2684  3166  2684  3176 0.80 -
Cluster_57_aln       -            456 JX262391.1           -           3899   1.1e-27   89.0   8.9   1   1   8.2e-28     3e-27   87.5   8.9    17   456  1149  1589  1139  1589 0.72 -
Cluster_10_aln       -            594 JX262391.1           -           3899   1.5e-22   71.9   0.1   1   1     7e-23   2.6e-22   71.1   0.1    79   400  3383  3708  3336  3719 0.79 -
Cluster_1_aln        -            621 JX262391.1           -           3899   3.3e-21   67.4   0.0   1   1   1.5e-21   5.7e-21   66.6   0.0   110   468  1724  2101  1697  2120 0.76 -
Cluster_19_aln       -            569 JX262391.1           -           3899   2.5e-19   61.1   0.0   1   1   1.1e-19   4.2e-19   60.4   0.0    42   413  3347  3749  3332  3762 0.75 -
Cluster_61_aln       -            220 JX262391.1           -           3899   1.4e-13   43.1   0.1   1   1   7.4e-14   2.7e-13   42.2   0.1     3   216  2686  2894  2684  2897 0.87 -
Cluster_0_aln        -            903 JX262391.1           -           3899   7.2e-10   29.6   0.0   1   1   4.7e-09   1.7e-08   25.0   0.0   522   782  3512  3747  3484  3762 0.79 -
Cluster_20_aln       -            683 JX218094.1           -           3899         0 1361.4   0.1   1   1         0         0 1361.0   0.1     1   683  1590  2272  1590  2272 1.00 -
Cluster_18_aln       -            717 JX218094.1           -           3899         0 1324.1   2.1   1   1         0         0 1323.7   2.1     1   716  3181  3895  3181  3896 0.99 -
Cluster_36_aln       -            498 JX218094.1           -           3899  5.2e-250  822.3   0.3   1   1    2e-250  7.4e-250  821.8   0.3     1   498  2684  3180  2684  3180 0.99 -
Cluster_35_aln       -            454 JX218094.1           -           3899  2.1e-224  737.3   7.2   1   1  8.3e-225    3e-224  736.8   7.2     6   454  1142  1589  1137  1589 0.99 -
Cluster_23_aln       -            347 JX218094.1           -           3899  4.7e-189  619.9   1.7   1   1  1.3e-189  4.7e-189  619.9   1.7     2   347  2338  2683  2337  2683 1.00 -
Cluster_24_aln       -            374 JX218094.1           -           3899  8.6e-176  577.0   0.3   1   1  4.3e-176  1.6e-175  576.2   0.3     2   373   691  1061   690  1062 0.99 -
Cluster_26_aln       -            227 JX218094.1           -           3899  1.5e-120  393.2   2.6   1   1  8.9e-121  3.3e-120  392.1   2.6     1   227   268   494   268   494 0.99 -
Cluster_27_aln       -            198 JX218094.1           -           3899   2.1e-98  320.3   0.2   1   1   1.3e-98   4.9e-98  319.1   0.2     2   198   496   689   495   689 0.99 -
Cluster_32_aln       -            168 JX218094.1           -           3899   3.1e-85  276.2   0.0   1   1   1.9e-85   7.1e-85  275.1   0.0     1   168     1   168     1   168 1.00 -
Cluster_28_aln       -            101 JX218094.1           -           3899   4.3e-47  150.6   6.3   1   1   2.6e-47   9.6e-47  149.5   6.3     2   100   168   266   167   267 0.96 -
Cluster_21_aln       -            629 JX218094.1           -           3899   1.6e-36  117.9   2.8   1   1   7.4e-37   2.7e-36  117.2   2.8    99   480  1708  2109  1651  2116 0.77 -
Cluster_29_aln       -             64 JX218094.1           -           3899   2.7e-35  112.6   0.2   1   1   1.9e-35     7e-35  111.2   0.2     1    64  2273  2336  2273  2336 0.99 -
Cluster_38_aln       -             70 JX218094.1           -           3899   1.2e-34  110.3   1.0   1   1   3.3e-35   1.2e-34  110.3   1.0     2    70  1064  1132  1063  1132 0.98 -
Cluster_11_aln       -            627 JX218094.1           -           3899     1e-33  108.6   4.0   1   1   4.5e-34   1.6e-33  108.0   4.0    48   479  1649  2110  1632  2118 0.73 -
Cluster_58_aln       -            487 JX218094.1           -           3899   5.9e-33  106.1   0.2   1   1   2.9e-33   1.1e-32  105.2   0.2     1   478  2684  3166  2684  3176 0.80 -
Cluster_57_aln       -            456 JX218094.1           -           3899   5.4e-28   90.0   8.9   1   1     4e-28   1.5e-27   88.6   8.9    17   456  1149  1589  1139  1589 0.72 -
Cluster_10_aln       -            594 JX218094.1           -           3899   8.3e-23   72.7   0.1   1   1     4e-23   1.5e-22   71.9   0.1    79   400  3383  3708  3336  3719 0.79 -
Cluster_1_aln        -            621 JX218094.1           -           3899   7.9e-22   69.4   0.0   1   1   3.8e-22   1.4e-21   68.6   0.0   110   469  1724  2102  1697  2121 0.75 -
Cluster_19_aln       -            569 JX218094.1           -           3899   3.3e-19   60.7   0.0   1   1   1.5e-19   5.4e-19   60.0   0.0    42   412  3347  3748  3332  3762 0.74 -
Cluster_61_aln       -            220 JX218094.1           -           3899     7e-14   44.1   0.1   1   1   3.7e-14   1.4e-13   43.2   0.1     3   216  2686  2894  2684  2897 0.88 -
Cluster_0_aln        -            903 JX218094.1           -           3899   3.8e-10   30.5   0.0   1   1   2.6e-09   9.4e-09   25.9   0.0   522   783  3512  3748  3484  3762 0.79 -
Cluster_20_aln       -            683 JQ861548.3           -           3899         0 1362.7   0.1   1   1         0         0 1362.2   0.1     1   683  1590  2272  1590  2272 1.00 -
Cluster_18_aln       -            717 JQ861548.3           -           3899         0 1325.2   2.4   1   1         0         0 1324.8   2.4     1   716  3181  3895  3181  3896 0.99 -
Cluster_36_aln       -            498 JQ861548.3           -           3899  1.4e-246  811.1   0.3   1   1  5.4e-247    2e-246  810.5   0.3     1   498  2684  3180  2684  3180 0.99 -
Cluster_35_aln       -            454 JQ861548.3           -           3899  3.1e-226  743.4   5.8   1   1  1.3e-226  4.6e-226  742.8   5.8     5   454  1141  1589  1137  1589 0.99 -
Cluster_23_aln       -            347 JQ861548.3           -           3899  1.2e-185  608.7   2.5   1   1  3.3e-186  1.2e-185  608.7   2.5     2   347  2338  2683  2337  2683 1.00 -
Cluster_24_aln       -            374 JQ861548.3           -           3899  4.7e-174  571.3   0.2   1   1  2.3e-174  8.3e-174  570.5   0.2     2   373   691  1061   690  1062 0.99 -
Cluster_26_aln       -            227 JQ861548.3           -           3899  5.2e-121  394.7   3.4   1   1  3.2e-121  1.2e-120  393.5   3.4     1   227   268   494   268   494 0.99 -
Cluster_27_aln       -            198 JQ861548.3           -           3899   2.1e-99  323.6   0.3   1   1   1.4e-99   5.1e-99  322.3   0.3     2   198   496   689   495   689 0.99 -
Cluster_32_aln       -            168 JQ861548.3           -           3899   1.1e-85  277.7   0.0   1   1   1.1e-85     4e-85  275.9   0.0     1   168     1   168     1   168 1.00 -
Cluster_28_aln       -            101 JQ861548.3           -           3899   4.8e-48  153.7   5.3   1   1   3.1e-48   1.1e-47  152.5   5.3     1   100   167   266   167   267 0.97 -
Cluster_21_aln       -            629 JQ861548.3           -           3899   1.1e-36  118.5   2.3   1   1   5.2e-37   1.9e-36  117.7   2.3    99   480  1708  2109  1651  2116 0.77 -
Cluster_38_aln       -             70 JQ861548.3           -           3899   7.1e-36  114.2   1.3   1   1   1.9e-36   7.1e-36  114.2   1.3     2    70  1064  1132  1063  1132 0.98 -
Cluster_29_aln       -             64 JQ861548.3           -           3899   1.3e-35  113.6   0.2   1   1     1e-35   3.7e-35  112.1   0.2     1    64  2273  2336  2273  2336 0.99 -
Cluster_11_aln       -            627 JQ861548.3           -           3899   1.7e-34  111.3   3.6   1   1   7.1e-35   2.6e-34  110.6   3.6    48   479  1649  2110  1632  2118 0.73 -
Cluster_58_aln       -            487 JQ861548.3           -           3899     5e-32  103.0   0.1   1   1   2.7e-32   9.9e-32  102.0   0.1     1   478  2684  3166  2684  3176 0.79 -
Cluster_57_aln       -            456 JQ861548.3           -           3899   1.4e-29   95.2   5.0   1   1   8.8e-30   3.2e-29   94.0   5.0    12   456  1144  1589  1135  1589 0.76 -
Cluster_10_aln       -            594 JQ861548.3           -           3899   7.4e-23   72.9   0.1   1   1   3.6e-23   1.3e-22   72.1   0.1    64   400  3368  3708  3329  3719 0.79 -
Cluster_1_aln        -            621 JQ861548.3           -           3899   1.5e-21   68.5   0.0   1   1   7.7e-22   2.8e-21   67.6   0.0   110   468  1724  2101  1697  2120 0.76 -
Cluster_19_aln       -            569 JQ861548.3           -           3899   5.9e-20   63.2   0.0   1   1   2.6e-20   9.7e-20   62.5   0.0    42   412  3347  3748  3331  3760 0.76 -
Cluster_61_aln       -            220 JQ861548.3           -           3899   1.5e-13   43.0   0.1   1   1   8.3e-14     3e-13   42.0   0.1     3   216  2686  2894  2684  2897 0.89 -
Cluster_0_aln        -            903 JQ861548.3           -           3899   1.7e-09   28.4   0.0   1   1   1.2e-08   4.3e-08   23.7   0.0   529   778  3519  3743  3485  3751 0.78 -
Cluster_20_aln       -            683 JQ268754.1           -           3899         0 1356.6   0.1   1   1         0         0 1356.2   0.1     1   683  1590  2272  1590  2272 1.00 -
Cluster_18_aln       -            717 JQ268754.1           -           3899         0 1326.7   1.4   1   1         0         0 1326.3   1.4     1   716  3181  3895  3181  3896 0.99 -
Cluster_36_aln       -            498 JQ268754.1           -           3899  6.9e-250  821.9   0.4   1   1  2.7e-250  9.7e-250  821.4   0.4     1   498  2684  3180  2684  3180 1.00 -
Cluster_35_aln       -            454 JQ268754.1           -           3899  2.1e-225  740.6   3.8   1   1  8.5e-226  3.1e-225  740.1   3.8     5   454  1141  1589  1137  1589 0.99 -
Cluster_23_aln       -            347 JQ268754.1           -           3899  3.6e-188  617.0   1.0   1   1  9.8e-189  3.6e-188  617.0   1.0     2   347  2338  2683  2337  2683 1.00 -
Cluster_24_aln       -            374 JQ268754.1           -           3899  4.3e-175  574.7   0.2   1   1  2.3e-175  8.3e-175  573.8   0.2     2   373   691  1061   690  1062 0.99 -
Cluster_26_aln       -            227 JQ268754.1           -           3899  3.6e-121  395.2   3.2   1   1  2.1e-121  7.8e-121  394.1   3.2     1   227   268   494   268   494 0.99 -
Cluster_27_aln       -            198 JQ268754.1           -           3899   6.7e-99  321.9   0.2   1   1   4.5e-99   1.6e-98  320.6   0.2     2   198   496   689   495   689 0.99 -
Cluster_32_aln       -            168 JQ268754.1           -           3899   1.7e-85  277.1   0.0   1   1     1e-85   3.7e-85  276.0   0.0     1   168     1   168     1   168 1.00 -
Cluster_28_aln       -            101 JQ268754.1           -           3899   3.8e-48  154.0   6.7   1   1   2.3e-48   8.3e-48  152.9   6.7     2   100   168   266   167   267 0.97 -
Cluster_21_aln       -            629 JQ268754.1           -           3899   7.3e-36  115.7   2.7   1   1   3.2e-36   1.2e-35  115.0   2.7    99   480  1708  2109  1651  2116 0.77 -
Cluster_29_aln       -             64 JQ268754.1           -           3899   2.2e-35  112.9   0.2   1   1   1.5e-35   5.6e-35  111.6   0.2     1    64  2273  2336  2273  2336 0.99 -
Cluster_38_aln       -             70 JQ268754.1           -           3899   2.1e-34  109.5   1.7   1   1   5.7e-35   2.1e-34  109.5   1.7     2    70  1064  1132  1063  1132 0.98 -
Cluster_58_aln       -            487 JQ268754.1           -           3899   3.8e-34  110.0   0.2   1   1   1.9e-34     7e-34  109.1   0.2     1   478  2684  3166  2684  3176 0.80 -
Cluster_11_aln       -            627 JQ268754.1           -           3899     1e-33  108.7   4.0   1   1   4.4e-34   1.6e-33  108.0   4.0    48   479  1649  2110  1632  2118 0.74 -
Cluster_57_aln       -            456 JQ268754.1           -           3899   4.3e-28   90.4   6.6   1   1     3e-28   1.1e-27   89.0   6.6    17   456  1149  1589  1138  1589 0.72 -
Cluster_10_aln       -            594 JQ268754.1           -           3899   6.3e-23   73.1   0.1   1   1   2.9e-23   1.1e-22   72.4   0.1    63   400  3367  3708  3321  3719 0.80 -
Cluster_1_aln        -            621 JQ268754.1           -           3899   2.6e-21   67.7   0.1   1   1   1.2e-21   4.6e-21   66.9   0.1   110   468  1724  2101  1697  2120 0.76 -
Cluster_19_aln       -            569 JQ268754.1           -           3899   5.8e-20   63.2   0.0   1   1   2.6e-20   9.5e-20   62.5   0.0    42   413  3347  3749  3332  3762 0.75 -
Cluster_61_aln       -            220 JQ268754.1           -           3899   1.1e-14   46.7   0.1   1   1   5.9e-15   2.2e-14   45.8   0.1     3   216  2686  2894  2684  2897 0.90 -
Cluster_0_aln        -            903 JQ268754.1           -           3899   7.6e-10   29.5   0.0   1   1   5.1e-09   1.9e-08   24.9   0.0   528   782  3518  3747  3503  3762 0.79 -
Cluster_20_aln       -            683 HQ148061.1           -           3899         0 1361.8   0.1   1   1         0         0 1361.4   0.1     1   683  1590  2272  1590  2272 1.00 -
Cluster_18_aln       -            717 HQ148061.1           -           3899         0 1327.2   1.4   1   1         0         0 1326.8   1.4     1   716  3181  3895  3181  3896 0.99 -
Cluster_36_aln       -            498 HQ148061.1           -           3899  1.4e-248  817.6   0.2   1   1  5.6e-249  2.1e-248  817.1   0.2     1   498  2684  3180  2684  3180 0.99 -
Cluster_35_aln       -            454 HQ148061.1           -           3899  1.9e-221  727.6   8.1   1   1  7.8e-222  2.9e-221  727.0   8.1     8   454  1144  1589  1138  1589 0.99 -
Cluster_23_aln       -            347 HQ148061.1           -           3899  1.6e-189  621.4   1.6   1   1  4.4e-190  1.6e-189  621.4   1.6     2   347  2338  2683  2337  2683 1.00 -
Cluster_24_aln       -            374 HQ148061.1           -           3899  2.9e-176  578.6   0.3   1   1  1.4e-176  5.1e-176  577.8   0.3     2   373   691  1061   690  1062 0.99 -
Cluster_26_aln       -            227 HQ148061.1           -           3899  1.6e-121  396.4   3.9   1   1  8.9e-122  3.3e-121  395.4   3.9     1   227   268   494   268   494 0.99 -
Cluster_27_aln       -            198 HQ148061.1           -           3899  4.8e-100  325.6   0.3   1   1  3.6e-100   1.3e-99  324.2   0.3     2   198   496   689   495   689 0.99 -
Cluster_32_aln       -            168 HQ148061.1           -           3899     1e-85  277.8   0.1   1   1   6.2e-86   2.3e-85  276.7   0.1     1   168     1   168     1   168 1.00 -
Cluster_28_aln       -            101 HQ148061.1           -           3899   1.6e-47  152.0   6.4   1   1     1e-47   3.7e-47  150.8   6.4     1   100   167   266   167   267 0.97 -
Cluster_21_aln       -            629 HQ148061.1           -           3899   2.4e-36  117.4   1.3   1   1   1.1e-36   3.9e-36  116.6   1.3   100   480  1709  2109  1678  2116 0.76 -
Cluster_38_aln       -             70 HQ148061.1           -           3899   5.5e-36  114.6   2.4   1   1   1.5e-36   5.5e-36  114.6   2.4     2    70  1064  1132  1063  1132 0.98 -
Cluster_29_aln       -             64 HQ148061.1           -           3899   2.1e-35  112.9   0.2   1   1   1.5e-35   5.6e-35  111.6   0.2     1    64  2273  2336  2273  2336 0.99 -
Cluster_11_aln       -            627 HQ148061.1           -           3899   1.7e-34  111.2   4.1   1   1   7.4e-35   2.7e-34  110.6   4.1    48   479  1649  2110  1632  2118 0.73 -
Cluster_58_aln       -            487 HQ148061.1           -           3899   9.7e-32  102.0   0.1   1   1     5e-32   1.8e-31  101.1   0.1     1   478  2684  3166  2684  3176 0.78 -
Cluster_57_aln       -            456 HQ148061.1           -           3899   1.3e-30   98.7   8.1   1   1     7e-31   2.6e-30   97.7   8.1    20   456  1152  1589  1141  1589 0.77 -
Cluster_10_aln       -            594 HQ148061.1           -           3899   1.9e-23   74.9   0.1   1   1   9.2e-24   3.4e-23   74.0   0.1    64   400  3368  3708  3336  3719 0.79 -
Cluster_1_aln        -            621 HQ148061.1           -           3899   1.2e-21   68.8   0.1   1   1     6e-22   2.2e-21   68.0   0.1   110   468  1724  2101  1651  2120 0.77 -
Cluster_19_aln       -            569 HQ148061.1           -           3899     3e-20   64.1   0.0   1   1   1.4e-20     5e-20   63.4   0.0    42   413  3347  3749  3332  3762 0.75 -
Cluster_61_aln       -            220 HQ148061.1           -           3899   3.8e-14   45.0   0.1   1   1     2e-14   7.2e-14   44.1   0.1     3   216  2686  2894  2684  2897 0.89 -
Cluster_0_aln        -            903 HQ148061.1           -           3899   4.2e-10   30.4   0.0   1   1   2.7e-09   9.8e-09   25.8   0.0   522   782  3512  3747  3484  3762 0.79 -
Cluster_20_aln       -            683 HQ148062.1           -           3899         0 1365.1   0.2   1   1         0         0 1364.6   0.2     1   683  1590  2272  1590  2272 1.00 -
Cluster_18_aln       -            717 HQ148062.1           -           3899         0 1328.6   1.4   1   1         0         0 1328.2   1.4     1   716  3181  3895  3181  3896 0.99 -
Cluster_36_aln       -            498 HQ148062.1           -           3899  4.8e-249  819.1   0.2   1   1  1.9e-249  7.1e-249  818.6   0.2     1   498  2684  3180  2684  3180 0.99 -
Cluster_35_aln       -            454 HQ148062.1           -           3899  8.3e-222  728.8   7.8   1   1  3.5e-222  1.3e-221  728.2   7.8     8   454  1144  1589  1138  1589 0.99 -
Cluster_23_aln       -            347 HQ148062.1           -           3899  2.5e-189  620.8   1.8   1   1  6.9e-190  2.5e-189  620.8   1.8     2   347  2338  2683  2337  2683 1.00 -
Cluster_24_aln       -            374 HQ148062.1           -           3899  5.7e-175  574.3   0.3   1   1  2.8e-175    1e-174  573.5   0.3     2   373   691  1061   690  1062 0.99 -
Cluster_26_aln       -            227 HQ148062.1           -           3899  2.1e-122  399.3   3.1   1   1  1.1e-122    4e-122  398.3   3.1     1   227   268   494   268   494 0.99 -
Cluster_27_aln       -            198 HQ148062.1           -           3899    6e-100  325.3   0.3   1   1  4.9e-100   1.8e-99  323.8   0.3     2   198   496   689   495   689 0.99 -
Cluster_32_aln       -            168 HQ148062.1           -           3899   2.2e-85  276.7   0.1   1   1   1.3e-85   4.9e-85  275.6   0.1     1   168     1   168     1   168 1.00 -
Cluster_28_aln       -            101 HQ148062.1           -           3899     1e-47  152.6   6.8   1   1   6.7e-48   2.4e-47  151.4   6.8     1   100   167   266   167   267 0.97 -
Cluster_21_aln       -            629 HQ148062.1           -           3899   7.4e-36  115.7   2.6   1   1     2e-36   7.4e-36  115.7   2.6    99   480  1708  2109  1651  2116 0.76 -
Cluster_38_aln       -             70 HQ148062.1           -           3899   1.1e-35  113.6   1.7   1   1   3.1e-36   1.1e-35  113.6   1.7     2    70  1064  1132  1063  1132 0.98 -
Cluster_29_aln       -             64 HQ148062.1           -           3899   2.2e-35  112.9   0.2   1   1   1.5e-35   5.6e-35  111.6   0.2     1    64  2273  2336  2273  2336 0.99 -
Cluster_11_aln       -            627 HQ148062.1           -           3899   1.8e-34  111.2   4.0   1   1   7.5e-35   2.7e-34  110.6   4.0    48   479  1649  2110  1632  2118 0.73 -
Cluster_58_aln       -            487 HQ148062.1           -           3899   2.2e-32  104.2   0.1   1   1   1.1e-32   4.1e-32  103.3   0.1     1   478  2684  3166  2684  3176 0.78 -
Cluster_57_aln       -            456 HQ148062.1           -           3899   2.5e-28   91.1  10.2   1   1   2.1e-28   7.7e-28   89.5  10.2    21   456  1153  1589  1140  1589 0.75 -
Cluster_10_aln       -            594 HQ148062.1           -           3899   1.7e-23   75.0   0.1   1   1   8.4e-24   3.1e-23   74.2   0.1    65   400  3369  3708  3338  3719 0.79 -
Cluster_1_aln        -            621 HQ148062.1           -           3899     7e-22   69.6   0.1   1   1   3.5e-22   1.3e-21   68.7   0.1   110   468  1724  2101  1697  2120 0.75 -
Cluster_19_aln       -            569 HQ148062.1           -           3899   2.1e-20   64.7   0.0   1   1   9.2e-21   3.4e-20   64.0   0.0    42   413  3347  3749  3332  3762 0.75 -
Cluster_61_aln       -            220 HQ148062.1           -           3899   2.7e-13   42.2   0.1   1   1   1.4e-13   5.3e-13   41.3   0.1     7   216  2690  2894  2684  2897 0.89 -
Cluster_0_aln        -            903 HQ148062.1           -           3899   4.3e-10   30.4   0.0   1   1   2.7e-09   9.8e-09   25.8   0.0   522   782  3512  3747  3484  3762 0.79 -
Cluster_20_aln       -            683 HQ148063.1           -           3899         0 1364.3   0.1   1   1         0         0 1363.9   0.1     1   683  1590  2272  1590  2272 1.00 -
Cluster_18_aln       -            717 HQ148063.1           -           3899         0 1326.7   1.5   1   1         0         0 1326.3   1.5     1   716  3181  3895  3181  3896 0.99 -
Cluster_36_aln       -            498 HQ148063.1           -           3899  6.7e-247  812.1   0.1   1   1  2.6e-247  9.6e-247  811.5   0.1     1   498  2684  3180  2684  3180 0.99 -
Cluster_35_aln       -            454 HQ148063.1           -           3899  1.8e-222  730.9   7.3   1   1  7.5e-223  2.8e-222  730.4   7.3     8   454  1144  1589  1139  1589 0.99 -
Cluster_23_aln       -            347 HQ148063.1           -           3899  2.7e-188  617.4   1.8   1   1  7.4e-189  2.7e-188  617.4   1.8     2   347  2338  2683  2337  2683 1.00 -
Cluster_24_aln       -            374 HQ148063.1           -           3899  2.8e-174  572.0   0.1   1   1  1.4e-174  5.1e-174  571.2   0.1     2   373   691  1061   690  1062 0.99 -
Cluster_26_aln       -            227 HQ148063.1           -           3899    3e-120  392.2   2.8   1   1  1.9e-120    7e-120  391.0   2.8     1   227   268   494   268   494 0.99 -
Cluster_27_aln       -            198 HQ148063.1           -           3899   3.5e-99  322.8   0.1   1   1   2.4e-99   8.7e-99  321.5   0.1     2   198   496   689   495   689 0.99 -
Cluster_32_aln       -            168 HQ148063.1           -           3899   1.4e-84  274.2   0.0   1   1   8.7e-85   3.2e-84  273.0   0.0     1   168     1   168     1   168 1.00 -
Cluster_28_aln       -            101 HQ148063.1           -           3899   2.1e-47  151.6   6.8   1   1   1.2e-47   4.4e-47  150.6   6.8     2   100   168   266   167   267 0.97 -
Cluster_21_aln       -            629 HQ148063.1           -           3899   3.1e-36  117.0   2.6   1   1   1.4e-36     5e-36  116.3   2.6    99   480  1708  2109  1653  2116 0.77 -
Cluster_29_aln       -             64 HQ148063.1           -           3899   2.2e-35  112.9   0.2   1   1   1.5e-35   5.6e-35  111.6   0.2     1    64  2273  2336  2273  2336 0.99 -
Cluster_38_aln       -             70 HQ148063.1           -           3899   5.9e-35  111.3   1.6   1   1   1.6e-35   5.9e-35  111.3   1.6     2    70  1064  1132  1063  1132 0.98 -
Cluster_11_aln       -            627 HQ148063.1           -           3899   3.7e-34  110.1   3.5   1   1   1.6e-34   5.8e-34  109.5   3.5    49   479  1650  2110  1633  2118 0.73 -
Cluster_58_aln       -            487 HQ148063.1           -           3899     2e-31  101.0   0.1   1   1     1e-31   3.7e-31  100.1   0.1     1   478  2684  3166  2684  3176 0.78 -
Cluster_57_aln       -            456 HQ148063.1           -           3899   1.8e-28   91.6   6.4   1   1   1.2e-28   4.4e-28   90.3   6.4   134   456  1259  1589  1140  1589 0.73 -
Cluster_10_aln       -            594 HQ148063.1           -           3899   5.4e-23   73.4   0.1   1   1   2.8e-23     1e-22   72.4   0.1    61   400  3365  3708  3327  3719 0.80 -
Cluster_1_aln        -            621 HQ148063.1           -           3899   3.2e-21   67.4   0.1   1   1   1.5e-21   5.5e-21   66.6   0.1   110   468  1724  2101  1698  2120 0.76 -
Cluster_19_aln       -            569 HQ148063.1           -           3899   2.1e-19   61.4   0.0   1   1   9.1e-20   3.3e-19   60.7   0.0    43   413  3348  3749  3332  3762 0.74 -
Cluster_61_aln       -            220 HQ148063.1           -           3899   2.6e-13   42.3   0.0   1   1   1.3e-13   4.9e-13   41.4   0.0     3   216  2686  2894  2684  2897 0.89 -
Cluster_0_aln        -            903 HQ148063.1           -           3899   7.7e-10   29.5   0.0   1   1   5.1e-09   1.9e-08   24.9   0.0   528   782  3518  3747  3485  3762 0.79 -
Cluster_20_aln       -            683 GQ902941.1           -           3899         0 1365.7   0.1   1   1         0         0 1365.3   0.1     1   683  1590  2272  1590  2272 1.00 -
Cluster_18_aln       -            717 GQ902941.1           -           3899         0 1328.9   1.4   1   1         0         0 1328.5   1.4     1   716  3181  3895  3181  3896 0.99 -
Cluster_36_aln       -            498 GQ902941.1           -           3899  4.8e-249  819.2   0.3   1   1  1.8e-249  6.8e-249  818.7   0.3     1   498  2684  3180  2684  3180 0.99 -
Cluster_35_aln       -            454 GQ902941.1           -           3899  2.5e-224  737.1   5.1   1   1    1e-224  3.8e-224  736.5   5.1     5   454  1141  1589  1137  1589 0.99 -
Cluster_23_aln       -            347 GQ902941.1           -           3899  1.9e-188  617.9   2.1   1   1  5.3e-189  1.9e-188  617.9   2.1     2   347  2338  2683  2337  2683 1.00 -
Cluster_24_aln       -            374 GQ902941.1           -           3899  5.1e-175  574.5   0.2   1   1  2.7e-175  9.9e-175  573.5   0.2     2   373   691  1061   690  1062 0.99 -
Cluster_26_aln       -            227 GQ902941.1           -           3899  6.2e-121  394.5   2.8   1   1  3.9e-121  1.4e-120  393.3   2.8     1   227   268   494   268   494 0.99 -
Cluster_27_aln       -            198 GQ902941.1           -           3899   1.6e-99  323.9   0.2   1   1     1e-99   3.8e-99  322.7   0.2     2   198   496   689   495   689 0.99 -
Cluster_32_aln       -            168 GQ902941.1           -           3899   2.6e-85  276.5   0.1   1   1   1.6e-85   5.9e-85  275.3   0.1     1   168     1   168     1   168 1.00 -
Cluster_28_aln       -            101 GQ902941.1           -           3899   6.7e-48  153.2   6.2   1   1   3.8e-48   1.4e-47  152.2   6.2     2   100   168   266   167   267 0.97 -
Cluster_21_aln       -            629 GQ902941.1           -           3899   1.5e-36  118.0   2.5   1   1   6.6e-37   2.4e-36  117.3   2.5    99   480  1708  2109  1651  2116 0.77 -
Cluster_29_aln       -             64 GQ902941.1           -           3899   2.1e-35  112.9   0.2   1   1   1.5e-35   5.6e-35  111.6   0.2     1    64  2273  2336  2273  2336 0.99 -
Cluster_38_aln       -             70 GQ902941.1           -           3899   5.9e-35  111.3   1.6   1   1   1.6e-35   5.9e-35  111.3   1.6     2    70  1064  1132  1063  1132 0.98 -
Cluster_11_aln       -            627 GQ902941.1           -           3899   6.6e-34  109.3   3.8   1   1   2.8e-34     1e-33  108.7   3.8    48   479  1649  2110  1632  2118 0.73 -
Cluster_58_aln       -            487 GQ902941.1           -           3899   1.5e-32  104.7   0.2   1   1   7.5e-33   2.7e-32  103.9   0.2     1   478  2684  3166  2684  3176 0.80 -
Cluster_57_aln       -            456 GQ902941.1           -           3899   4.6e-28   90.3   7.2   1   1   3.7e-28   1.3e-27   88.7   7.2   134   456  1259  1589  1138  1589 0.72 -
Cluster_10_aln       -            594 GQ902941.1           -           3899   1.6e-22   71.8   0.1   1   1     8e-23   2.9e-22   70.9   0.1    61   400  3365  3708  3332  3719 0.80 -
Cluster_1_aln        -            621 GQ902941.1           -           3899   3.5e-21   67.3   0.0   1   1   1.7e-21   6.1e-21   66.5   0.0   110   468  1724  2101  1697  2120 0.76 -
Cluster_19_aln       -            569 GQ902941.1           -           3899   1.9e-19   61.5   0.0   1   1   8.4e-20   3.1e-19   60.8   0.0    42   413  3347  3749  3331  3762 0.75 -
Cluster_61_aln       -            220 GQ902941.1           -           3899   1.6e-13   43.0   0.1   1   1   8.2e-14     3e-13   42.0   0.1     3   216  2686  2894  2684  2897 0.88 -
Cluster_0_aln        -            903 GQ902941.1           -           3899   3.3e-09   27.4   0.0   1   1   2.1e-08   7.8e-08   22.9   0.0   522   782  3512  3747  3484  3762 0.78 -
Cluster_20_aln       -            683 GU233731.1           -           3899         0 1364.4   0.1   1   1         0         0 1364.0   0.1     1   683  1590  2272  1590  2272 1.00 -
Cluster_18_aln       -            717 GU233731.1           -           3899         0 1323.3   1.9   1   1         0         0 1322.9   1.9     1   716  3181  3895  3181  3896 0.99 -
Cluster_36_aln       -            498 GU233731.1           -           3899  7.1e-250  821.9   0.4   1   1  2.8e-250    1e-249  821.4   0.4     1   498  2684  3180  2684  3180 0.99 -
Cluster_35_aln       -            454 GU233731.1           -           3899  1.7e-221  727.8   7.5   1   1  6.9e-222  2.5e-221  727.2   7.5     8   454  1144  1589  1138  1589 0.99 -
Cluster_23_aln       -            347 GU233731.1           -           3899  1.5e-189  621.5   1.9   1   1  4.1e-190  1.5e-189  621.5   1.9     2   347  2338  2683  2337  2683 1.00 -
Cluster_24_aln       -            374 GU233731.1           -           3899  9.2e-176  576.9   0.3   1   1  4.4e-176  1.6e-175  576.1   0.3     2   373   691  1061   690  1062 0.99 -
Cluster_26_aln       -            227 GU233731.1           -           3899  9.3e-122  397.2   3.8   1   1  4.7e-122  1.7e-121  396.3   3.8     1   227   268   494   268   494 0.99 -
Cluster_27_aln       -            198 GU233731.1           -           3899  4.7e-100  325.7   0.3   1   1  3.6e-100   1.3e-99  324.2   0.3     2   198   496   689   495   689 0.99 -
Cluster_32_aln       -            168 GU233731.1           -           3899   2.2e-85  276.7   0.0   1   1   1.3e-85   4.8e-85  275.6   0.0     1   168     1   168     1   168 1.00 -
Cluster_28_aln       -            101 GU233731.1           -           3899   7.6e-48  153.0   6.6   1   1   4.8e-48   1.7e-47  151.9   6.6     1   100   167   266   167   267 0.97 -
Cluster_21_aln       -            629 GU233731.1           -           3899   4.3e-36  116.5   2.5   1   1   1.9e-36   7.1e-36  115.8   2.5    99   480  1708  2109  1651  2116 0.77 -
Cluster_38_aln       -             70 GU233731.1           -           3899   1.1e-35  113.6   1.7   1   1   3.1e-36   1.1e-35  113.6   1.7     2    70  1064  1132  1063  1132 0.98 -
Cluster_29_aln       -             64 GU233731.1           -           3899   2.1e-35  112.9   0.2   1   1   1.5e-35   5.6e-35  111.6   0.2     1    64  2273  2336  2273  2336 0.99 -
Cluster_11_aln       -            627 GU233731.1           -           3899   1.6e-34  111.3   3.8   1   1     7e-35   2.6e-34  110.7   3.8    48   479  1649  2110  1632  2118 0.73 -
Cluster_58_aln       -            487 GU233731.1           -           3899   8.1e-33  105.6   0.2   1   1   4.2e-33   1.5e-32  104.7   0.2     1   478  2684  3166  2684  3176 0.80 -
Cluster_57_aln       -            456 GU233731.1           -           3899   2.5e-28   91.1   9.1   1   1   1.9e-28   7.1e-28   89.6   9.1   129   456  1257  1589  1146  1589 0.70 -
Cluster_10_aln       -            594 GU233731.1           -           3899   1.7e-23   75.0   0.1   1   1   8.3e-24     3e-23   74.2   0.1    67   400  3371  3708  3336  3719 0.79 -
Cluster_1_aln        -            621 GU233731.1           -           3899   1.1e-21   68.9   0.1   1   1   5.7e-22   2.1e-21   68.0   0.1   110   468  1724  2101  1697  2120 0.75 -
Cluster_19_aln       -            569 GU233731.1           -           3899   1.6e-20   65.0   0.0   1   1   7.3e-21   2.7e-20   64.3   0.0    42   419  3347  3756  3332  3762 0.75 -
Cluster_61_aln       -            220 GU233731.1           -           3899   9.6e-14   43.7   0.1   1   1     5e-14   1.8e-13   42.7   0.1     3   216  2686  2894  2684  2897 0.89 -
Cluster_0_aln        -            903 GU233731.1           -           3899   4.8e-10   30.2   0.0   1   1   3.3e-09   1.2e-08   25.6   0.0   522   772  3512  3737  3484  3751 0.79 -
Cluster_20_aln       -            683 HM175885.1           -           3899         0 1363.2   0.1   1   1         0         0 1362.6   0.1     1   683  1590  2272  1590  2272 1.00 -
Cluster_18_aln       -            717 HM175885.1           -           3899         0 1330.2   3.5   1   1         0         0 1329.8   3.5     1   716  3181  3895  3181  3896 0.99 -
Cluster_36_aln       -            498 HM175885.1           -           3899  7.1e-252  828.5   0.0   1   1  2.8e-252    1e-251  827.9   0.0     1   498  2684  3180  2684  3180 0.99 -
Cluster_35_aln       -            454 HM175885.1           -           3899  5.8e-225  739.2   5.8   1   1  2.4e-225  8.9e-225  738.6   5.8     9   454  1145  1589  1139  1589 0.99 -
Cluster_23_aln       -            347 HM175885.1           -           3899  5.1e-188  616.5   1.7   1   1  1.4e-188  5.1e-188  616.5   1.7     2   347  2338  2683  2337  2683 1.00 -
Cluster_24_aln       -            374 HM175885.1           -           3899  2.6e-172  565.6   0.2   1   1  1.4e-172    5e-172  564.6   0.2     2   373   691  1061   690  1062 0.99 -
Cluster_26_aln       -            227 HM175885.1           -           3899  1.3e-118  386.9   2.2   1   1  7.8e-119  2.9e-118  385.7   2.2     1   227   268   494   268   494 0.99 -
Cluster_27_aln       -            198 HM175885.1           -           3899   8.1e-99  321.6   0.3   1   1   5.8e-99   2.1e-98  320.3   0.3     2   198   496   689   495   689 0.99 -
Cluster_32_aln       -            168 HM175885.1           -           3899   1.1e-85  277.6   0.1   1   1   6.8e-86   2.5e-85  276.6   0.1     1   168     1   168     1   168 1.00 -
Cluster_28_aln       -            101 HM175885.1           -           3899     8e-49  156.2   5.3   1   1   4.6e-49   1.7e-48  155.1   5.3     1   100   167   266   167   267 0.97 -
Cluster_21_aln       -            629 HM175885.1           -           3899     5e-36  116.3   2.9   1   1   2.4e-36   8.8e-36  115.5   2.9    99   480  1708  2109  1654  2116 0.78 -
Cluster_38_aln       -             70 HM175885.1           -           3899   1.1e-35  113.6   1.8   1   1     3e-36   1.1e-35  113.6   1.8     3    70  1065  1132  1063  1132 0.98 -
Cluster_29_aln       -             64 HM175885.1           -           3899   1.2e-35  113.7   0.2   1   1   7.5e-36   2.7e-35  112.6   0.2     1    64  2273  2336  2273  2336 0.99 -
Cluster_11_aln       -            627 HM175885.1           -           3899   4.3e-34  109.9   4.4   1   1   1.8e-34   6.8e-34  109.3   4.4    48   479  1649  2110  1632  2118 0.73 -
Cluster_58_aln       -            487 HM175885.1           -           3899   2.9e-32  103.8   0.0   1   1   1.5e-32   5.5e-32  102.8   0.0     1   478  2684  3166  2684  3176 0.77 -
Cluster_57_aln       -            456 HM175885.1           -           3899   6.4e-28   89.8   7.1   1   1   1.7e-28   6.4e-28   89.8   7.1   142   456  1267  1589  1146  1589 0.75 -
Cluster_10_aln       -            594 HM175885.1           -           3899   5.6e-23   73.3   0.1   1   1   2.6e-23   9.7e-23   72.5   0.1   106   400  3407  3708  3314  3719 0.80 -
Cluster_1_aln        -            621 HM175885.1           -           3899   1.8e-21   68.2   0.0   1   1   8.5e-22   3.1e-21   67.5   0.0   110   468  1724  2101  1697  2120 0.75 -
Cluster_19_aln       -            569 HM175885.1           -           3899   7.8e-20   62.8   0.0   1   1   3.5e-20   1.3e-19   62.1   0.0    44   413  3349  3749  3336  3762 0.75 -
Cluster_61_aln       -            220 HM175885.1           -           3899   9.7e-15   46.9   0.1   1   1   5.1e-15   1.9e-14   46.0   0.1     3   216  2686  2894  2684  2897 0.89 -
Cluster_0_aln        -            903 HM175885.1           -           3899   2.7e-10   31.0   0.0   1   1   1.6e-09   5.9e-09   26.6   0.0   522   782  3512  3747  3484  3762 0.79 -
Cluster_20_aln       -            683 GU592790.1           -           3899         0 1348.6   0.1   1   1         0         0 1348.2   0.1     1   683  1590  2272  1590  2272 1.00 -
Cluster_18_aln       -            717 GU592790.1           -           3899         0 1324.3   1.3   1   1         0         0 1323.9   1.3     1   716  3181  3895  3181  3896 0.99 -
Cluster_36_aln       -            498 GU592790.1           -           3899  1.3e-249  821.0   0.3   1   1  5.2e-250  1.9e-249  820.5   0.3     1   498  2684  3180  2684  3180 0.99 -
Cluster_35_aln       -            454 GU592790.1           -           3899  4.7e-224  736.2   4.8   1   1  1.8e-224  6.8e-224  735.7   4.8     5   454  1141  1589  1137  1589 0.99 -
Cluster_23_aln       -            347 GU592790.1           -           3899  4.2e-188  616.7   2.0   1   1  1.2e-188  4.2e-188  616.7   2.0     2   347  2338  2683  2337  2683 1.00 -
Cluster_24_aln       -            374 GU592790.1           -           3899  6.1e-173  567.6   0.0   1   1    3e-173  1.1e-172  566.8   0.0     2   373   691  1061   690  1062 0.99 -
Cluster_26_aln       -            227 GU592790.1           -           3899  2.7e-120  392.4   2.8   1   1  1.6e-120  5.7e-120  391.3   2.8     1   227   268   494   268   494 0.99 -
Cluster_27_aln       -            198 GU592790.1           -           3899   5.5e-98  318.9   0.2   1   1   3.3e-98   1.2e-97  317.8   0.2     2   198   496   689   495   689 0.99 -
Cluster_32_aln       -            168 GU592790.1           -           3899   1.4e-85  277.4   0.0   1   1   8.7e-86   3.2e-85  276.2   0.0     1   168     1   168     1   168 1.00 -
Cluster_28_aln       -            101 GU592790.1           -           3899   2.8e-48  154.4   6.5   1   1   1.7e-48   6.2e-48  153.3   6.5     2   100   168   266   167   267 0.97 -
Cluster_21_aln       -            629 GU592790.1           -           3899   6.7e-36  115.9   2.5   1   1     3e-36   1.1e-35  115.1   2.5   129   480  1742  2109  1658  2116 0.77 -
Cluster_11_aln       -            627 GU592790.1           -           3899   4.5e-34  109.9   3.7   1   1   1.9e-34   7.1e-34  109.2   3.7    47   479  1648  2110  1632  2118 0.74 -
Cluster_29_aln       -             64 GU592790.1           -           3899   7.3e-34  108.0   0.1   1   1   5.4e-34     2e-33  106.6   0.1     1    64  2273  2336  2273  2336 0.99 -
Cluster_38_aln       -             70 GU592790.1           -           3899   7.6e-34  107.7   0.7   1   1   2.1e-34   7.6e-34  107.7   0.7     2    70  1064  1132  1063  1132 0.98 -
Cluster_58_aln       -            487 GU592790.1           -           3899   4.8e-33  106.3   0.1   1   1   2.3e-33   8.3e-33  105.6   0.1     1   478  2684  3166  2684  3176 0.79 -
Cluster_57_aln       -            456 GU592790.1           -           3899   1.9e-28   91.5   7.2   1   1   1.4e-28   5.3e-28   90.0   7.2   133   456  1258  1589  1139  1589 0.73 -
Cluster_10_aln       -            594 GU592790.1           -           3899   1.6e-22   71.8   0.1   1   1   7.3e-23   2.7e-22   71.1   0.1    61   400  3365  3708  3335  3719 0.80 -
Cluster_1_aln        -            621 GU592790.1           -           3899   9.3e-21   65.9   0.1   1   1   4.2e-21   1.5e-20   65.2   0.1   128   468  1743  2101  1711  2120 0.75 -
Cluster_19_aln       -            569 GU592790.1           -           3899   2.3e-19   61.3   0.0   1   1     1e-19   3.8e-19   60.5   0.0    42   412  3347  3748  3332  3761 0.75 -
Cluster_61_aln       -            220 GU592790.1           -           3899     4e-14   44.9   0.1   1   1   2.1e-14   7.8e-14   44.0   0.1     3   216  2686  2894  2684  2897 0.89 -
Cluster_0_aln        -            903 GU592790.1           -           3899   5.5e-10   30.0   0.0   1   1   3.5e-09   1.3e-08   25.5   0.0   522   782  3512  3747  3484  3762 0.79 -
Cluster_20_aln       -            683 GQ923951.1           -           3899         0 1366.8   0.2   1   1         0         0 1366.4   0.2     1   683  1590  2272  1590  2272 1.00 -
Cluster_18_aln       -            717 GQ923951.1           -           3899         0 1328.6   1.1   1   1         0         0 1328.2   1.1     1   716  3181  3895  3181  3896 0.99 -
Cluster_36_aln       -            498 GQ923951.1           -           3899  2.8e-247  813.3   0.2   1   1  1.1e-247  4.1e-247  812.8   0.2     1   498  2684  3180  2684  3180 0.99 -
Cluster_35_aln       -            454 GQ923951.1           -           3899  1.5e-224  737.8   5.1   1   1  5.8e-225  2.1e-224  737.3   5.1     5   454  1141  1589  1137  1589 0.99 -
Cluster_23_aln       -            347 GQ923951.1           -           3899  1.1e-186  612.1   1.3   1   1  2.9e-187  1.1e-186  612.1   1.3     2   347  2338  2683  2337  2683 1.00 -
Cluster_24_aln       -            374 GQ923951.1           -           3899  5.1e-174  571.2   0.2   1   1  2.5e-174    9e-174  570.4   0.2     2   373   691  1061   690  1062 0.99 -
Cluster_26_aln       -            227 GQ923951.1           -           3899  7.4e-121  394.2   3.1   1   1    2e-121  7.4e-121  394.2   3.1     1   227   268   494   268   494 0.99 -
Cluster_27_aln       -            198 GQ923951.1           -           3899   1.2e-99  324.3   0.2   1   1  8.3e-100     3e-99  323.0   0.2     2   198   496   689   495   689 0.99 -
Cluster_32_aln       -            168 GQ923951.1           -           3899   1.1e-84  274.5   0.0   1   1   6.8e-85   2.5e-84  273.3   0.0     1   168     1   168     1   168 1.00 -
Cluster_28_aln       -            101 GQ923951.1           -           3899   1.1e-47  152.5   6.5   1   1   6.8e-48   2.5e-47  151.4   6.5     2   100   168   266   167   267 0.97 -
Cluster_21_aln       -            629 GQ923951.1           -           3899   3.6e-36  116.7   2.5   1   1   1.6e-36   5.8e-36  116.0   2.5    99   480  1708  2109  1651  2116 0.78 -
Cluster_38_aln       -             70 GQ923951.1           -           3899   2.4e-34  109.3   1.6   1   1   6.5e-35   2.4e-34  109.3   1.6     2    70  1064  1132  1063  1132 0.98 -
Cluster_29_aln       -             64 GQ923951.1           -           3899   4.1e-34  108.8   0.2   1   1   2.9e-34   1.1e-33  107.5   0.2     1    64  2273  2336  2273  2336 0.99 -
Cluster_11_aln       -            627 GQ923951.1           -           3899   1.1e-33  108.6   3.9   1   1   4.7e-34   1.7e-33  107.9   3.9    48   479  1649  2110  1632  2118 0.73 -
Cluster_58_aln       -            487 GQ923951.1           -           3899   2.6e-32  103.9   0.2   1   1   1.3e-32   4.8e-32  103.1   0.2     1   478  2684  3166  2684  3179 0.82 -
Cluster_57_aln       -            456 GQ923951.1           -           3899   4.2e-28   90.4  10.3   1   1   7.5e-28   2.7e-27   87.7  10.4    20   456  1152  1589  1139  1589 0.72 -
Cluster_10_aln       -            594 GQ923951.1           -           3899     1e-22   72.5   0.1   1   1   4.9e-23   1.8e-22   71.6   0.1    67   400  3371  3708  3336  3719 0.79 -
Cluster_1_aln        -            621 GQ923951.1           -           3899   3.4e-21   67.3   0.0   1   1   1.6e-21   5.8e-21   66.6   0.0   110   468  1724  2101  1697  2120 0.75 -
Cluster_19_aln       -            569 GQ923951.1           -           3899   1.2e-19   62.2   0.0   1   1   5.3e-20   1.9e-19   61.5   0.0    42   413  3347  3749  3332  3762 0.75 -
Cluster_61_aln       -            220 GQ923951.1           -           3899   1.7e-13   42.9   0.1   1   1   8.8e-14   3.2e-13   41.9   0.1     3   216  2686  2894  2684  2897 0.89 -
Cluster_0_aln        -            903 GQ923951.1           -           3899   5.9e-10   29.9   0.0   1   1   3.7e-09   1.4e-08   25.4   0.0   522   782  3512  3747  3484  3762 0.79 -
Cluster_20_aln       -            683 GQ122383.1           -           3899         0 1365.8   0.1   1   1         0         0 1365.5   0.1     1   683  1590  2272  1590  2272 1.00 -
Cluster_18_aln       -            717 GQ122383.1           -           3899         0 1317.0   0.9   1   1         0         0 1316.6   0.9     1   716  3181  3895  3181  3896 0.99 -
Cluster_36_aln       -            498 GQ122383.1           -           3899  4.7e-245  806.0   0.2   1   1  1.8e-245  6.7e-245  805.5   0.2     1   498  2684  3180  2684  3180 1.00 -
Cluster_35_aln       -            454 GQ122383.1           -           3899  6.2e-225  739.1   4.2   1   1  2.5e-225  9.2e-225  738.5   4.2     5   454  1141  1589  1137  1589 0.99 -
Cluster_23_aln       -            347 GQ122383.1           -           3899  1.3e-188  618.4   1.6   1   1  3.7e-189  1.3e-188  618.4   1.6     2   347  2338  2683  2337  2683 1.00 -
Cluster_24_aln       -            374 GQ122383.1           -           3899    1e-174  573.5   0.1   1   1  5.4e-175    2e-174  572.5   0.1     2   373   691  1061   690  1062 0.99 -
Cluster_26_aln       -            227 GQ122383.1           -           3899  3.5e-120  392.0   3.7   1   1    2e-120  7.5e-120  390.9   3.7     1   227   268   494   268   494 0.99 -
Cluster_27_aln       -            198 GQ122383.1           -           3899   9.3e-99  321.4   0.2   1   1     6e-99   2.2e-98  320.2   0.2     2   198   496   689   495   689 0.99 -
Cluster_32_aln       -            168 GQ122383.1           -           3899   2.6e-85  276.5   0.0   1   1   1.6e-85   5.8e-85  275.4   0.0     1   168     1   168     1   168 1.00 -
Cluster_28_aln       -            101 GQ122383.1           -           3899   1.2e-47  152.4   6.2   1   1   6.9e-48   2.5e-47  151.3   6.2     2   100   168   266   167   267 0.96 -
Cluster_21_aln       -            629 GQ122383.1           -           3899   2.8e-36  117.1   2.3   1   1   1.2e-36   4.6e-36  116.4   2.3    99   480  1708  2109  1651  2116 0.77 -
Cluster_29_aln       -             64 GQ122383.1           -           3899   2.1e-35  112.9   0.2   1   1   1.5e-35   5.6e-35  111.6   0.2     1    64  2273  2336  2273  2336 0.99 -
Cluster_38_aln       -             70 GQ122383.1           -           3899   1.3e-34  110.1   0.8   1   1   3.6e-35   1.3e-34  110.1   0.8     2    70  1064  1132  1063  1132 0.98 -
Cluster_11_aln       -            627 GQ122383.1           -           3899     5e-34  109.7   3.7   1   1   2.1e-34   7.8e-34  109.1   3.7    48   479  1649  2110  1632  2118 0.73 -
Cluster_58_aln       -            487 GQ122383.1           -           3899   3.7e-31  100.1   0.0   1   1   1.9e-31   6.9e-31   99.2   0.0     1   478  2684  3166  2684  3176 0.80 -
Cluster_57_aln       -            456 GQ122383.1           -           3899   6.9e-29   93.0   7.2   1   1   5.8e-29   2.1e-28   91.4   7.2   143   456  1268  1589  1140  1589 0.77 -
Cluster_10_aln       -            594 GQ122383.1           -           3899   3.1e-21   67.5   0.1   1   1   1.5e-21   5.4e-21   66.8   0.1    64   400  3368  3708  3335  3719 0.79 -
Cluster_1_aln        -            621 GQ122383.1           -           3899   4.2e-21   67.0   0.0   1   1     2e-21   7.4e-21   66.2   0.0   110   468  1724  2101  1697  2120 0.76 -
Cluster_19_aln       -            569 GQ122383.1           -           3899     8e-19   59.5   0.0   1   1   3.6e-19   1.3e-18   58.7   0.0    42   413  3347  3749  3332  3762 0.74 -
Cluster_61_aln       -            220 GQ122383.1           -           3899   2.5e-13   42.3   0.0   1   1   1.3e-13   4.8e-13   41.4   0.0     3   216  2686  2894  2684  2897 0.90 -
Cluster_0_aln        -            903 GQ122383.1           -           3899   4.7e-09   26.9   0.0   1   1   3.2e-08   1.2e-07   22.3   0.0   522   782  3512  3747  3484  3762 0.78 -
Cluster_20_aln       -            683 FJ529205.1           -           3899         0 1348.5   0.1   1   1         0         0 1348.1   0.1     1   683  1590  2272  1590  2272 1.00 -
Cluster_18_aln       -            717 FJ529205.1           -           3899         0 1323.1   1.7   1   1         0         0 1322.7   1.7     1   716  3181  3895  3181  3896 0.99 -
Cluster_36_aln       -            498 FJ529205.1           -           3899  5.4e-246  809.1   0.1   1   1  2.1e-246  7.8e-246  808.6   0.1     1   498  2684  3180  2684  3180 0.99 -
Cluster_35_aln       -            454 FJ529205.1           -           3899  2.4e-221  727.3   3.1   1   1  9.6e-222  3.5e-221  726.7   3.1     6   454  1142  1589  1137  1589 0.99 -
Cluster_23_aln       -            347 FJ529205.1           -           3899  5.1e-189  619.8   1.5   1   1  1.4e-189  5.1e-189  619.8   1.5     2   347  2338  2683  2337  2683 1.00 -
Cluster_24_aln       -            374 FJ529205.1           -           3899  1.1e-172  566.8   0.3   1   1  5.5e-173    2e-172  565.9   0.3     2   373   691  1061   690  1062 0.99 -
Cluster_26_aln       -            227 FJ529205.1           -           3899  4.2e-121  395.0   3.2   1   1  2.1e-121  7.8e-121  394.1   3.2     1   227   268   494   268   494 0.99 -
Cluster_27_aln       -            198 FJ529205.1           -           3899   7.1e-99  321.8   0.2   1   1   4.5e-99   1.6e-98  320.6   0.2     2   198   496   689   495   689 0.99 -
Cluster_32_aln       -            168 FJ529205.1           -           3899   4.8e-85  275.6   0.0   1   1   2.8e-85     1e-84  274.6   0.0     1   168     1   168     1   168 1.00 -
Cluster_28_aln       -            101 FJ529205.1           -           3899     4e-48  153.9   6.5   1   1   2.4e-48   8.9e-48  152.8   6.5     2   100   168   266   167   267 0.97 -
Cluster_21_aln       -            629 FJ529205.1           -           3899     2e-35  114.3   3.1   1   1     9e-36   3.3e-35  113.6   3.1    99   480  1708  2109  1654  2116 0.77 -
Cluster_29_aln       -             64 FJ529205.1           -           3899   2.4e-35  112.8   0.2   1   1   1.5e-35   5.6e-35  111.6   0.2     1    64  2273  2336  2273  2336 0.99 -
Cluster_11_aln       -            627 FJ529205.1           -           3899   2.6e-33  107.3   4.6   1   1   1.1e-33   4.2e-33  106.7   4.6    47   479  1648  2110  1632  2118 0.74 -
Cluster_38_aln       -             70 FJ529205.1           -           3899   3.4e-33  105.6   1.1   1   1   9.2e-34   3.4e-33  105.6   1.1     2    70  1064  1132  1063  1132 0.98 -
Cluster_58_aln       -            487 FJ529205.1           -           3899   3.3e-31  100.3   0.0   1   1   1.6e-31   5.9e-31   99.4   0.0     1   478  2684  3166  2684  3176 0.78 -
Cluster_57_aln       -            456 FJ529205.1           -           3899   2.4e-25   81.3   6.0   1   1   2.3e-25   8.3e-25   79.5   6.1   134   456  1259  1589  1140  1589 0.71 -
Cluster_10_aln       -            594 FJ529205.1           -           3899   2.4e-22   71.2   0.1   1   1   1.2e-22   4.3e-22   70.4   0.1    64   400  3368  3708  3336  3719 0.79 -
Cluster_1_aln        -            621 FJ529205.1           -           3899   3.6e-21   67.2   0.1   1   1   1.7e-21   6.1e-21   66.5   0.1   110   468  1724  2101  1709  2120 0.75 -
Cluster_19_aln       -            569 FJ529205.1           -           3899   2.1e-18   58.1   0.0   1   1   9.4e-19   3.4e-18   57.4   0.0    42   413  3347  3749  3332  3762 0.75 -
Cluster_61_aln       -            220 FJ529205.1           -           3899   5.2e-13   41.3   0.0   1   1   2.8e-13     1e-12   40.3   0.0     3   216  2686  2894  2684  2897 0.89 -
Cluster_0_aln        -            903 FJ529205.1           -           3899   2.9e-10   30.9   0.0   1   1   1.8e-09   6.6e-09   26.4   0.0   522   782  3512  3747  3484  3762 0.79 -
Cluster_20_aln       -            683 FJ265020.1           -           3899         0 1364.4   0.1   1   1         0         0 1364.0   0.1     1   683  1590  2272  1590  2272 1.00 -
Cluster_18_aln       -            717 FJ265020.1           -           3899         0 1321.7   0.8   1   1         0         0 1321.3   0.8     1   716  3181  3895  3181  3896 0.99 -
Cluster_36_aln       -            498 FJ265020.1           -           3899  8.9e-250  821.6   0.2   1   1  3.5e-250  1.3e-249  821.0   0.2     1   498  2684  3180  2684  3180 0.99 -
Cluster_35_aln       -            454 FJ265020.1           -           3899  6.4e-222  729.1   7.9   1   1  2.7e-222  9.9e-222  728.5   7.9     8   454  1144  1589  1138  1589 0.99 -
Cluster_23_aln       -            347 FJ265020.1           -           3899  1.6e-188  618.2   1.8   1   1  4.3e-189  1.6e-188  618.2   1.8     2   347  2338  2683  2337  2683 1.00 -
Cluster_24_aln       -            374 FJ265020.1           -           3899  1.6e-175  576.1   0.2   1   1  7.5e-176  2.8e-175  575.3   0.2     2   373   691  1061   690  1062 0.99 -
Cluster_26_aln       -            227 FJ265020.1           -           3899  9.1e-122  397.2   3.8   1   1  4.7e-122  1.7e-121  396.3   3.8     1   227   268   494   268   494 0.99 -
Cluster_27_aln       -            198 FJ265020.1           -           3899  4.8e-100  325.6   0.3   1   1  3.6e-100   1.3e-99  324.2   0.3     2   198   496   689   495   689 0.99 -
Cluster_32_aln       -            168 FJ265020.1           -           3899   2.9e-84  273.1   0.0   1   1   1.8e-84   6.4e-84  272.0   0.0     1   168     1   168     1   168 1.00 -
Cluster_28_aln       -            101 FJ265020.1           -           3899   2.1e-48  154.8   6.6   1   1   1.3e-48   4.8e-48  153.7   6.6     1   100   167   266   167   267 0.97 -
Cluster_21_aln       -            629 FJ265020.1           -           3899     4e-36  116.6   2.5   1   1   1.9e-36   7.1e-36  115.8   2.5    99   480  1708  2109  1651  2116 0.77 -
Cluster_29_aln       -             64 FJ265020.1           -           3899   2.2e-35  112.9   0.2   1   1   1.5e-35   5.6e-35  111.6   0.2     1    64  2273  2336  2273  2336 0.99 -
Cluster_38_aln       -             70 FJ265020.1           -           3899   3.1e-35  112.2   1.6   1   1   8.4e-36   3.1e-35  112.2   1.6     2    70  1064  1132  1063  1132 0.98 -
Cluster_11_aln       -            627 FJ265020.1           -           3899   1.6e-34  111.3   3.8   1   1     7e-35   2.6e-34  110.7   3.8    48   479  1649  2110  1632  2118 0.73 -
Cluster_58_aln       -            487 FJ265020.1           -           3899   2.7e-32  103.9   0.1   1   1   1.4e-32   5.1e-32  103.0   0.1     1   478  2684  3166  2684  3176 0.80 -
Cluster_57_aln       -            456 FJ265020.1           -           3899   9.4e-29   92.5   9.9   1   1   6.8e-29   2.5e-28   91.1   9.9    23   456  1155  1589  1141  1589 0.72 -
Cluster_10_aln       -            594 FJ265020.1           -           3899   4.8e-23   73.5   0.1   1   1   2.2e-23   8.2e-23   72.7   0.1   113   400  3414  3708  3342  3719 0.82 -
Cluster_1_aln        -            621 FJ265020.1           -           3899   1.1e-21   68.9   0.1   1   1   5.7e-22   2.1e-21   68.0   0.1   110   468  1724  2101  1697  2120 0.75 -
Cluster_19_aln       -            569 FJ265020.1           -           3899   4.1e-19   60.4   0.0   1   1   1.8e-19   6.7e-19   59.7   0.0    66   415  3370  3751  3335  3762 0.71 -
Cluster_61_aln       -            220 FJ265020.1           -           3899   3.4e-13   41.9   0.1   1   1   1.8e-13   6.6e-13   40.9   0.1     3   216  2686  2894  2684  2897 0.88 -
Cluster_0_aln        -            903 FJ265020.1           -           3899   4.2e-10   30.4   0.0   1   1   2.8e-09     1e-08   25.8   0.0   529   781  3519  3746  3485  3761 0.80 -
Cluster_20_aln       -            683 EU857642.1           -           3899         0 1354.3   0.1   1   1         0         0 1353.5   0.1     1   683  1590  2272  1590  2272 1.00 -
Cluster_18_aln       -            717 EU857642.1           -           3899         0 1326.3   4.6   1   1         0         0 1325.9   4.6     1   716  3181  3895  3181  3896 0.99 -
Cluster_36_aln       -            498 EU857642.1           -           3899    1e-249  821.3   0.0   1   1  4.1e-250  1.5e-249  820.8   0.0     1   498  2684  3180  2684  3180 0.99 -
Cluster_35_aln       -            454 EU857642.1           -           3899  1.3e-223  734.8   4.4   1   1  5.4e-224    2e-223  734.1   4.4    10   454  1146  1589  1140  1589 0.99 -
Cluster_23_aln       -            347 EU857642.1           -           3899  1.8e-186  611.4   1.9   1   1  4.8e-187  1.8e-186  611.4   1.9     2   347  2338  2683  2337  2683 1.00 -
Cluster_24_aln       -            374 EU857642.1           -           3899  4.8e-169  554.8   0.0   1   1  2.6e-169  9.6e-169  553.8   0.0     2   373   691  1061   690  1062 0.99 -
Cluster_26_aln       -            227 EU857642.1           -           3899  4.7e-117  381.8   1.1   1   1  2.6e-117  9.6e-117  380.8   1.1     1   227   268   494   268   494 0.99 -
Cluster_27_aln       -            198 EU857642.1           -           3899     6e-99  322.1   0.5   1   1   4.3e-99   1.6e-98  320.7   0.5     2   198   496   689   495   689 0.99 -
Cluster_32_aln       -            168 EU857642.1           -           3899   1.4e-86  280.6   0.0   1   1     9e-87   3.3e-86  279.4   0.0     1   168     1   168     1   168 1.00 -
Cluster_28_aln       -            101 EU857642.1           -           3899   1.2e-48  155.6   6.6   1   1   7.2e-49   2.6e-48  154.5   6.6     1   100   167   266   167   267 0.97 -
Cluster_21_aln       -            629 EU857642.1           -           3899   2.7e-36  117.2   2.8   1   1   1.2e-36   4.6e-36  116.4   2.8    99   480  1708  2109  1654  2116 0.78 -
Cluster_38_aln       -             70 EU857642.1           -           3899   3.7e-36  115.1   1.8   1   1     3e-36   1.1e-35  113.6   1.8     3    70  1065  1132  1063  1132 0.98 -
Cluster_29_aln       -             64 EU857642.1           -           3899   1.2e-35  113.7   0.2   1   1   7.5e-36   2.7e-35  112.6   0.2     1    64  2273  2336  2273  2336 0.99 -
Cluster_11_aln       -            627 EU857642.1           -           3899   1.3e-34  111.7   4.1   1   1   5.5e-35     2e-34  111.0   4.1    48   479  1649  2110  1632  2118 0.73 -
Cluster_58_aln       -            487 EU857642.1           -           3899     2e-31  101.0   0.0   1   1   1.2e-31   4.4e-31   99.9   0.0     1   478  2684  3166  2684  3176 0.77 -
Cluster_57_aln       -            456 EU857642.1           -           3899   6.7e-28   89.7   8.3   1   1   8.5e-28   3.1e-27   87.5   8.4   129   456  1257  1589  1146  1589 0.74 -
Cluster_10_aln       -            594 EU857642.1           -           3899   5.8e-23   73.3   0.1   1   1   2.8e-23     1e-22   72.4   0.1   106   400  3407  3708  3312  3720 0.80 -
Cluster_1_aln        -            621 EU857642.1           -           3899   2.2e-21   68.0   0.1   1   1     1e-21   3.7e-21   67.2   0.1   111   468  1725  2101  1692  2120 0.76 -
Cluster_19_aln       -            569 EU857642.1           -           3899   2.9e-20   64.2   0.0   1   1   1.3e-20   4.8e-20   63.5   0.0    44   413  3349  3749  3336  3762 0.75 -
Cluster_61_aln       -            220 EU857642.1           -           3899   1.9e-15   49.2   0.1   1   1     1e-15   3.7e-15   48.3   0.1     3   216  2686  2894  2684  2897 0.90 -
Cluster_0_aln        -            903 EU857642.1           -           3899   2.8e-10   31.0   0.0   1   1   1.7e-09   6.1e-09   26.5   0.0   522   781  3512  3746  3484  3762 0.78 -
Cluster_20_aln       -            683 AY646427.1           -           3899         0 1364.2   0.1   1   1         0         0 1363.7   0.1     1   683  1590  2272  1590  2272 1.00 -
Cluster_18_aln       -            717 AY646427.1           -           3899         0 1307.6   1.7   1   1         0         0 1307.1   1.7     1   716  3181  3895  3181  3896 0.99 -
Cluster_36_aln       -            498 AY646427.1           -           3899  1.9e-247  813.9   0.0   1   1  7.7e-248  2.8e-247  813.3   0.0     1   498  2684  3180  2684  3180 0.99 -
Cluster_35_aln       -            454 AY646427.1           -           3899  2.9e-218  717.1   7.9   1   1  1.4e-218    5e-218  716.3   7.9     6   454  1142  1589  1138  1589 0.99 -
Cluster_23_aln       -            347 AY646427.1           -           3899  2.1e-188  617.7   3.7   1   1  1.2e-188  4.2e-188  616.7   2.6     2   347  2338  2683  2337  2683 1.00 -
Cluster_24_aln       -            374 AY646427.1           -           3899  4.1e-173  568.2   0.0   1   1  1.1e-173  4.1e-173  568.2   0.0     2   373   691  1061   690  1062 0.99 -
Cluster_26_aln       -            227 AY646427.1           -           3899  3.9e-121  395.1   3.3   1   1  1.1e-121  3.9e-121  395.1   3.3     1   227   268   494   268   494 0.99 -
Cluster_27_aln       -            198 AY646427.1           -           3899   1.1e-97  317.9   0.4   1   1   7.9e-98   2.9e-97  316.6   0.4     2   198   496   689   495   689 0.99 -
Cluster_32_aln       -            168 AY646427.1           -           3899   1.3e-85  277.5   0.0   1   1   7.4e-86   2.7e-85  276.4   0.0     1   168     1   168     1   168 1.00 -
Cluster_28_aln       -            101 AY646427.1           -           3899   9.3e-48  152.7   6.0   1   1   5.2e-48   1.9e-47  151.7   6.0     2   100   168   266   167   267 0.97 -
Cluster_21_aln       -            629 AY646427.1           -           3899   1.6e-36  117.9   2.0   1   1   7.3e-37   2.7e-36  117.2   2.0    99   480  1708  2109  1650  2116 0.76 -
Cluster_29_aln       -             64 AY646427.1           -           3899   1.1e-35  113.8   0.2   1   1   7.1e-36   2.6e-35  112.6   0.2     1    64  2273  2336  2273  2336 0.99 -
Cluster_38_aln       -             70 AY646427.1           -           3899   3.1e-35  112.1   2.0   1   1   8.6e-36   3.1e-35  112.1   2.0     2    70  1064  1132  1063  1132 0.98 -
Cluster_11_aln       -            627 AY646427.1           -           3899   6.3e-35  112.7   3.3   1   1   2.7e-35   9.9e-35  112.0   3.3    48   479  1649  2110  1632  2118 0.74 -
Cluster_58_aln       -            487 AY646427.1           -           3899   1.2e-29   95.1   0.0   1   1     6e-30   2.2e-29   94.3   0.0     1   478  2684  3166  2684  3176 0.78 -
Cluster_57_aln       -            456 AY646427.1           -           3899   1.4e-28   92.0  14.3   1   1   3.4e-28   1.2e-27   88.8  14.3    19   456  1151  1589  1119  1589 0.75 -
Cluster_10_aln       -            594 AY646427.1           -           3899   1.5e-22   71.9   0.0   1   1   7.3e-23   2.7e-22   71.0   0.0   108   400  3409  3708  3346  3719 0.80 -
Cluster_1_aln        -            621 AY646427.1           -           3899   2.2e-21   68.0   0.1   1   1     1e-21   3.7e-21   67.2   0.1   110   468  1724  2101  1693  2120 0.76 -
Cluster_19_aln       -            569 AY646427.1           -           3899   1.8e-18   58.3   0.0   1   1   8.1e-19     3e-18   57.6   0.0    66   412  3370  3748  3337  3761 0.74 -
Cluster_61_aln       -            220 AY646427.1           -           3899   1.7e-13   42.8   0.0   1   1   8.9e-14   3.3e-13   41.9   0.0     4   216  2687  2894  2684  2897 0.83 -
Cluster_0_aln        -            903 AY646427.1           -           3899     7e-11   33.0   0.0   1   1     4e-10   1.5e-09   28.6   0.0   522   787  3512  3752  3484  3766 0.79 -
Cluster_20_aln       -            683 DQ127910.1           -           3899         0 1366.1   0.1   1   1         0         0 1365.5   0.1     1   683  1590  2272  1590  2272 1.00 -
Cluster_18_aln       -            717 DQ127910.1           -           3899         0 1325.0   4.3   1   1         0         0 1324.7   4.3     1   716  3181  3895  3181  3896 0.99 -
Cluster_36_aln       -            498 DQ127910.1           -           3899  1.3e-248  817.7   0.1   1   1  5.2e-249  1.9e-248  817.2   0.1     1   498  2684  3180  2684  3180 0.99 -
Cluster_35_aln       -            454 DQ127910.1           -           3899  1.4e-225  741.2   5.9   1   1  5.9e-226  2.1e-225  740.6   5.9     8   454  1144  1589  1138  1589 0.99 -
Cluster_23_aln       -            347 DQ127910.1           -           3899  2.9e-189  620.6   2.5   1   1  7.8e-190  2.9e-189  620.6   2.5     2   347  2338  2683  2337  2683 1.00 -
Cluster_24_aln       -            374 DQ127910.1           -           3899  1.5e-173  569.7   0.2   1   1  8.1e-174    3e-173  568.7   0.2     2   373   691  1061   690  1062 0.99 -
Cluster_26_aln       -            227 DQ127910.1           -           3899  5.5e-121  394.6   1.9   1   1  3.8e-121  1.4e-120  393.3   1.9     1   227   268   494   268   494 0.99 -
Cluster_27_aln       -            198 DQ127910.1           -           3899   9.1e-95  308.4   0.1   1   1     6e-95   2.2e-94  307.2   0.1     2   198   496   689   495   689 0.99 -
Cluster_32_aln       -            168 DQ127910.1           -           3899   1.8e-86  280.3   0.1   1   1   1.1e-86   3.9e-86  279.2   0.1     1   168     1   168     1   168 1.00 -
Cluster_28_aln       -            101 DQ127910.1           -           3899   3.1e-48  154.3   6.3   1   1   1.8e-48   6.7e-48  153.2   6.3     1   100   167   266   167   267 0.97 -
Cluster_21_aln       -            629 DQ127910.1           -           3899   8.7e-36  115.5   2.8   1   1   4.1e-36   1.5e-35  114.7   2.8    99   480  1708  2109  1651  2116 0.78 -
Cluster_38_aln       -             70 DQ127910.1           -           3899   1.1e-35  113.6   1.8   1   1     3e-36   1.1e-35  113.6   1.8     3    70  1065  1132  1063  1132 0.98 -
Cluster_29_aln       -             64 DQ127910.1           -           3899   7.3e-34  108.0   0.1   1   1   4.9e-34   1.8e-33  106.7   0.1     1    64  2273  2336  2273  2336 0.99 -
Cluster_11_aln       -            627 DQ127910.1           -           3899   1.1e-33  108.6   4.2   1   1   4.8e-34   1.7e-33  107.9   4.2    48   479  1649  2110  1632  2118 0.73 -
Cluster_58_aln       -            487 DQ127910.1           -           3899   3.1e-31  100.4   0.1   1   1   1.6e-31   5.8e-31   99.5   0.1     1   478  2684  3166  2684  3176 0.79 -
Cluster_57_aln       -            456 DQ127910.1           -           3899   6.4e-28   89.8   8.6   1   1     9e-28   3.3e-27   87.4   8.7   143   456  1268  1589  1144  1589 0.76 -
Cluster_10_aln       -            594 DQ127910.1           -           3899   7.3e-23   72.9   0.1   1   1   3.6e-23   1.3e-22   72.1   0.1   106   400  3407  3708  3322  3719 0.80 -
Cluster_1_aln        -            621 DQ127910.1           -           3899   3.2e-21   67.4   0.1   1   1   1.5e-21   5.5e-21   66.6   0.1   110   468  1724  2101  1697  2120 0.76 -
Cluster_19_aln       -            569 DQ127910.1           -           3899   9.8e-19   59.2   0.0   1   1   4.4e-19   1.6e-18   58.5   0.0    42   417  3347  3753  3332  3762 0.75 -
Cluster_61_aln       -            220 DQ127910.1           -           3899   1.8e-13   42.8   0.1   1   1   9.4e-14   3.4e-13   41.9   0.1     3   216  2686  2894  2684  2897 0.89 -
Cluster_0_aln        -            903 DQ127910.1           -           3899   4.3e-10   30.3   0.0   1   1   2.9e-09   1.1e-08   25.7   0.0   522   782  3512  3747  3484  3761 0.79 -
Cluster_20_aln       -            683 AY578687.1           -           3899         0 1365.8   0.2   1   1         0         0 1365.3   0.2     1   683  1590  2272  1590  2272 1.00 -
Cluster_18_aln       -            717 AY578687.1           -           3899         0 1333.8   5.2   1   1         0         0 1333.5   5.2     1   716  3181  3895  3181  3896 0.99 -
Cluster_36_aln       -            498 AY578687.1           -           3899  1.9e-252  830.4   0.1   1   1  7.6e-253  2.8e-252  829.8   0.1     1   498  2684  3180  2684  3180 1.00 -
Cluster_35_aln       -            454 AY578687.1           -           3899  1.9e-223  734.2   6.1   1   1  7.8e-224  2.9e-223  733.6   6.1     8   454  1144  1589  1138  1589 0.99 -
Cluster_23_aln       -            347 AY578687.1           -           3899  1.1e-188  618.7   1.9   1   1    3e-189  1.1e-188  618.7   1.9     2   347  2338  2683  2337  2683 1.00 -
Cluster_24_aln       -            374 AY578687.1           -           3899  8.5e-173  567.2   0.1   1   1  4.4e-173  1.6e-172  566.2   0.1     2   373   691  1061   690  1062 0.99 -
Cluster_26_aln       -            227 AY578687.1           -           3899  8.9e-121  393.9   1.9   1   1  5.3e-121  1.9e-120  392.8   1.9     1   227   268   494   268   494 0.99 -
Cluster_27_aln       -            198 AY578687.1           -           3899   2.2e-99  323.5   0.3   1   1   1.4e-99   5.2e-99  322.3   0.3     2   198   496   689   495   689 0.99 -
Cluster_32_aln       -            168 AY578687.1           -           3899     4e-86  279.1   0.0   1   1   2.3e-86   8.4e-86  278.1   0.0     1   168     1   168     1   168 1.00 -
Cluster_28_aln       -            101 AY578687.1           -           3899     5e-49  156.8   6.0   1   1   2.9e-49   1.1e-48  155.8   6.0     1   100   167   266   167   267 0.98 -
Cluster_21_aln       -            629 AY578687.1           -           3899   1.1e-36  118.4   3.0   1   1   5.4e-37     2e-36  117.6   3.0    99   480  1708  2109  1651  2116 0.78 -
Cluster_38_aln       -             70 AY578687.1           -           3899   6.1e-36  114.4   2.3   1   1   1.7e-36   6.1e-36  114.4   2.3     2    70  1064  1132  1063  1132 0.98 -
Cluster_29_aln       -             64 AY578687.1           -           3899   1.1e-35  113.8   0.2   1   1   7.5e-36   2.7e-35  112.6   0.2     1    64  2273  2336  2273  2336 0.99 -
Cluster_11_aln       -            627 AY578687.1           -           3899   1.7e-34  111.2   4.5   1   1   7.5e-35   2.8e-34  110.6   4.5    48   479  1649  2110  1632  2118 0.73 -
Cluster_58_aln       -            487 AY578687.1           -           3899   3.2e-33  106.9   0.0   1   1   1.8e-33   6.5e-33  105.9   0.0     1   478  2684  3166  2684  3176 0.80 -
Cluster_57_aln       -            456 AY578687.1           -           3899   2.4e-28   91.2   6.0   1   1   1.3e-28   4.9e-28   90.1   6.0    26   456  1158  1589  1141  1589 0.71 -
Cluster_10_aln       -            594 AY578687.1           -           3899   1.1e-22   72.3   0.1   1   1   5.4e-23     2e-22   71.5   0.1   106   400  3407  3708  3337  3719 0.79 -
Cluster_1_aln        -            621 AY578687.1           -           3899     1e-21   69.0   0.1   1   1   4.8e-22   1.8e-21   68.3   0.1   110   468  1724  2101  1697  2120 0.76 -
Cluster_19_aln       -            569 AY578687.1           -           3899   9.8e-20   62.5   0.0   1   1   4.3e-20   1.6e-19   61.8   0.0    42   413  3347  3749  3332  3762 0.75 -
Cluster_61_aln       -            220 AY578687.1           -           3899   9.8e-14   43.6   0.1   1   1   5.2e-14   1.9e-13   42.7   0.1     3   216  2686  2894  2684  2897 0.89 -
Cluster_0_aln        -            903 AY578687.1           -           3899   2.3e-10   31.3   0.1   1   1   1.5e-09   5.4e-09   26.7   0.1   522   782  3512  3747  3484  3761 0.79 -
Cluster_20_aln       -            683 AY554397.1           -           3899         0 1367.3   0.1   1   1         0         0 1366.9   0.1     1   683  1590  2272  1590  2272 1.00 -
Cluster_18_aln       -            717 AY554397.1           -           3899         0 1325.5   1.1   1   1         0         0 1325.1   1.1     1   716  3181  3895  3181  3896 0.99 -
Cluster_36_aln       -            498 AY554397.1           -           3899  3.2e-246  809.8   0.3   1   1  1.2e-246  4.6e-246  809.3   0.3     1   498  2684  3180  2684  3180 0.99 -
Cluster_35_aln       -            454 AY554397.1           -           3899  2.3e-224  737.2   7.2   1   1  9.1e-225  3.3e-224  736.7   7.2     5   454  1141  1589  1137  1589 0.99 -
Cluster_23_aln       -            347 AY554397.1           -           3899  1.5e-186  611.6   1.6   1   1  4.1e-187  1.5e-186  611.6   1.6     2   347  2338  2683  2337  2683 1.00 -
Cluster_24_aln       -            374 AY554397.1           -           3899  8.1e-174  570.5   0.1   1   1  4.1e-174  1.5e-173  569.6   0.1     2   373   691  1061   690  1062 0.99 -
Cluster_26_aln       -            227 AY554397.1           -           3899  1.6e-119  389.8   1.6   1   1  9.8e-120  3.6e-119  388.7   1.6     1   227   268   494   268   494 0.99 -
Cluster_27_aln       -            198 AY554397.1           -           3899   1.9e-99  323.7   0.2   1   1   1.3e-99   4.7e-99  322.4   0.2     2   198   496   689   495   689 0.99 -
Cluster_32_aln       -            168 AY554397.1           -           3899   7.7e-86  278.2   0.0   1   1   4.7e-86   1.7e-85  277.1   0.0     1   168     1   168     1   168 1.00 -
Cluster_28_aln       -            101 AY554397.1           -           3899   7.5e-46  146.6   4.8   1   1   4.4e-46   1.6e-45  145.6   4.8     2   100   168   266   167   267 0.97 -
Cluster_21_aln       -            629 AY554397.1           -           3899   1.9e-36  117.7   2.6   1   1   8.4e-37   3.1e-36  117.0   2.6    99   480  1708  2109  1651  2116 0.77 -
Cluster_29_aln       -             64 AY554397.1           -           3899   2.2e-35  112.9   0.2   1   1   1.5e-35   5.6e-35  111.6   0.2     1    64  2273  2336  2273  2336 0.99 -
Cluster_38_aln       -             70 AY554397.1           -           3899   6.2e-35  111.2   1.4   1   1   1.7e-35   6.2e-35  111.2   1.4     2    70  1064  1132  1063  1132 0.98 -
Cluster_11_aln       -            627 AY554397.1           -           3899   3.2e-34  110.4   3.9   1   1   1.3e-34   4.9e-34  109.7   3.9    48   479  1649  2110  1632  2118 0.73 -
Cluster_58_aln       -            487 AY554397.1           -           3899   4.4e-32  103.2   0.1   1   1   2.1e-32   7.8e-32  102.4   0.1     1   478  2684  3166  2684  3176 0.80 -
Cluster_57_aln       -            456 AY554397.1           -           3899     7e-29   92.9  11.4   1   1   9.2e-29   3.4e-28   90.7  11.4   129   456  1257  1589  1140  1589 0.72 -
Cluster_10_aln       -            594 AY554397.1           -           3899   1.2e-22   72.2   0.1   1   1     6e-23   2.2e-22   71.3   0.1    83   400  3387  3708  3337  3719 0.79 -
Cluster_1_aln        -            621 AY554397.1           -           3899   2.5e-21   67.8   0.0   1   1   1.2e-21   4.3e-21   67.0   0.0   110   468  1724  2101  1697  2120 0.76 -
Cluster_19_aln       -            569 AY554397.1           -           3899   1.1e-19   62.3   0.0   1   1   5.1e-20   1.9e-19   61.5   0.0    42   420  3347  3757  3332  3762 0.75 -
Cluster_61_aln       -            220 AY554397.1           -           3899   2.6e-13   42.2   0.1   1   1   1.4e-13   5.1e-13   41.3   0.1     3   216  2686  2894  2684  2897 0.88 -
Cluster_0_aln        -            903 AY554397.1           -           3899   7.7e-10   29.5   0.0   1   1   4.7e-09   1.7e-08   25.0   0.0   522   779  3512  3744  3484  3752 0.78 -
Cluster_20_aln       -            683 AY568569.1           -           3899         0 1359.8   0.1   1   1         0         0 1359.4   0.1     1   683  1590  2272  1590  2272 1.00 -
Cluster_18_aln       -            717 AY568569.1           -           3899         0 1329.5   1.7   1   1         0         0 1329.1   1.7     1   716  3181  3895  3181  3896 0.99 -
Cluster_36_aln       -            498 AY568569.1           -           3899  4.5e-249  819.2   0.1   1   1  1.7e-249  6.4e-249  818.7   0.1     1   498  2684  3180  2684  3180 0.99 -
Cluster_35_aln       -            454 AY568569.1           -           3899  3.8e-225  739.8   4.3   1   1  1.6e-225  5.7e-225  739.2   4.3     5   454  1141  1589  1137  1589 0.99 -
Cluster_23_aln       -            347 AY568569.1           -           3899  3.5e-189  620.3   1.9   1   1  9.6e-190  3.5e-189  620.3   1.9     2   347  2338  2683  2337  2683 1.00 -
Cluster_24_aln       -            374 AY568569.1           -           3899  1.2e-174  573.3   0.1   1   1  5.6e-175  2.1e-174  572.5   0.1     2   373   691  1061   690  1062 0.99 -
Cluster_26_aln       -            227 AY568569.1           -           3899  7.9e-120  390.8   2.5   1   1  4.7e-120  1.7e-119  389.7   2.5     1   227   268   494   268   494 0.99 -
Cluster_27_aln       -            198 AY568569.1           -           3899   3.5e-99  322.8   0.1   1   1   2.2e-99   8.1e-99  321.6   0.1     2   198   496   689   495   689 0.99 -
Cluster_32_aln       -            168 AY568569.1           -           3899   1.6e-84  273.9   0.0   1   1   9.9e-85   3.6e-84  272.8   0.0     1   168     1   168     1   168 1.00 -
Cluster_28_aln       -            101 AY568569.1           -           3899   1.2e-47  152.4   7.3   1   1   6.9e-48   2.5e-47  151.3   7.3     2   100   168   266   167   267 0.97 -
Cluster_21_aln       -            629 AY568569.1           -           3899   3.2e-36  116.9   2.2   1   1   1.4e-36   5.2e-36  116.2   2.2    99   480  1708  2109  1658  2116 0.77 -
Cluster_29_aln       -             64 AY568569.1           -           3899   2.2e-35  112.9   0.2   1   1   1.5e-35   5.6e-35  111.6   0.2     1    64  2273  2336  2273  2336 0.99 -
Cluster_38_aln       -             70 AY568569.1           -           3899   5.9e-35  111.3   1.6   1   1   1.6e-35   5.9e-35  111.3   1.6     2    70  1064  1132  1063  1132 0.98 -
Cluster_11_aln       -            627 AY568569.1           -           3899   4.8e-34  109.8   3.6   1   1   2.1e-34   7.6e-34  109.1   3.6    49   479  1650  2110  1635  2118 0.73 -
Cluster_58_aln       -            487 AY568569.1           -           3899   1.9e-32  104.4   0.1   1   1   9.2e-33   3.4e-32  103.6   0.1     1   478  2684  3166  2684  3176 0.79 -
Cluster_57_aln       -            456 AY568569.1           -           3899   1.4e-28   91.9   6.0   1   1   9.2e-29   3.4e-28   90.7   6.0   134   456  1259  1589  1140  1589 0.75 -
Cluster_10_aln       -            594 AY568569.1           -           3899   6.7e-23   73.0   0.1   1   1   3.2e-23   1.2e-22   72.2   0.1    64   400  3368  3708  3336  3719 0.79 -
Cluster_1_aln        -            621 AY568569.1           -           3899   2.9e-21   67.6   0.1   1   1   1.4e-21     5e-21   66.8   0.1   110   468  1724  2101  1700  2120 0.75 -
Cluster_19_aln       -            569 AY568569.1           -           3899   1.5e-19   61.9   0.0   1   1   6.6e-20   2.4e-19   61.2   0.0    42   413  3347  3749  3332  3762 0.75 -
Cluster_61_aln       -            220 AY568569.1           -           3899   4.1e-14   44.9   0.1   1   1   2.1e-14   7.8e-14   44.0   0.1     3   216  2686  2894  2684  2897 0.89 -
Cluster_0_aln        -            903 AY568569.1           -           3899   5.6e-10   29.9   0.0   1   1   3.6e-09   1.3e-08   25.4   0.0   522   782  3512  3747  3484  3762 0.79 -
Cluster_20_aln       -            683 AY367767.1           -           3899         0 1357.8   0.1   1   1         0         0 1357.4   0.1     1   683  1590  2272  1590  2272 1.00 -
Cluster_18_aln       -            717 AY367767.1           -           3899         0 1324.2   2.1   1   1         0         0 1323.8   2.1     1   716  3181  3895  3181  3896 0.99 -
Cluster_36_aln       -            498 AY367767.1           -           3899  3.9e-247  812.8   0.3   1   1  1.5e-247  5.6e-247  812.3   0.3     1   498  2684  3180  2684  3180 0.99 -
Cluster_35_aln       -            454 AY367767.1           -           3899  1.5e-222  731.2   8.9   1   1  6.3e-223  2.3e-222  730.6   8.9     8   454  1144  1589  1139  1589 0.99 -
Cluster_23_aln       -            347 AY367767.1           -           3899  6.8e-189  619.4   1.5   1   1  1.9e-189  6.8e-189  619.4   1.5     2   347  2338  2683  2337  2683 1.00 -
Cluster_24_aln       -            374 AY367767.1           -           3899    5e-175  574.5   0.1   1   1  2.7e-175  9.8e-175  573.5   0.1     2   373   691  1061   690  1062 0.99 -
Cluster_26_aln       -            227 AY367767.1           -           3899    4e-121  395.1   3.1   1   1  2.5e-121  9.1e-121  393.9   3.1     1   227   268   494   268   494 0.99 -
Cluster_27_aln       -            198 AY367767.1           -           3899   3.6e-99  322.8   0.1   1   1   2.4e-99   8.7e-99  321.5   0.1     2   198   496   689   495   689 0.99 -
Cluster_32_aln       -            168 AY367767.1           -           3899   9.6e-85  274.6   0.0   1   1   6.2e-85   2.3e-84  273.4   0.0     1   168     1   168     1   168 1.00 -
Cluster_28_aln       -            101 AY367767.1           -           3899   1.5e-47  152.0   6.9   1   1   8.9e-48   3.3e-47  151.0   6.9     2   100   168   266   167   267 0.97 -
Cluster_29_aln       -             64 AY367767.1           -           3899   2.2e-35  112.9   0.2   1   1   1.5e-35   5.6e-35  111.6   0.2     1    64  2273  2336  2273  2336 0.99 -
Cluster_21_aln       -            629 AY367767.1           -           3899   2.5e-35  114.0   2.7   1   1   1.1e-35     4e-35  113.3   2.7    99   480  1708  2109  1651  2116 0.77 -
Cluster_38_aln       -             70 AY367767.1           -           3899   5.9e-35  111.3   1.6   1   1   1.6e-35   5.9e-35  111.3   1.6     2    70  1064  1132  1063  1132 0.98 -
Cluster_11_aln       -            627 AY367767.1           -           3899     3e-33  107.2   4.1   1   1   1.3e-33   4.6e-33  106.5   4.1    48   482  1649  2111  1632  2119 0.73 -
Cluster_58_aln       -            487 AY367767.1           -           3899   1.9e-31  101.1   0.1   1   1   9.3e-32   3.4e-31  100.2   0.1     1   478  2684  3166  2684  3176 0.80 -
Cluster_57_aln       -            456 AY367767.1           -           3899   1.3e-29   95.4   2.0   1   1   3.5e-30   1.3e-29   95.4   2.0   146   456  1271  1589  1246  1589 0.78 -
Cluster_10_aln       -            594 AY367767.1           -           3899   6.1e-23   73.2   0.1   1   1   3.1e-23   1.1e-22   72.3   0.1    63   400  3367  3708  3313  3719 0.80 -
Cluster_1_aln        -            621 AY367767.1           -           3899   9.8e-20   62.5   0.0   1   1   4.9e-20   1.8e-19   61.6   0.0   110   467  1724  2100  1697  2118 0.76 -
Cluster_19_aln       -            569 AY367767.1           -           3899   1.4e-19   61.9   0.0   1   1   6.3e-20   2.3e-19   61.2   0.0    42   413  3347  3749  3330  3762 0.75 -
Cluster_61_aln       -            220 AY367767.1           -           3899   1.5e-13   43.0   0.1   1   1   7.7e-14   2.8e-13   42.1   0.1     3   216  2686  2894  2684  2897 0.89 -
Cluster_0_aln        -            903 AY367767.1           -           3899   5.6e-10   30.0   0.0   1   1   3.6e-09   1.3e-08   25.4   0.0   522   782  3512  3747  3484  3762 0.79 -
Cluster_20_aln       -            683 AF407339.1           -           3899         0 1354.5   0.0   1   1         0         0 1354.0   0.0     1   683  1590  2272  1590  2272 1.00 -
Cluster_18_aln       -            717 AF407339.1           -           3899         0 1330.4   4.3   1   1         0         0 1330.0   4.3     1   716  3181  3895  3181  3896 0.99 -
Cluster_36_aln       -            498 AF407339.1           -           3899  1.6e-251  827.3   0.1   1   1  6.1e-252  2.2e-251  826.8   0.1     1   498  2684  3180  2684  3180 1.00 -
Cluster_35_aln       -            454 AF407339.1           -           3899  1.5e-225  741.1   5.8   1   1  5.9e-226  2.2e-225  740.6   5.8     5   454  1141  1589  1137  1589 0.99 -
Cluster_23_aln       -            347 AF407339.1           -           3899  2.3e-184  604.5   1.2   1   1  6.3e-185  2.3e-184  604.5   1.2     2   347  2338  2683  2337  2683 1.00 -
Cluster_24_aln       -            374 AF407339.1           -           3899  8.7e-174  570.4   0.2   1   1  5.4e-174    2e-173  569.2   0.2     2   373   691  1061   690  1062 0.99 -
Cluster_26_aln       -            227 AF407339.1           -           3899  6.3e-121  394.4   2.9   1   1  4.1e-121  1.5e-120  393.2   2.9     1   227   268   494   268   494 0.99 -
Cluster_27_aln       -            198 AF407339.1           -           3899   7.9e-97  315.1   0.1   1   1   4.9e-97   1.8e-96  314.0   0.1     2   198   496   689   495   689 0.99 -
Cluster_32_aln       -            168 AF407339.1           -           3899   3.4e-86  279.3   0.1   1   1   2.2e-86   8.1e-86  278.1   0.1     1   168     1   168     1   168 1.00 -
Cluster_28_aln       -            101 AF407339.1           -           3899   2.3e-47  151.5   6.2   1   1   1.3e-47   4.8e-47  150.5   6.2     1   100   167   266   167   267 0.97 -
Cluster_21_aln       -            629 AF407339.1           -           3899   8.6e-38  122.1   2.2   1   1   4.3e-38   1.6e-37  121.2   2.2    99   480  1708  2109  1655  2116 0.78 -
Cluster_38_aln       -             70 AF407339.1           -           3899   1.1e-35  113.6   1.5   1   1     3e-36   1.1e-35  113.6   1.5     2    70  1064  1132  1063  1132 0.98 -
Cluster_29_aln       -             64 AF407339.1           -           3899   1.5e-35  113.4   0.2   1   1     1e-35   3.7e-35  112.1   0.2     1    64  2273  2336  2273  2336 0.99 -
Cluster_11_aln       -            627 AF407339.1           -           3899     3e-35  113.7   3.1   1   1   1.3e-35   4.8e-35  113.0   3.1    76   479  1681  2110  1633  2118 0.73 -
Cluster_58_aln       -            487 AF407339.1           -           3899   8.5e-32  102.2   0.0   1   1   4.7e-32   1.7e-31  101.2   0.0     1   478  2684  3166  2684  3176 0.80 -
Cluster_57_aln       -            456 AF407339.1           -           3899   4.3e-28   90.3   8.0   1   1   2.9e-28   1.1e-27   89.0   8.0    16   456  1148  1589  1134  1589 0.73 -
Cluster_10_aln       -            594 AF407339.1           -           3899   2.5e-22   71.1   0.1   1   1   1.2e-22   4.4e-22   70.3   0.1   106   400  3407  3708  3335  3719 0.79 -
Cluster_1_aln        -            621 AF407339.1           -           3899   4.3e-21   67.0   0.1   1   1     2e-21   7.2e-21   66.3   0.1   110   468  1724  2101  1651  2120 0.78 -
Cluster_19_aln       -            569 AF407339.1           -           3899     9e-19   59.3   0.0   1   1   4.5e-19   1.6e-18   58.4   0.0    42   413  3347  3749  3332  3762 0.75 -
Cluster_61_aln       -            220 AF407339.1           -           3899   4.5e-15   48.0   0.1   1   1   2.4e-15     9e-15   47.0   0.1     3   216  2686  2894  2684  2897 0.90 -
Cluster_0_aln        -            903 AF407339.1           -           3899   2.5e-10   31.1   0.0   1   1   1.6e-09   5.9e-09   26.6   0.0   522   782  3512  3747  3484  3762 0.79 -
Cluster_20_aln       -            683 AF352565.1           -           3898         0 1358.5   0.1   1   1         0         0 1358.1   0.1     1   683  1589  2271  1589  2271 1.00 -
Cluster_18_aln       -            717 AF352565.1           -           3898         0 1301.3   4.1   1   1         0         0 1300.9   4.1     1   715  3180  3893  3180  3895 0.99 -
Cluster_36_aln       -            498 AF352565.1           -           3898  6.6e-248  815.4   0.0   1   1  2.7e-248  9.7e-248  814.8   0.0     1   498  2683  3179  2683  3179 0.99 -
Cluster_35_aln       -            454 AF352565.1           -           3898  1.1e-224  738.3   4.5   1   1  4.6e-225  1.7e-224  737.6   4.5     9   454  1144  1588  1138  1588 0.99 -
Cluster_23_aln       -            347 AF352565.1           -           3898  1.9e-185  608.1   0.9   1   1  5.1e-186  1.9e-185  608.1   0.9     2   347  2337  2682  2336  2682 1.00 -
Cluster_24_aln       -            374 AF352565.1           -           3898  4.2e-174  571.5   0.2   1   1  2.1e-174  7.6e-174  570.6   0.2     2   373   690  1060   689  1061 0.99 -
Cluster_26_aln       -            227 AF352565.1           -           3898  3.5e-109  356.0   1.6   1   1  1.8e-109  6.4e-109  355.2   1.6     1   227   268   493   268   493 0.99 -
Cluster_27_aln       -            198 AF352565.1           -           3898     5e-97  315.8   0.2   1   1   3.5e-97   1.3e-96  314.4   0.2     2   198   495   688   494   688 0.99 -
Cluster_32_aln       -            168 AF352565.1           -           3898   4.6e-84  272.4   0.0   1   1   2.7e-84     1e-83  271.3   0.0     1   168     1   168     1   168 1.00 -
Cluster_28_aln       -            101 AF352565.1           -           3898   1.3e-48  155.5   5.7   1   1     8e-49   2.9e-48  154.3   5.7     1   100   167   266   167   267 0.97 -
Cluster_38_aln       -             70 AF352565.1           -           3898   2.6e-36  115.6   1.2   1   1   2.2e-36     8e-36  114.0   1.2     3    70  1064  1131  1062  1131 0.98 -
Cluster_21_aln       -            629 AF352565.1           -           3898   5.4e-36  116.2   2.5   1   1   2.4e-36     9e-36  115.4   2.5    99   480  1707  2108  1657  2115 0.78 -
Cluster_29_aln       -             64 AF352565.1           -           3898   1.2e-35  113.7   0.2   1   1   7.5e-36   2.7e-35  112.6   0.2     1    64  2272  2335  2272  2335 0.99 -
Cluster_11_aln       -            627 AF352565.1           -           3898   5.7e-34  109.5   4.4   1   1   2.4e-34   8.8e-34  108.9   4.4    50   478  1650  2108  1638  2117 0.72 -
Cluster_58_aln       -            487 AF352565.1           -           3898   8.4e-32  102.3   0.0   1   1   4.6e-32   1.7e-31  101.3   0.0     1   478  2683  3165  2683  3175 0.78 -
Cluster_57_aln       -            456 AF352565.1           -           3898   4.5e-27   87.0   5.5   1   1   3.4e-27   1.3e-26   85.5   5.5   144   456  1268  1588  1143  1588 0.76 -
Cluster_1_aln        -            621 AF352565.1           -           3898   1.4e-21   68.7   0.1   1   1   6.4e-22   2.3e-21   67.9   0.1   110   468  1723  2100  1700  2118 0.75 -
Cluster_10_aln       -            594 AF352565.1           -           3898   3.6e-21   67.3   0.1   1   1   1.7e-21   6.1e-21   66.6   0.1   116   400  3416  3707  3312  3718 0.83 -
Cluster_19_aln       -            569 AF352565.1           -           3898   7.5e-18   56.2   0.0   1   1   3.4e-18   1.2e-17   55.5   0.0    62   413  3365  3748  3335  3761 0.71 -
Cluster_61_aln       -            220 AF352565.1           -           3898   4.9e-15   47.9   0.1   1   1   2.5e-15   9.2e-15   47.0   0.1     3   216  2685  2893  2683  2896 0.90 -
Cluster_0_aln        -            903 AF352565.1           -           3898   2.8e-09   27.7   0.0   1   1   1.7e-08   6.2e-08   23.2   0.0   522   782  3511  3746  3483  3760 0.79 -
Cluster_20_aln       -            683 AF091661.1           -           3899         0 1366.4   0.1   1   1         0         0 1365.9   0.1     1   683  1590  2272  1590  2272 1.00 -
Cluster_18_aln       -            717 AF091661.1           -           3899         0 1334.0   4.6   1   1         0         0 1333.6   4.6     1   716  3181  3895  3181  3896 0.99 -
Cluster_36_aln       -            498 AF091661.1           -           3899  7.1e-253  831.8   0.1   1   1  2.8e-253    1e-252  831.2   0.1     1   498  2684  3180  2684  3180 1.00 -
Cluster_35_aln       -            454 AF091661.1           -           3899  1.6e-225  741.0   5.6   1   1  6.6e-226  2.4e-225  740.4   5.6     8   454  1144  1589  1138  1589 0.99 -
Cluster_23_aln       -            347 AF091661.1           -           3899  2.1e-189  621.0   2.4   1   1  5.7e-190  2.1e-189  621.0   2.4     2   347  2338  2683  2337  2683 1.00 -
Cluster_24_aln       -            374 AF091661.1           -           3899  1.5e-172  566.3   0.2   1   1  9.7e-173  3.6e-172  565.1   0.2     2   373   691  1061   690  1062 0.99 -
Cluster_26_aln       -            227 AF091661.1           -           3899  6.4e-121  394.4   2.2   1   1  4.1e-121  1.5e-120  393.2   2.2     1   227   268   494   268   494 0.99 -
Cluster_27_aln       -            198 AF091661.1           -           3899   1.5e-99  324.0   0.2   1   1     1e-99   3.7e-99  322.7   0.2     2   198   496   689   495   689 0.99 -
Cluster_32_aln       -            168 AF091661.1           -           3899     2e-86  280.1   0.0   1   1   1.6e-86   5.8e-86  278.6   0.0     1   168     1   168     1   168 1.00 -
Cluster_28_aln       -            101 AF091661.1           -           3899   7.7e-49  156.2   5.0   1   1   4.5e-49   1.6e-48  155.2   5.0     1   100   167   266   167   267 0.98 -
Cluster_21_aln       -            629 AF091661.1           -           3899   1.3e-36  118.2   2.7   1   1     6e-37   2.2e-36  117.5   2.7    99   480  1708  2109  1651  2116 0.78 -
Cluster_38_aln       -             70 AF091661.1           -           3899   1.1e-35  113.6   1.8   1   1     3e-36   1.1e-35  113.6   1.8     3    70  1065  1132  1063  1132 0.98 -
Cluster_29_aln       -             64 AF091661.1           -           3899   1.1e-35  113.8   0.2   1   1   7.5e-36   2.7e-35  112.6   0.2     1    64  2273  2336  2273  2336 0.99 -
Cluster_11_aln       -            627 AF091661.1           -           3899   1.5e-34  111.4   4.1   1   1   6.4e-35   2.4e-34  110.8   4.1    48   479  1649  2110  1632  2118 0.73 -
Cluster_58_aln       -            487 AF091661.1           -           3899   2.6e-32  103.9   0.0   1   1   1.4e-32     5e-32  103.0   0.0     1   478  2684  3166  2684  3176 0.79 -
Cluster_57_aln       -            456 AF091661.1           -           3899   1.4e-27   88.6   8.8   1   1   1.7e-27   6.2e-27   86.5   8.8   142   456  1267  1589  1143  1589 0.76 -
Cluster_10_aln       -            594 AF091661.1           -           3899   2.5e-22   71.2   0.1   1   1   1.2e-22   4.4e-22   70.4   0.1   108   400  3409  3708  3338  3719 0.81 -
Cluster_1_aln        -            621 AF091661.1           -           3899   1.3e-21   68.8   0.0   1   1   5.9e-22   2.2e-21   68.0   0.0   110   468  1724  2101  1697  2120 0.76 -
Cluster_19_aln       -            569 AF091661.1           -           3899   5.3e-19   60.1   0.0   1   1   2.3e-19   8.5e-19   59.4   0.0    43   413  3348  3749  3332  3762 0.74 -
Cluster_61_aln       -            220 AF091661.1           -           3899   1.5e-14   46.3   0.1   1   1   7.9e-15   2.9e-14   45.4   0.1     3   216  2686  2894  2684  2897 0.90 -
Cluster_0_aln        -            903 AF091661.1           -           3899   4.1e-10   30.4   0.0   1   1   2.5e-09   9.2e-09   25.9   0.0   522   782  3512  3747  3484  3762 0.79 -
Cluster_20_aln       -            683 X96550.1             -           3899         0 1362.4   0.2   1   1         0         0 1361.9   0.2     1   683  1590  2272  1590  2272 1.00 -
Cluster_18_aln       -            717 X96550.1             -           3899         0 1328.8   3.7   1   1         0         0 1328.4   3.7     1   716  3181  3895  3181  3896 0.99 -
Cluster_36_aln       -            498 X96550.1             -           3899  1.7e-252  830.5   0.1   1   1  6.8e-253  2.5e-252  830.0   0.1     1   498  2684  3180  2684  3180 1.00 -
Cluster_35_aln       -            454 X96550.1             -           3899  3.3e-224  736.7   5.8   1   1  1.4e-224    5e-224  736.1   5.8     8   454  1144  1589  1138  1589 0.99 -
Cluster_23_aln       -            347 X96550.1             -           3899  1.2e-187  615.2   2.3   1   1  3.3e-188  1.2e-187  615.2   2.3     2   347  2338  2683  2337  2683 1.00 -
Cluster_24_aln       -            374 X96550.1             -           3899  1.8e-173  569.4   0.1   1   1  9.5e-174  3.5e-173  568.4   0.1     2   373   691  1061   690  1062 0.99 -
Cluster_26_aln       -            227 X96550.1             -           3899    6e-120  391.2   2.5   1   1  1.6e-120    6e-120  391.2   2.5     1   227   268   494   268   494 0.99 -
Cluster_27_aln       -            198 X96550.1             -           3899   1.4e-98  320.8   0.2   1   1   9.8e-99   3.6e-98  319.5   0.2     2   198   496   689   495   689 0.99 -
Cluster_32_aln       -            168 X96550.1             -           3899   3.9e-86  279.2   0.0   1   1   2.4e-86   8.8e-86  278.0   0.0     1   168     1   168     1   168 1.00 -
Cluster_28_aln       -            101 X96550.1             -           3899   2.8e-48  154.4   5.4   1   1   1.6e-48   5.9e-48  153.4   5.4     1   100   167   266   167   267 0.97 -
Cluster_38_aln       -             70 X96550.1             -           3899   7.7e-36  114.1   1.3   1   1   2.1e-36   7.7e-36  114.1   1.3     3    70  1065  1132  1063  1132 0.98 -
Cluster_21_aln       -            629 X96550.1             -           3899     1e-35  115.2   2.8   1   1   4.8e-36   1.7e-35  114.5   2.8   130   480  1743  2109  1657  2116 0.78 -
Cluster_29_aln       -             64 X96550.1             -           3899   2.6e-35  112.6   0.2   1   1   1.8e-35   6.5e-35  111.4   0.2     1    64  2273  2336  2273  2336 0.99 -
Cluster_11_aln       -            627 X96550.1             -           3899   8.8e-34  108.9   4.6   1   1   3.9e-34   1.4e-33  108.2   4.6    47   478  1648  2109  1632  2118 0.74 -
Cluster_58_aln       -            487 X96550.1             -           3899   3.8e-32  103.4   0.0   1   1     2e-32   7.3e-32  102.5   0.0     1   478  2684  3166  2684  3176 0.78 -
Cluster_57_aln       -            456 X96550.1             -           3899   5.2e-29   93.4   6.6   1   1   3.4e-29   1.2e-28   92.1   6.6   135   456  1260  1589  1144  1589 0.73 -
Cluster_10_aln       -            594 X96550.1             -           3899   6.8e-23   73.0   0.1   1   1   3.2e-23   1.2e-22   72.2   0.1   106   400  3407  3708  3322  3719 0.80 -
Cluster_1_aln        -            621 X96550.1             -           3899   5.2e-21   66.7   0.1   1   1   2.4e-21   8.6e-21   66.0   0.1   110   467  1724  2100  1678  2119 0.77 -
Cluster_19_aln       -            569 X96550.1             -           3899   2.4e-19   61.2   0.0   1   1   1.1e-19   3.9e-19   60.5   0.0    42   417  3347  3753  3332  3762 0.75 -
Cluster_61_aln       -            220 X96550.1             -           3899     2e-14   45.9   0.1   1   1     1e-14   3.8e-14   45.0   0.1     3   216  2686  2894  2684  2897 0.89 -
Cluster_0_aln        -            903 X96550.1             -           3899   4.5e-10   30.3   0.0   1   1   3.1e-09   1.2e-08   25.6   0.0   522   782  3512  3747  3484  3762 0.79 -
Cluster_20_aln       -            683 D49532.1             -           3899         0 1366.9   0.1   1   1         0         0 1366.3   0.1     1   683  1590  2272  1590  2272 1.00 -
Cluster_18_aln       -            717 D49532.1             -           3899         0 1333.4   4.3   1   1         0         0 1333.0   4.3     1   716  3181  3895  3181  3896 0.99 -
Cluster_36_aln       -            498 D49532.1             -           3899  1.8e-252  830.5   0.0   1   1  7.1e-253  2.6e-252  829.9   0.0     1   498  2684  3180  2684  3180 1.00 -
Cluster_35_aln       -            454 D49532.1             -           3899  1.3e-225  741.3   5.2   1   1  5.4e-226    2e-225  740.7   5.2     8   454  1144  1589  1138  1589 0.99 -
Cluster_23_aln       -            347 D49532.1             -           3899  5.5e-189  619.7   2.2   1   1  1.5e-189  5.5e-189  619.7   2.2     2   347  2338  2683  2337  2683 1.00 -
Cluster_24_aln       -            374 D49532.1             -           3899  3.8e-171  561.7   0.3   1   1  1.9e-171  6.9e-171  560.9   0.3     2   373   691  1061   690  1062 0.99 -
Cluster_26_aln       -            227 D49532.1             -           3899  2.6e-121  395.7   1.8   1   1  1.7e-121  6.2e-121  394.5   1.8     1   227   268   494   268   494 0.99 -
Cluster_27_aln       -            198 D49532.1             -           3899   2.2e-99  323.5   0.3   1   1   1.4e-99   5.3e-99  322.2   0.3     2   198   496   689   495   689 0.99 -
Cluster_32_aln       -            168 D49532.1             -           3899     7e-87  281.6   0.0   1   1   4.5e-87   1.6e-86  280.4   0.0     1   168     1   168     1   168 1.00 -
Cluster_28_aln       -            101 D49532.1             -           3899   2.8e-48  154.4   5.8   1   1   1.6e-48     6e-48  153.4   5.8     1   100   167   266   167   267 0.97 -
Cluster_21_aln       -            629 D49532.1             -           3899   1.3e-36  118.2   2.7   1   1     6e-37   2.2e-36  117.5   2.7    99   480  1708  2109  1651  2116 0.78 -
Cluster_38_aln       -             70 D49532.1             -           3899   1.1e-35  113.6   1.8   1   1     3e-36   1.1e-35  113.6   1.8     3    70  1065  1132  1063  1132 0.98 -
Cluster_29_aln       -             64 D49532.1             -           3899   1.1e-35  113.8   0.2   1   1   7.5e-36   2.7e-35  112.6   0.2     1    64  2273  2336  2273  2336 0.99 -
Cluster_11_aln       -            627 D49532.1             -           3899   1.5e-34  111.4   4.1   1   1   6.4e-35   2.4e-34  110.8   4.1    48   479  1649  2110  1632  2118 0.73 -
Cluster_58_aln       -            487 D49532.1             -           3899   2.5e-32  104.0   0.0   1   1   1.3e-32   4.8e-32  103.0   0.0     1   478  2684  3166  2684  3176 0.79 -
Cluster_57_aln       -            456 D49532.1             -           3899   4.6e-28   90.3   8.4   1   1   6.7e-28   2.5e-27   87.8   8.5   143   456  1268  1589  1144  1589 0.76 -
Cluster_10_aln       -            594 D49532.1             -           3899   1.7e-22   71.7   0.1   1   1     8e-23     3e-22   70.9   0.1   106   400  3407  3708  3336  3719 0.79 -
Cluster_1_aln        -            621 D49532.1             -           3899   1.3e-21   68.8   0.0   1   1   5.9e-22   2.2e-21   68.0   0.0   110   468  1724  2101  1697  2120 0.76 -
Cluster_19_aln       -            569 D49532.1             -           3899   1.3e-19   62.0   0.0   1   1   5.9e-20   2.2e-19   61.3   0.0    42   413  3347  3749  3332  3762 0.75 -
Cluster_61_aln       -            220 D49532.1             -           3899   2.1e-14   45.9   0.0   1   1   1.1e-14     4e-14   44.9   0.0     3   216  2686  2894  2684  2897 0.90 -
Cluster_0_aln        -            903 D49532.1             -           3899   1.6e-10   31.7   0.0   1   1   1.1e-09   3.9e-09   27.2   0.0   522   782  3512  3747  3484  3762 0.79 -
Cluster_20_aln       -            683 MN399381.1           -           3899         0 1368.4   0.2   1   1         0         0 1367.8   0.2     1   683  1590  2272  1590  2272 1.00 -
Cluster_18_aln       -            717 MN399381.1           -           3899         0 1330.8   4.5   1   1         0         0 1330.4   4.5     1   716  3181  3895  3181  3896 0.99 -
Cluster_36_aln       -            498 MN399381.1           -           3899  6.3e-252  828.6   0.0   1   1  2.5e-252  9.3e-252  828.1   0.0     1   498  2684  3180  2684  3180 1.00 -
Cluster_35_aln       -            454 MN399381.1           -           3899    1e-223  735.1   5.0   1   1  4.3e-224  1.6e-223  734.4   5.0     8   454  1144  1589  1139  1589 0.99 -
Cluster_23_aln       -            347 MN399381.1           -           3899  4.5e-188  616.7   1.8   1   1  1.2e-188  4.5e-188  616.7   1.8     2   347  2338  2683  2337  2683 1.00 -
Cluster_24_aln       -            374 MN399381.1           -           3899  7.9e-175  573.8   0.1   1   1    4e-175  1.4e-174  573.0   0.1     2   373   761  1131   760  1132 0.99 -
Cluster_26_aln       -            227 MN399381.1           -           3899  3.7e-120  391.9   0.9   1   1  2.1e-120  7.7e-120  390.9   0.9     1   227   268   494   268   494 0.99 -
Cluster_27_aln       -            198 MN399381.1           -           3899     7e-99  321.8   0.2   1   1   4.4e-99   1.6e-98  320.7   0.2     2   198   496   689   495   689 0.99 -
Cluster_32_aln       -            168 MN399381.1           -           3899   2.8e-86  279.6   0.0   1   1   1.9e-86   6.9e-86  278.4   0.0     1   168     1   168     1   168 1.00 -
Cluster_28_aln       -            101 MN399381.1           -           3899   4.3e-48  153.8   6.2   1   1   2.7e-48   9.8e-48  152.7   6.2     2   100   168   266   167   267 0.97 -
Cluster_21_aln       -            629 MN399381.1           -           3899   9.9e-37  118.6   3.9   1   1   4.5e-37   1.6e-36  117.9   3.9    99   480  1708  2109  1646  2116 0.77 -
Cluster_38_aln       -             70 MN399381.1           -           3899   2.5e-36  115.7   2.8   1   1   6.8e-37   2.5e-36  115.7   2.8     3    70   692   759   690   759 0.98 -
Cluster_29_aln       -             64 MN399381.1           -           3899   1.1e-35  113.8   0.2   1   1   7.5e-36   2.7e-35  112.6   0.2     1    64  2273  2336  2273  2336 0.99 -
Cluster_11_aln       -            627 MN399381.1           -           3899   1.3e-34  111.7   4.9   1   1   5.5e-35     2e-34  111.0   4.9    48   479  1649  2110  1632  2118 0.73 -
Cluster_58_aln       -            487 MN399381.1           -           3899   1.6e-31  101.3   0.0   1   1   9.9e-32   3.6e-31  100.1   0.0     1   478  2684  3166  2684  3176 0.78 -
Cluster_57_aln       -            456 MN399381.1           -           3899   3.4e-28   90.7   6.7   1   1   4.8e-28   1.8e-27   88.3   6.7   198   456  1327  1589  1144  1589 0.79 -
Cluster_10_aln       -            594 MN399381.1           -           3899   3.8e-22   70.5   0.1   1   1   1.8e-22   6.5e-22   69.8   0.1   107   400  3408  3708  3337  3719 0.80 -
Cluster_1_aln        -            621 MN399381.1           -           3899   7.4e-22   69.5   0.1   1   1   3.5e-22   1.3e-21   68.7   0.1   110   468  1724  2101  1677  2120 0.77 -
Cluster_19_aln       -            569 MN399381.1           -           3899   1.7e-19   61.7   0.0   1   1   7.4e-20   2.7e-19   61.0   0.0    42   413  3347  3749  3331  3762 0.75 -
Cluster_61_aln       -            220 MN399381.1           -           3899   1.7e-14   46.2   0.0   1   1   8.8e-15   3.2e-14   45.2   0.0     3   216  2686  2894  2684  2897 0.89 -
Cluster_0_aln        -            903 MN399381.1           -           3899   1.1e-09   28.9   0.0   1   1   7.5e-09   2.8e-08   24.4   0.0   522   782  3512  3747  3484  3762 0.79 -
Cluster_20_aln       -            683 MT261713.1           -           3483         0 1364.1   0.1   1   1         0         0 1363.7   0.1     1   683  1427  2109  1427  2109 1.00 -
Cluster_18_aln       -            717 MT261713.1           -           3483  6.4e-264  869.7   4.8   1   1  2.2e-264  8.3e-264  869.3   4.8     1   466  3018  3483  3018  3483 1.00 -
Cluster_36_aln       -            498 MT261713.1           -           3483  3.8e-249  819.5   0.6   1   1  1.4e-249  5.4e-249  819.0   0.6     1   498  2521  3017  2521  3017 0.99 -
Cluster_35_aln       -            454 MT261713.1           -           3483  2.4e-189  621.8   5.4   1   1  9.5e-190  3.7e-189  621.2   5.4   115   454  1088  1426  1079  1426 0.99 -
Cluster_23_aln       -            347 MT261713.1           -           3483  4.5e-189  619.9   2.0   1   1  1.2e-189  4.5e-189  619.9   2.0     2   347  2175  2520  2174  2520 1.00 -
Cluster_24_aln       -            374 MT261713.1           -           3483  1.3e-172  566.6   0.3   1   1  5.9e-173  2.3e-172  565.7   0.3     2   373   528   898   527   899 0.99 -
Cluster_26_aln       -            227 MT261713.1           -           3483  5.9e-121  394.5   2.3   1   1  1.5e-121  5.9e-121  394.5   2.3     1   227   105   331   105   331 0.99 -
Cluster_28_aln       -            101 MT261713.1           -           3483   5.2e-48  153.5   5.4   1   1   3.1e-48   1.2e-47  152.4   5.4     1   100     4   103     4   104 0.97 -
Cluster_21_aln       -            629 MT261713.1           -           3483     6e-37  119.3   2.4   1   1   2.5e-37   9.8e-37  118.6   2.4    99   480  1545  1946  1488  1953 0.78 -
Cluster_29_aln       -             64 MT261713.1           -           3483   1.3e-35  113.6   0.2   1   1   8.6e-36   3.3e-35  112.3   0.2     1    64  2110  2173  2110  2173 0.99 -
Cluster_27_aln       -            198 MT261713.1           -           3483   5.5e-35  113.3   3.5   1   2   4.2e-24   1.6e-23   75.9   0.1     2    58   333   388   332   391 0.97 -
Cluster_27_aln       -            198 MT261713.1           -           3483   5.5e-35  113.3   3.5   2   2     3e-12   1.1e-11   37.2   1.0   166   198   494   526   489   526 0.94 -
Cluster_11_aln       -            627 MT261713.1           -           3483   1.3e-34  111.7   3.8   1   1   5.1e-35     2e-34  111.0   3.8    48   479  1486  1947  1469  1955 0.73 -
Cluster_58_aln       -            487 MT261713.1           -           3483   5.6e-32  102.8   0.4   1   1   2.6e-32     1e-31  102.0   0.4     1   478  2521  3003  2521  3013 0.79 -
Cluster_57_aln       -            456 MT261713.1           -           3483   1.9e-28   91.5   2.2   1   1     1e-28   3.9e-28   90.5   2.2   199   456  1165  1426  1087  1426 0.80 -
Cluster_1_aln        -            621 MT261713.1           -           3483   8.9e-22   69.3   0.1   1   1   4.6e-22   1.8e-21   68.3   0.1   110   468  1561  1938  1529  1957 0.76 -
Cluster_10_aln       -            594 MT261713.1           -           3483   7.2e-19   59.7   0.1   1   1   3.2e-19   1.3e-18   58.9   0.1    60   329  3201  3473  3165  3481 0.80 -
Cluster_19_aln       -            569 MT261713.1           -           3483   1.7e-17   55.1   0.1   1   1   7.3e-18   2.8e-17   54.4   0.1    42   319  3184  3475  3168  3481 0.82 -
Cluster_61_aln       -            220 MT261713.1           -           3483     1e-13   43.6   0.1   1   1   4.8e-14   1.9e-13   42.7   0.1     3   216  2523  2731  2521  2734 0.89 -
Cluster_38_aln       -             70 MT261713.1           -           3483   1.2e-07   23.8   0.2   1   1   8.8e-08   3.4e-07   22.3   0.2     2    23   901   922   900   924 0.93 -
Cluster_0_aln        -            903 MT261713.1           -           3483   2.1e-05   14.8   0.0   1   1     9e-06   3.5e-05   14.1   0.0   527   630  3354  3449  3321  3461 0.75 -
#
# Program:         hmmscan
# Version:         3.4 (Aug 2023)
# Pipeline mode:   SCAN
# Query file:      aa_swine.fasta
# Target file:     PPHMMDB.hmm
# Option settings: ./src/hmmscan --domtblout swine_dom.tbl --domE 1e-05 --cpu 4 PPHMMDB.hmm aa_swine.fasta 
# Current dir:     /home/katya/Desktop/hmmer/hmmer-3.4
# Date:            Thu Feb  5 20:59:15 2026
# [ok]
