#                                                                            --- full sequence --- -------------- this domain -------------   hmm coord   ali coord   env coord
# target name        accession   tlen query name           accession   qlen   E-value  score  bias   #  of  c-Evalue  i-Evalue  score  bias  from    to  from    to  from    to  acc description of target
#------------------- ---------- ----- -------------------- ---------- ----- --------- ------ ----- --- --- --------- --------- ------ ----- ----- ----- ----- ----- ----- ----- ---- ---------------------
Cluster_20_aln       -            683 LC860282.1           -           3636         0 1086.6   4.2   1   1         0         0 1086.3   4.2     1   683  1320  2006  1320  2006 0.99 -
Cluster_18_aln       -            717 LC860282.1           -           3636         0 1026.9   0.2   1   1         0         0 1026.3   0.2    10   694  2924  3609  2918  3631 0.95 -
Cluster_56_aln       -            359 LC860282.1           -           3636  6.9e-207  678.8  18.5   1   1  4.4e-207  1.7e-206  677.6  18.5     1   359   924  1282   924  1282 1.00 -
Cluster_23_aln       -            347 LC860282.1           -           3636  1.8e-145  476.6   1.0   1   1  9.6e-146  3.7e-145  475.5   1.0     3   345  2076  2410  2074  2412 0.96 -
Cluster_61_aln       -            220 LC860282.1           -           3636  3.7e-123  401.4   0.0   1   1  1.6e-123  6.2e-123  400.7   0.0     1   219  2413  2631  2413  2632 0.99 -
Cluster_63_aln       -            180 LC860282.1           -           3636   9.8e-92  297.8   0.7   1   1   5.5e-92   2.1e-91  296.7   0.7     1   180     1   180     1   180 0.99 -
Cluster_26_aln       -            227 LC860282.1           -           3636   1.3e-84  275.6   0.3   1   1   6.9e-85   2.7e-84  274.6   0.3     3   212   294   499   292   511 0.95 -
Cluster_27_aln       -            198 LC860282.1           -           3636   4.9e-72  234.2   6.1   1   1   1.3e-72   4.9e-72  234.2   6.1     2   198   503   700   502   700 0.99 -
Cluster_24_aln       -            374 LC860282.1           -           3636   1.2e-55  181.7   7.5   1   1     3e-56   1.2e-55  181.7   7.5   100   372   699   940   695   942 0.89 -
Cluster_11_aln       -            627 LC860282.1           -           3636   2.5e-41  133.8   2.3   1   1   1.1e-41   4.1e-41  133.1   2.3    44   477  1374  1839  1358  1857 0.75 -
Cluster_21_aln       -            629 LC860282.1           -           3636   4.5e-38  123.0   1.2   1   1   1.9e-38   7.1e-38  122.4   1.2   129   486  1471  1845  1371  1862 0.76 -
Cluster_28_aln       -            101 LC860282.1           -           3636   1.2e-31  101.0   3.8   1   1     1e-31     4e-31   99.4   3.8     5    98   189   286   185   289 0.91 -
Cluster_29_aln       -             64 LC860282.1           -           3636     2e-26   84.2   0.1   1   1   1.2e-26   4.7e-26   83.0   0.1     2    61  2009  2068  2008  2072 0.94 -
Cluster_36_aln       -            498 LC860282.1           -           3636   1.4e-20   65.5   0.0   1   1   6.1e-21   2.4e-20   64.8   0.0     1   210  2413  2627  2413  2631 0.88 -
Cluster_19_aln       -            569 LC860282.1           -           3636   1.7e-19   61.7   0.0   1   1   7.2e-20   2.8e-19   61.0   0.0    43   411  3082  3478  3072  3490 0.77 -
Cluster_10_aln       -            594 LC860282.1           -           3636     2e-16   51.7   0.0   1   1   8.9e-17   3.4e-16   50.9   0.0   116   331  3151  3371  3141  3419 0.79 -
Cluster_1_aln        -            621 LC860282.1           -           3636   1.8e-15   48.4   0.2   1   1   7.9e-16     3e-15   47.7   0.2   128   481  1472  1842  1365  1862 0.70 -
Cluster_58_aln       -            487 LC860282.1           -           3636   4.3e-09   27.3   0.0   1   1     2e-09   7.9e-09   26.5   0.0     6   211  2417  2627  2413  2636 0.75 -
Cluster_20_aln       -            683 LC862289.1           -           3636         0 1086.6   4.2   1   1         0         0 1086.3   4.2     1   683  1320  2006  1320  2006 0.99 -
Cluster_18_aln       -            717 LC862289.1           -           3636         0 1027.0   0.2   1   1         0         0 1026.3   0.2    10   694  2924  3609  2918  3631 0.95 -
Cluster_56_aln       -            359 LC862289.1           -           3636  6.9e-207  678.8  18.5   1   1  4.4e-207  1.7e-206  677.6  18.5     1   359   924  1282   924  1282 1.00 -
Cluster_23_aln       -            347 LC862289.1           -           3636  1.8e-145  476.6   1.0   1   1  9.6e-146  3.7e-145  475.5   1.0     3   345  2076  2410  2074  2412 0.96 -
Cluster_61_aln       -            220 LC862289.1           -           3636  7.4e-124  403.7   0.0   1   1  3.2e-124  1.2e-123  403.0   0.0     1   219  2413  2631  2413  2632 0.99 -
Cluster_63_aln       -            180 LC862289.1           -           3636   9.8e-92  297.8   0.7   1   1   5.5e-92   2.1e-91  296.7   0.7     1   180     1   180     1   180 0.99 -
Cluster_26_aln       -            227 LC862289.1           -           3636   1.3e-84  275.6   0.3   1   1   6.9e-85   2.7e-84  274.6   0.3     3   212   294   499   292   511 0.95 -
Cluster_27_aln       -            198 LC862289.1           -           3636   4.9e-72  234.2   6.1   1   1   1.3e-72   4.9e-72  234.2   6.1     2   198   503   700   502   700 0.99 -
Cluster_24_aln       -            374 LC862289.1           -           3636   1.2e-55  181.7   7.5   1   1     3e-56   1.2e-55  181.7   7.5   100   372   699   940   695   942 0.89 -
Cluster_11_aln       -            627 LC862289.1           -           3636   2.5e-41  133.8   2.3   1   1   1.1e-41   4.1e-41  133.1   2.3    44   477  1374  1839  1358  1857 0.75 -
Cluster_21_aln       -            629 LC862289.1           -           3636   4.5e-38  123.0   1.2   1   1   1.9e-38   7.1e-38  122.4   1.2   129   486  1471  1845  1371  1862 0.76 -
Cluster_28_aln       -            101 LC862289.1           -           3636   1.2e-31  101.0   3.8   1   1     1e-31     4e-31   99.4   3.8     5    98   189   286   185   289 0.91 -
Cluster_29_aln       -             64 LC862289.1           -           3636     2e-26   84.2   0.1   1   1   1.2e-26   4.7e-26   83.0   0.1     2    61  2009  2068  2008  2072 0.94 -
Cluster_36_aln       -            498 LC862289.1           -           3636   5.7e-21   66.8   0.0   1   1   2.4e-21   9.3e-21   66.1   0.0     1   210  2413  2627  2413  2631 0.88 -
Cluster_19_aln       -            569 LC862289.1           -           3636   1.7e-19   61.7   0.0   1   1   7.2e-20   2.8e-19   61.0   0.0    43   411  3082  3478  3072  3490 0.77 -
Cluster_10_aln       -            594 LC862289.1           -           3636     2e-16   51.7   0.0   1   1   8.9e-17   3.4e-16   50.9   0.0   116   331  3151  3371  3141  3419 0.79 -
Cluster_1_aln        -            621 LC862289.1           -           3636   1.8e-15   48.4   0.2   1   1   7.9e-16     3e-15   47.7   0.2   128   481  1472  1842  1365  1862 0.70 -
Cluster_58_aln       -            487 LC862289.1           -           3636   1.7e-09   28.6   0.0   1   1   8.2e-10   3.1e-09   27.8   0.0     6   211  2417  2627  2413  2636 0.75 -
Cluster_20_aln       -            683 PQ645167.1           -           3636         0 1096.7   5.8   1   1         0         0 1096.3   5.8     1   683  1320  2006  1320  2006 0.99 -
Cluster_18_aln       -            717 PQ645167.1           -           3636         0 1032.8   0.0   1   1         0         0 1032.2   0.0     9   715  2923  3625  2918  3627 0.96 -
Cluster_56_aln       -            359 PQ645167.1           -           3636  1.8e-211  693.9  18.7   1   1  7.5e-212    3e-211  693.2  18.0     1   359   924  1282   924  1282 1.00 -
Cluster_23_aln       -            347 PQ645167.1           -           3636  3.7e-145  475.5   0.5   1   1  1.9e-145  7.8e-145  474.5   0.5     4   345  2077  2410  2074  2412 0.96 -
Cluster_61_aln       -            220 PQ645167.1           -           3636  2.6e-128  418.3   0.0   1   1  1.1e-128  4.4e-128  417.5   0.0     1   219  2413  2631  2413  2632 0.99 -
Cluster_63_aln       -            180 PQ645167.1           -           3636  5.5e-102  331.2   0.5   1   1    3e-102  1.2e-101  330.1   0.5     1   180     1   180     1   180 1.00 -
Cluster_26_aln       -            227 PQ645167.1           -           3636   1.5e-85  278.7   0.2   1   1   7.4e-86     3e-85  277.7   0.2     3   212   294   499   292   510 0.96 -
Cluster_27_aln       -            198 PQ645167.1           -           3636   5.8e-74  240.5   6.7   1   1   1.4e-74   5.8e-74  240.5   6.7     2   198   503   700   502   700 0.99 -
Cluster_24_aln       -            374 PQ645167.1           -           3636   1.1e-56  185.0   6.9   1   1     2e-56     8e-56  182.2   6.9   100   372   699   940   695   942 0.90 -
Cluster_11_aln       -            627 PQ645167.1           -           3636   9.6e-41  131.9   2.0   1   1   3.9e-41   1.6e-40  131.2   2.0    42   477  1372  1839  1357  1857 0.75 -
Cluster_21_aln       -            629 PQ645167.1           -           3636   4.3e-38  123.1   0.8   1   1   1.7e-38   6.7e-38  122.5   0.8   129   486  1471  1845  1374  1862 0.76 -
Cluster_28_aln       -            101 PQ645167.1           -           3636   1.3e-32  104.2   7.1   1   1     1e-32   4.1e-32  102.5   7.1     3    99   190   287   185   289 0.92 -
Cluster_29_aln       -             64 PQ645167.1           -           3636   3.9e-27   86.4   0.0   1   1   2.2e-27     9e-27   85.3   0.0     1    61  2008  2068  2008  2072 0.94 -
Cluster_36_aln       -            498 PQ645167.1           -           3636   7.6e-19   59.8   0.0   1   1   3.4e-19   1.4e-18   58.9   0.0     1   210  2413  2627  2413  2631 0.89 -
Cluster_19_aln       -            569 PQ645167.1           -           3636   3.9e-18   57.2   0.0   1   1   1.5e-18   6.2e-18   56.5   0.0    43   411  3082  3478  3073  3490 0.76 -
Cluster_10_aln       -            594 PQ645167.1           -           3636   4.8e-17   53.7   0.0   1   1   2.1e-17   8.3e-17   52.9   0.0   118   331  3153  3371  3141  3419 0.79 -
Cluster_1_aln        -            621 PQ645167.1           -           3636   6.8e-16   49.8   0.2   1   1   2.9e-16   1.2e-15   49.0   0.2   119   481  1464  1842  1368  1862 0.73 -
Cluster_58_aln       -            487 PQ645167.1           -           3636     8e-08   23.2   0.0   1   1   3.8e-08   1.5e-07   22.2   0.0     5   210  2416  2626  2413  2635 0.74 -
Cluster_20_aln       -            683 PQ645168.1           -           3636         0 1096.7   5.8   1   1         0         0 1096.3   5.8     1   683  1320  2006  1320  2006 0.99 -
Cluster_18_aln       -            717 PQ645168.1           -           3636         0 1032.8   0.0   1   1         0         0 1032.2   0.0     9   715  2923  3625  2918  3627 0.96 -
Cluster_56_aln       -            359 PQ645168.1           -           3636  5.1e-211  692.4  18.3   1   1  2.1e-211  8.6e-211  691.7  17.6     1   359   924  1282   924  1282 1.00 -
Cluster_23_aln       -            347 PQ645168.1           -           3636  1.9e-145  476.5   0.5   1   1  9.9e-146    4e-145  475.4   0.5     4   345  2077  2410  2074  2412 0.96 -
Cluster_61_aln       -            220 PQ645168.1           -           3636  3.5e-128  417.9   0.0   1   1  1.4e-128  5.8e-128  417.1   0.0     1   219  2413  2631  2413  2632 0.99 -
Cluster_63_aln       -            180 PQ645168.1           -           3636  2.3e-101  329.2   0.6   1   1  1.3e-101  5.1e-101  328.1   0.6     1   180     1   180     1   180 1.00 -
Cluster_26_aln       -            227 PQ645168.1           -           3636   1.5e-85  278.7   0.2   1   1   7.4e-86     3e-85  277.7   0.2     3   212   294   499   292   510 0.96 -
Cluster_27_aln       -            198 PQ645168.1           -           3636     1e-73  239.7   6.8   1   1   2.6e-74     1e-73  239.7   6.8     2   198   503   700   502   700 0.99 -
Cluster_24_aln       -            374 PQ645168.1           -           3636   1.1e-56  185.0   6.9   1   1     2e-56     8e-56  182.2   6.9   100   372   699   940   695   942 0.90 -
Cluster_11_aln       -            627 PQ645168.1           -           3636   9.6e-41  131.9   2.0   1   1   3.9e-41   1.6e-40  131.2   2.0    42   477  1372  1839  1357  1857 0.75 -
Cluster_21_aln       -            629 PQ645168.1           -           3636   4.3e-38  123.1   0.8   1   1   1.7e-38   6.7e-38  122.5   0.8   129   486  1471  1845  1374  1862 0.76 -
Cluster_28_aln       -            101 PQ645168.1           -           3636   1.3e-32  104.2   7.1   1   1     1e-32   4.1e-32  102.5   7.1     3    99   190   287   185   289 0.92 -
Cluster_29_aln       -             64 PQ645168.1           -           3636   3.9e-27   86.4   0.0   1   1   2.2e-27     9e-27   85.3   0.0     1    61  2008  2068  2008  2072 0.94 -
Cluster_36_aln       -            498 PQ645168.1           -           3636   5.2e-19   60.3   0.0   1   1   2.4e-19   9.5e-19   59.5   0.0     1   210  2413  2627  2413  2631 0.90 -
Cluster_19_aln       -            569 PQ645168.1           -           3636   3.9e-18   57.2   0.0   1   1   1.5e-18   6.2e-18   56.5   0.0    43   411  3082  3478  3073  3490 0.76 -
Cluster_10_aln       -            594 PQ645168.1           -           3636   4.8e-17   53.7   0.0   1   1   2.1e-17   8.3e-17   52.9   0.0   118   331  3153  3371  3141  3419 0.79 -
Cluster_1_aln        -            621 PQ645168.1           -           3636   6.8e-16   49.8   0.2   1   1   2.9e-16   1.2e-15   49.0   0.2   119   481  1464  1842  1368  1862 0.73 -
Cluster_58_aln       -            487 PQ645168.1           -           3636   8.5e-08   23.1   0.0   1   1   4.1e-08   1.7e-07   22.1   0.0     5   210  2416  2626  2413  2635 0.74 -
Cluster_20_aln       -            683 PQ645169.1           -           3636         0 1096.7   5.8   1   1         0         0 1096.3   5.8     1   683  1320  2006  1320  2006 0.99 -
Cluster_18_aln       -            717 PQ645169.1           -           3636         0 1032.8   0.0   1   1         0         0 1032.2   0.0     9   715  2923  3625  2918  3627 0.96 -
Cluster_56_aln       -            359 PQ645169.1           -           3636  1.8e-211  693.9  18.7   1   1  7.9e-212    3e-211  693.2  18.0     1   359   924  1282   924  1282 1.00 -
Cluster_23_aln       -            347 PQ645169.1           -           3636  3.7e-145  475.5   0.5   1   1    2e-145  7.8e-145  474.5   0.5     4   345  2077  2410  2074  2412 0.96 -
Cluster_61_aln       -            220 PQ645169.1           -           3636  2.6e-128  418.3   0.0   1   1  1.1e-128  4.4e-128  417.5   0.0     1   219  2413  2631  2413  2632 0.99 -
Cluster_63_aln       -            180 PQ645169.1           -           3636  6.3e-102  331.0   0.5   1   1  3.6e-102  1.4e-101  329.9   0.5     1   180     1   180     1   180 1.00 -
Cluster_26_aln       -            227 PQ645169.1           -           3636   1.5e-85  278.7   0.2   1   1   7.8e-86     3e-85  277.7   0.2     3   212   294   499   292   510 0.96 -
Cluster_27_aln       -            198 PQ645169.1           -           3636   2.1e-73  238.7   6.2   1   1   5.4e-74   2.1e-73  238.7   6.2     2   198   503   700   502   700 0.99 -
Cluster_24_aln       -            374 PQ645169.1           -           3636   1.1e-56  185.0   6.9   1   1   2.1e-56     8e-56  182.2   6.9   100   372   699   940   695   942 0.90 -
Cluster_11_aln       -            627 PQ645169.1           -           3636   9.6e-41  131.9   2.0   1   1   4.1e-41   1.6e-40  131.2   2.0    42   477  1372  1839  1357  1857 0.75 -
Cluster_21_aln       -            629 PQ645169.1           -           3636   4.3e-38  123.1   0.8   1   1   1.7e-38   6.7e-38  122.5   0.8   129   486  1471  1845  1374  1862 0.76 -
Cluster_28_aln       -            101 PQ645169.1           -           3636   1.3e-32  104.2   7.1   1   1   1.1e-32   4.1e-32  102.5   7.1     3    99   190   287   185   289 0.92 -
Cluster_29_aln       -             64 PQ645169.1           -           3636   3.9e-27   86.4   0.0   1   1   2.3e-27     9e-27   85.3   0.0     1    61  2008  2068  2008  2072 0.94 -
Cluster_36_aln       -            498 PQ645169.1           -           3636   7.6e-19   59.8   0.0   1   1   3.6e-19   1.4e-18   58.9   0.0     1   210  2413  2627  2413  2631 0.89 -
Cluster_19_aln       -            569 PQ645169.1           -           3636   3.9e-18   57.2   0.0   1   1   1.6e-18   6.2e-18   56.5   0.0    43   411  3082  3478  3073  3490 0.76 -
Cluster_10_aln       -            594 PQ645169.1           -           3636   4.8e-17   53.7   0.0   1   1   2.2e-17   8.3e-17   52.9   0.0   118   331  3153  3371  3141  3419 0.79 -
Cluster_1_aln        -            621 PQ645169.1           -           3636   6.8e-16   49.8   0.2   1   1   3.1e-16   1.2e-15   49.0   0.2   119   481  1464  1842  1368  1862 0.73 -
Cluster_58_aln       -            487 PQ645169.1           -           3636     8e-08   23.2   0.0   1   1     4e-08   1.5e-07   22.2   0.0     5   210  2416  2626  2413  2635 0.74 -
Cluster_20_aln       -            683 NC_038964.1          -           3636         0 1095.8   5.4   1   1         0         0 1095.4   5.4     1   683  1320  2006  1320  2006 0.99 -
Cluster_18_aln       -            717 NC_038964.1          -           3636         0 1038.6   0.0   1   1         0         0 1037.9   0.0     9   715  2923  3625  2918  3627 0.96 -
Cluster_56_aln       -            359 NC_038964.1          -           3636  2.3e-222  729.8  19.5   1   1  1.8e-222  7.4e-222  728.1  19.5     1   359   924  1282   924  1282 1.00 -
Cluster_23_aln       -            347 NC_038964.1          -           3636  2.3e-145  476.2   0.8   1   1    1e-145  4.1e-145  475.4   0.8     3   345  2076  2410  2074  2412 0.96 -
Cluster_61_aln       -            220 NC_038964.1          -           3636  7.5e-135  439.7   0.0   1   1    3e-135  1.2e-134  438.9   0.0     1   219  2413  2631  2413  2632 0.99 -
Cluster_63_aln       -            180 NC_038964.1          -           3636  1.1e-110  359.5   1.2   1   1    6e-111  2.5e-110  358.4   1.2     1   180     1   180     1   180 1.00 -
Cluster_26_aln       -            227 NC_038964.1          -           3636   1.7e-85  278.5   0.4   1   1   8.6e-86   3.5e-85  277.5   0.4     3   211   294   498   292   509 0.96 -
Cluster_27_aln       -            198 NC_038964.1          -           3636   5.1e-74  240.7   5.4   1   1   1.3e-74   5.1e-74  240.7   5.4     2   198   503   700   502   700 0.99 -
Cluster_24_aln       -            374 NC_038964.1          -           3636   2.4e-59  193.8   9.3   1   1   5.9e-60   2.4e-59  193.8   9.3   100   372   699   940   695   942 0.93 -
Cluster_11_aln       -            627 NC_038964.1          -           3636   2.6e-40  130.5   2.1   1   1     1e-40   4.2e-40  129.8   2.1    42   477  1372  1839  1358  1857 0.75 -
Cluster_21_aln       -            629 NC_038964.1          -           3636   8.3e-38  122.2   1.1   1   1   3.1e-38   1.3e-37  121.5   1.1   129   486  1471  1845  1375  1862 0.76 -
Cluster_28_aln       -            101 NC_038964.1          -           3636   2.6e-33  106.4   5.1   1   1   2.3e-33   9.3e-33  104.6   5.1     3    99   190   287   185   289 0.92 -
Cluster_29_aln       -             64 NC_038964.1          -           3636   1.5e-27   87.8   0.0   1   1   8.7e-28   3.5e-27   86.6   0.0     1    62  2008  2069  2008  2073 0.95 -
Cluster_36_aln       -            498 NC_038964.1          -           3636   2.6e-18   58.0   0.0   1   1     3e-18   1.2e-17   55.8   0.0     1   210  2413  2627  2413  2630 0.90 -
Cluster_19_aln       -            569 NC_038964.1          -           3636   1.5e-17   55.3   0.0   1   1   5.9e-18   2.4e-17   54.6   0.0    43   409  3082  3476  3078  3491 0.76 -
Cluster_10_aln       -            594 NC_038964.1          -           3636   1.2e-16   52.4   0.0   1   1   5.1e-17   2.1e-16   51.6   0.0   118   330  3153  3370  3144  3413 0.79 -
Cluster_1_aln        -            621 NC_038964.1          -           3636   7.1e-16   49.8   0.2   1   1     3e-16   1.2e-15   49.0   0.2   119   481  1464  1842  1371  1862 0.74 -
Cluster_58_aln       -            487 NC_038964.1          -           3636   1.7e-07   22.1   0.0   1   1   8.4e-08   3.4e-07   21.1   0.0     5   210  2416  2626  2413  2636 0.74 -
Cluster_20_aln       -            683 NC_030653.1          -           3636         0 1094.6   5.5   1   1         0         0 1094.2   5.5     1   683  1320  2006  1320  2006 0.99 -
Cluster_18_aln       -            717 NC_030653.1          -           3636         0 1027.0   0.0   1   1         0         0 1026.3   0.0    10   692  2924  3607  2918  3628 0.96 -
Cluster_56_aln       -            359 NC_030653.1          -           3636  8.7e-214  701.5  19.1   1   1  4.6e-214  1.8e-213  700.5  18.7     1   359   924  1282   924  1282 1.00 -
Cluster_23_aln       -            347 NC_030653.1          -           3636    8e-145  474.4   0.6   1   1  4.4e-145  1.7e-144  473.4   0.6     3   345  2076  2410  2074  2412 0.96 -
Cluster_61_aln       -            220 NC_030653.1          -           3636  2.1e-129  421.9   0.0   1   1  8.9e-130  3.4e-129  421.1   0.0     1   219  2413  2631  2413  2632 0.99 -
Cluster_63_aln       -            180 NC_030653.1          -           3636  1.2e-101  330.1   0.5   1   1  6.9e-102  2.6e-101  329.0   0.5     1   180     1   180     1   180 1.00 -
Cluster_26_aln       -            227 NC_030653.1          -           3636   3.4e-85  277.5   0.5   1   1   1.7e-85   6.7e-85  276.6   0.5     3   212   294   499   292   510 0.96 -
Cluster_27_aln       -            198 NC_030653.1          -           3636   3.2e-73  238.1   6.3   1   1   8.4e-74   3.2e-73  238.1   6.3     3   198   504   700   502   700 0.99 -
Cluster_24_aln       -            374 NC_030653.1          -           3636   5.1e-56  182.8   7.0   1   1   1.3e-56   5.1e-56  182.8   7.0   100   372   699   940   695   942 0.90 -
Cluster_11_aln       -            627 NC_030653.1          -           3636   9.8e-41  131.9   1.9   1   1   4.1e-41   1.6e-40  131.2   1.9    42   477  1372  1839  1357  1857 0.76 -
Cluster_21_aln       -            629 NC_030653.1          -           3636   5.9e-38  122.6   0.7   1   1   2.4e-38   9.2e-38  122.0   0.7   129   486  1471  1845  1374  1862 0.76 -
Cluster_28_aln       -            101 NC_030653.1          -           3636   5.5e-32  102.1   5.4   1   1   5.3e-32     2e-31  100.3   5.4     3    99   190   287   185   289 0.93 -
Cluster_29_aln       -             64 NC_030653.1          -           3636   4.3e-27   86.3   0.0   1   1   2.5e-27   9.8e-27   85.2   0.0     1    61  2008  2068  2008  2072 0.94 -
Cluster_36_aln       -            498 NC_030653.1          -           3636   1.2e-19   62.4   0.0   1   1   5.3e-20     2e-19   61.7   0.0     1   210  2413  2627  2413  2631 0.90 -
Cluster_19_aln       -            569 NC_030653.1          -           3636   2.8e-17   54.3   0.0   1   1   1.2e-17   4.6e-17   53.7   0.0    43   411  3082  3478  3075  3491 0.75 -
Cluster_10_aln       -            594 NC_030653.1          -           3636   2.6e-16   51.3   0.0   1   1   1.2e-16   4.7e-16   50.4   0.0   118   331  3153  3371  3143  3414 0.79 -
Cluster_1_aln        -            621 NC_030653.1          -           3636   8.4e-16   49.5   0.2   1   1   3.9e-16   1.5e-15   48.7   0.2   119   481  1464  1842  1368  1862 0.73 -
Cluster_58_aln       -            487 NC_030653.1          -           3636   1.8e-07   22.0   0.0   1   1   8.7e-08   3.3e-07   21.1   0.0     5   211  2416  2627  2413  2640 0.74 -
Cluster_20_aln       -            683 OQ032517.1           -           3636         0 1091.9   6.1   1   1         0         0 1091.5   6.1     1   683  1320  2006  1320  2006 0.99 -
Cluster_18_aln       -            717 OQ032517.1           -           3636         0 1022.9   0.0   1   1         0         0 1022.2   0.0    10   708  2924  3618  2918  3627 0.95 -
Cluster_56_aln       -            359 OQ032517.1           -           3636  1.1e-211  694.7  18.2   1   1  5.7e-212  2.5e-211  693.5  18.2     1   359   924  1282   924  1282 1.00 -
Cluster_23_aln       -            347 OQ032517.1           -           3636    8e-144  471.1   1.5   1   1  3.5e-144  1.5e-143  470.3   1.5    28   345  2094  2410  2074  2412 0.96 -
Cluster_61_aln       -            220 OQ032517.1           -           3636  1.1e-120  393.3   0.0   1   1  4.8e-121  2.1e-120  392.4   0.0     1   219  2413  2631  2413  2632 0.99 -
Cluster_63_aln       -            180 OQ032517.1           -           3636   2.1e-98  319.6   0.4   1   1     1e-98   4.3e-98  318.5   0.4     1   180     1   180     1   180 1.00 -
Cluster_26_aln       -            227 OQ032517.1           -           3636   4.4e-85  277.2   0.5   1   1   2.1e-85   8.8e-85  276.2   0.5     3   212   294   499   292   510 0.95 -
Cluster_27_aln       -            198 OQ032517.1           -           3636   2.6e-71  231.8   7.3   1   1   6.1e-72   2.6e-71  231.8   7.3     2   198   503   700   502   700 0.98 -
Cluster_24_aln       -            374 OQ032517.1           -           3636   1.2e-57  188.2   8.6   1   1   2.9e-58   1.2e-57  188.2   8.6   100   372   699   940   694   942 0.91 -
Cluster_11_aln       -            627 OQ032517.1           -           3636   1.5e-40  131.2   2.1   1   1   5.7e-41   2.4e-40  130.6   2.1    44   477  1374  1839  1357  1859 0.76 -
Cluster_21_aln       -            629 OQ032517.1           -           3636   5.6e-38  122.7   1.0   1   1   2.2e-38   9.3e-38  122.0   1.0   129   486  1471  1845  1367  1862 0.75 -
Cluster_28_aln       -            101 OQ032517.1           -           3636   5.8e-32  102.0   7.3   1   1     5e-32   2.1e-31  100.2   7.3     3    97   190   285   185   289 0.92 -
Cluster_29_aln       -             64 OQ032517.1           -           3636   3.7e-27   86.5   0.0   1   1   2.1e-27   8.9e-27   85.3   0.0     1    62  2008  2069  2008  2072 0.95 -
Cluster_36_aln       -            498 OQ032517.1           -           3636   2.1e-19   61.6   0.0   1   1   8.2e-20   3.5e-19   60.9   0.0     1   210  2413  2627  2413  2631 0.88 -
Cluster_19_aln       -            569 OQ032517.1           -           3636   2.4e-18   57.9   0.0   1   1   9.2e-19   3.9e-18   57.2   0.0    43   411  3082  3478  3078  3491 0.77 -
Cluster_10_aln       -            594 OQ032517.1           -           3636   6.7e-16   49.9   0.0   1   1     3e-16   1.3e-15   49.0   0.0   154   331  3191  3371  3151  3418 0.79 -
Cluster_1_aln        -            621 OQ032517.1           -           3636     7e-16   49.8   0.4   1   1   2.8e-16   1.2e-15   49.0   0.4   119   481  1464  1842  1365  1868 0.72 -
Cluster_58_aln       -            487 OQ032517.1           -           3636   3.3e-07   21.1   0.0   1   1   1.5e-07   6.2e-07   20.2   0.0     8   211  2419  2627  2413  2678 0.75 -
Cluster_20_aln       -            683 OP381297.1           -           3636         0 1091.1   5.8   1   1         0         0 1090.8   5.8     1   683  1320  2006  1320  2006 0.99 -
Cluster_18_aln       -            717 OP381297.1           -           3636         0 1021.5   0.0   1   1         0         0 1020.8   0.0    10   708  2924  3618  2918  3627 0.95 -
Cluster_56_aln       -            359 OP381297.1           -           3636  4.7e-209  686.0  16.7   1   1  2.6e-209  1.1e-208  684.7  16.7     1   359   924  1282   924  1282 1.00 -
Cluster_23_aln       -            347 OP381297.1           -           3636  5.3e-144  471.7   1.4   1   1  2.4e-144    1e-143  470.8   1.4    28   345  2094  2410  2074  2412 0.96 -
Cluster_61_aln       -            220 OP381297.1           -           3636  3.5e-121  394.9   0.0   1   1  1.4e-121  6.1e-121  394.2   0.0     1   220  2413  2632  2413  2632 0.99 -
Cluster_63_aln       -            180 OP381297.1           -           3636   8.7e-98  317.5   0.4   1   1   4.2e-98   1.8e-97  316.5   0.4     1   180     1   180     1   180 1.00 -
Cluster_26_aln       -            227 OP381297.1           -           3636   1.1e-84  275.9   0.4   1   1   5.1e-85   2.2e-84  274.9   0.4     3   210   294   497   292   509 0.95 -
Cluster_27_aln       -            198 OP381297.1           -           3636   2.7e-72  235.1   7.0   1   1   6.2e-73   2.7e-72  235.1   7.0     2   198   503   700   502   700 0.99 -
Cluster_24_aln       -            374 OP381297.1           -           3636   9.5e-57  185.2   8.5   1   1   2.2e-57   9.5e-57  185.2   8.5   100   372   699   940   695   942 0.91 -
Cluster_11_aln       -            627 OP381297.1           -           3636   1.5e-40  131.2   2.0   1   1   5.9e-41   2.5e-40  130.5   2.0    44   477  1374  1839  1357  1859 0.76 -
Cluster_21_aln       -            629 OP381297.1           -           3636   5.9e-38  122.7   1.0   1   1   2.3e-38   9.6e-38  121.9   1.0   129   486  1471  1845  1367  1862 0.75 -
Cluster_28_aln       -            101 OP381297.1           -           3636   3.5e-32  102.7   7.4   1   1   2.5e-32   1.1e-31  101.2   7.4     3    97   190   285   185   289 0.92 -
Cluster_29_aln       -             64 OP381297.1           -           3636   3.9e-27   86.5   0.0   1   1   2.1e-27   9.1e-27   85.3   0.0     1    62  2008  2069  2008  2072 0.95 -
Cluster_36_aln       -            498 OP381297.1           -           3636   7.9e-20   63.0   0.0   1   1   3.1e-20   1.3e-19   62.3   0.0     1   210  2413  2627  2413  2631 0.88 -
Cluster_19_aln       -            569 OP381297.1           -           3636     2e-18   58.2   0.0   1   1   7.5e-19   3.2e-18   57.5   0.0    43   411  3082  3478  3078  3491 0.77 -
Cluster_10_aln       -            594 OP381297.1           -           3636   7.8e-16   49.7   0.0   1   1   3.3e-16   1.4e-15   48.9   0.0   154   331  3191  3371  3151  3418 0.79 -
Cluster_1_aln        -            621 OP381297.1           -           3636   8.5e-16   49.5   0.4   1   1   3.3e-16   1.4e-15   48.8   0.4   119   481  1464  1842  1365  1868 0.72 -
Cluster_58_aln       -            487 OP381297.1           -           3636   8.2e-07   19.8   0.0   1   1   3.8e-07   1.6e-06   18.9   0.0     8   210  2419  2626  2413  2646 0.73 -
Cluster_20_aln       -            683 OL603844.1           -           3636         0 1090.3   5.5   1   1         0         0 1090.0   5.5     1   683  1320  2006  1320  2006 0.99 -
Cluster_18_aln       -            717 OL603844.1           -           3636         0 1026.6   0.1   1   1         0         0 1025.9   0.1    10   691  2924  3605  2918  3630 0.96 -
Cluster_56_aln       -            359 OL603844.1           -           3636  1.3e-210  691.1  17.1   1   1  7.6e-211  3.3e-210  689.8  17.1     1   359   924  1282   924  1282 1.00 -
Cluster_23_aln       -            347 OL603844.1           -           3636  3.8e-144  472.2   1.1   1   1  1.7e-144  7.3e-144  471.3   1.1    20   345  2090  2410  2074  2412 0.96 -
Cluster_61_aln       -            220 OL603844.1           -           3636  1.7e-124  405.8   0.0   1   1    7e-125    3e-124  405.0   0.0     1   219  2413  2631  2413  2632 0.99 -
Cluster_63_aln       -            180 OL603844.1           -           3636   1.4e-98  320.1   0.8   1   1   6.7e-99   2.9e-98  319.1   0.8     1   180     1   180     1   180 1.00 -
Cluster_26_aln       -            227 OL603844.1           -           3636   1.4e-84  275.6   0.2   1   1   6.2e-85   2.7e-84  274.6   0.2     3   212   294   499   292   510 0.95 -
Cluster_27_aln       -            198 OL603844.1           -           3636   1.6e-72  235.8   7.5   1   1   3.8e-73   1.6e-72  235.8   7.5     2   198   503   700   502   700 0.99 -
Cluster_24_aln       -            374 OL603844.1           -           3636   9.5e-57  185.2   8.1   1   1   2.2e-57   9.5e-57  185.2   8.1   100   372   699   940   695   942 0.90 -
Cluster_11_aln       -            627 OL603844.1           -           3636   1.5e-40  131.2   1.9   1   1   5.7e-41   2.4e-40  130.6   1.9    44   477  1374  1839  1357  1859 0.76 -
Cluster_21_aln       -            629 OL603844.1           -           3636   6.5e-38  122.5   0.8   1   1   2.4e-38     1e-37  121.8   0.8   129   486  1471  1845  1368  1862 0.76 -
Cluster_28_aln       -            101 OL603844.1           -           3636   5.4e-31   98.9   6.0   1   1   1.3e-31   5.4e-31   98.9   6.0     3    97   190   285   185   289 0.92 -
Cluster_29_aln       -             64 OL603844.1           -           3636   3.7e-27   86.5   0.0   1   1   2.1e-27   8.9e-27   85.3   0.0     1    62  2008  2069  2008  2072 0.95 -
Cluster_36_aln       -            498 OL603844.1           -           3636   4.4e-19   60.6   0.0   1   1   1.7e-19   7.4e-19   59.8   0.0     1   210  2413  2627  2413  2630 0.89 -
Cluster_19_aln       -            569 OL603844.1           -           3636   9.7e-18   55.9   0.0   1   1   3.7e-18   1.6e-17   55.2   0.0    43   411  3082  3478  3078  3491 0.76 -
Cluster_1_aln        -            621 OL603844.1           -           3636   7.5e-16   49.7   0.3   1   1   3.7e-16   1.6e-15   48.6   0.3   119   481  1464  1842  1368  1868 0.74 -
Cluster_10_aln       -            594 OL603844.1           -           3636   3.8e-15   47.4   0.0   1   1     2e-15   8.5e-15   46.3   0.0   140   330  3172  3370  3145  3413 0.78 -
Cluster_58_aln       -            487 OL603844.1           -           3636   4.9e-07   20.6   0.0   1   1   2.2e-07   9.3e-07   19.7   0.0     8   210  2419  2626  2413  2637 0.74 -
Cluster_20_aln       -            683 OL603845.1           -           3636         0 1091.0   4.2   1   1         0         0 1090.6   4.2     1   683  1320  2006  1320  2006 0.99 -
Cluster_18_aln       -            717 OL603845.1           -           3636         0 1036.0   0.0   1   1         0         0 1035.2   0.0     9   691  2923  3605  2918  3629 0.96 -
Cluster_56_aln       -            359 OL603845.1           -           3636  3.8e-213  699.4  20.3   1   1  1.6e-213  6.3e-213  698.7  19.6     1   359   924  1282   924  1282 1.00 -
Cluster_23_aln       -            347 OL603845.1           -           3636  6.3e-145  474.8   0.6   1   1  3.3e-145  1.3e-144  473.7   0.6     4   345  2077  2410  2074  2412 0.96 -
Cluster_61_aln       -            220 OL603845.1           -           3636  5.7e-128  417.2   0.0   1   1  2.3e-128  9.2e-128  416.5   0.0     1   219  2413  2631  2413  2632 0.99 -
Cluster_63_aln       -            180 OL603845.1           -           3636  9.4e-102  330.5   0.8   1   1  5.1e-102  2.1e-101  329.3   0.8     1   180     1   180     1   180 1.00 -
Cluster_26_aln       -            227 OL603845.1           -           3636   7.6e-85  276.4   0.1   1   1   3.7e-85   1.5e-84  275.5   0.1     3   212   294   499   292   510 0.96 -
Cluster_27_aln       -            198 OL603845.1           -           3636     2e-73  238.8   6.9   1   1   4.9e-74     2e-73  238.8   6.9     2   198   503   700   502   700 0.99 -
Cluster_24_aln       -            374 OL603845.1           -           3636     2e-54  177.6   7.0   1   1   4.9e-55     2e-54  177.6   7.0   100   372   699   940   695   942 0.90 -
Cluster_11_aln       -            627 OL603845.1           -           3636   1.1e-41  135.0   1.5   1   1   4.3e-42   1.7e-41  134.3   1.5    42   477  1372  1839  1357  1857 0.76 -
Cluster_21_aln       -            629 OL603845.1           -           3636   2.1e-38  124.2   0.6   1   1   7.8e-39   3.2e-38  123.5   0.6   107   486  1445  1845  1373  1862 0.75 -
Cluster_28_aln       -            101 OL603845.1           -           3636   4.4e-33  105.6   6.0   1   1     4e-33   1.6e-32  103.8   6.0     6    99   190   287   185   289 0.92 -
Cluster_29_aln       -             64 OL603845.1           -           3636   1.7e-27   87.6   0.0   1   1   8.7e-28   3.5e-27   86.6   0.0     1    62  2008  2069  2008  2073 0.95 -
Cluster_19_aln       -            569 OL603845.1           -           3636   8.2e-19   59.4   0.0   1   1   3.2e-19   1.3e-18   58.7   0.0    43   411  3082  3478  3073  3490 0.77 -
Cluster_36_aln       -            498 OL603845.1           -           3636   1.8e-17   55.2   0.0   1   1   7.8e-18   3.2e-17   54.5   0.0     1   210  2413  2627  2413  2631 0.89 -
Cluster_10_aln       -            594 OL603845.1           -           3636   2.7e-17   54.5   0.0   1   1   1.2e-17     5e-17   53.7   0.0   117   331  3152  3371  3140  3419 0.80 -
Cluster_1_aln        -            621 OL603845.1           -           3636   2.5e-15   48.0   0.2   1   1   1.2e-15   4.7e-15   47.0   0.2    99   480  1434  1841  1365  1859 0.68 -
Cluster_20_aln       -            683 OL603846.1           -           3636         0 1090.3   5.5   1   1         0         0 1090.0   5.5     1   683  1320  2006  1320  2006 0.99 -
Cluster_18_aln       -            717 OL603846.1           -           3636         0 1028.0   0.0   1   1         0         0 1027.4   0.0    10   692  2924  3606  2918  3630 0.96 -
Cluster_56_aln       -            359 OL603846.1           -           3636  1.4e-210  691.0  17.1   1   1  7.6e-211  3.3e-210  689.8  17.1     1   359   924  1282   924  1282 1.00 -
Cluster_23_aln       -            347 OL603846.1           -           3636  4.9e-144  471.8   1.1   1   1  2.2e-144  9.5e-144  470.9   1.1    23   345  2093  2410  2074  2412 0.95 -
Cluster_61_aln       -            220 OL603846.1           -           3636    5e-124  404.3   0.0   1   1  2.1e-124  8.9e-124  403.4   0.0     1   219  2413  2631  2413  2632 0.99 -
Cluster_63_aln       -            180 OL603846.1           -           3636   3.3e-99  322.2   0.7   1   1   1.5e-99   6.5e-99  321.2   0.7     1   180     1   180     1   180 1.00 -
Cluster_26_aln       -            227 OL603846.1           -           3636   1.2e-84  275.8   0.2   1   1   5.5e-85   2.3e-84  274.8   0.2     3   212   294   499   292   510 0.95 -
Cluster_27_aln       -            198 OL603846.1           -           3636   1.5e-72  235.9   7.5   1   1   3.6e-73   1.5e-72  235.9   7.5     2   198   503   700   502   700 0.99 -
Cluster_24_aln       -            374 OL603846.1           -           3636   9.5e-57  185.2   8.1   1   1   2.2e-57   9.5e-57  185.2   8.1   100   372   699   940   695   942 0.90 -
Cluster_11_aln       -            627 OL603846.1           -           3636   1.5e-40  131.2   1.9   1   1   5.7e-41   2.4e-40  130.6   1.9    44   477  1374  1839  1357  1859 0.76 -
Cluster_21_aln       -            629 OL603846.1           -           3636   6.5e-38  122.5   0.8   1   1   2.4e-38     1e-37  121.8   0.8   129   486  1471  1845  1368  1862 0.76 -
Cluster_28_aln       -            101 OL603846.1           -           3636   7.5e-31   98.5   5.2   1   1   1.8e-31   7.5e-31   98.5   5.2     3    97   190   285   185   289 0.92 -
Cluster_29_aln       -             64 OL603846.1           -           3636   3.8e-27   86.5   0.0   1   1   2.1e-27   8.9e-27   85.3   0.0     1    62  2008  2069  2008  2072 0.95 -
Cluster_36_aln       -            498 OL603846.1           -           3636     4e-19   60.7   0.0   1   1   1.6e-19   6.9e-19   59.9   0.0     1   210  2413  2627  2413  2630 0.89 -
Cluster_19_aln       -            569 OL603846.1           -           3636   9.7e-18   55.9   0.0   1   1   3.7e-18   1.6e-17   55.2   0.0    43   411  3082  3478  3078  3491 0.76 -
Cluster_1_aln        -            621 OL603846.1           -           3636   8.2e-16   49.6   0.3   1   1   3.7e-16   1.6e-15   48.6   0.3   119   481  1464  1842  1368  1868 0.74 -
Cluster_10_aln       -            594 OL603846.1           -           3636   3.8e-15   47.4   0.0   1   1     2e-15   8.5e-15   46.3   0.0   140   330  3172  3370  3145  3413 0.78 -
Cluster_58_aln       -            487 OL603846.1           -           3636   1.5e-06   18.9   0.0   1   1   6.8e-07   2.9e-06   18.0   0.0     8   210  2419  2626  2413  2637 0.72 -
Cluster_20_aln       -            683 OL625611.1           -           3636         0 1091.9   5.9   1   1         0         0 1091.6   5.9     1   683  1320  2006  1320  2006 0.99 -
Cluster_18_aln       -            717 OL625611.1           -           3636         0 1027.3   0.0   1   1         0         0 1026.7   0.0     9   713  2923  3623  2918  3627 0.96 -
Cluster_56_aln       -            359 OL625611.1           -           3636    2e-211  693.8  17.6   1   1  1.2e-211  4.4e-211  692.6  17.6     1   359   924  1282   924  1282 1.00 -
Cluster_23_aln       -            347 OL625611.1           -           3636  1.9e-145  476.5   0.6   1   1  1.1e-145  4.1e-145  475.4   0.6     4   345  2077  2410  2074  2412 0.96 -
Cluster_61_aln       -            220 OL625611.1           -           3636    6e-128  417.1   0.0   1   1  2.6e-128  9.9e-128  416.4   0.0     1   219  2413  2631  2413  2632 0.99 -
Cluster_63_aln       -            180 OL625611.1           -           3636  3.2e-100  325.5   0.3   1   1  1.8e-100  6.8e-100  324.4   0.3     1   180     1   180     1   180 1.00 -
Cluster_26_aln       -            227 OL625611.1           -           3636   8.7e-84  272.9   0.2   1   1   4.4e-84   1.7e-83  272.0   0.2     3   212   294   499   292   510 0.96 -
Cluster_27_aln       -            198 OL625611.1           -           3636   5.8e-74  240.5   6.7   1   1   1.5e-74   5.8e-74  240.5   6.7     2   198   503   700   502   700 0.99 -
Cluster_24_aln       -            374 OL625611.1           -           3636   1.3e-56  184.8   6.9   1   1   2.1e-56     8e-56  182.2   6.9   100   372   699   940   695   942 0.90 -
Cluster_11_aln       -            627 OL625611.1           -           3636   2.4e-39  127.3   1.8   1   1   9.8e-40   3.8e-39  126.6   1.8    42   477  1372  1839  1357  1857 0.75 -
Cluster_21_aln       -            629 OL625611.1           -           3636   8.2e-37  118.9   0.7   1   1   3.3e-37   1.3e-36  118.2   0.7   129   486  1471  1845  1374  1862 0.76 -
Cluster_28_aln       -            101 OL625611.1           -           3636   9.5e-33  104.6   7.4   1   1   8.1e-33   3.1e-32  102.9   7.4     3    99   190   287   185   289 0.92 -
Cluster_29_aln       -             64 OL625611.1           -           3636   3.9e-27   86.4   0.0   1   1   2.3e-27     9e-27   85.3   0.0     1    61  2008  2068  2008  2072 0.94 -
Cluster_36_aln       -            498 OL625611.1           -           3636   4.3e-19   60.6   0.0   1   1   2.1e-19   7.9e-19   59.7   0.0     1   210  2413  2627  2413  2631 0.89 -
Cluster_19_aln       -            569 OL625611.1           -           3636   3.5e-18   57.4   0.0   1   1   1.5e-18   5.6e-18   56.7   0.0    43   411  3082  3478  3073  3490 0.76 -
Cluster_10_aln       -            594 OL625611.1           -           3636   4.8e-17   53.7   0.0   1   1   2.1e-17   8.3e-17   52.9   0.0   118   331  3153  3371  3141  3420 0.79 -
Cluster_1_aln        -            621 OL625611.1           -           3636   8.3e-15   46.2   0.2   1   1   3.8e-15   1.5e-14   45.4   0.2   130   480  1474  1841  1367  1860 0.72 -
Cluster_58_aln       -            487 OL625611.1           -           3636   7.7e-08   23.2   0.0   1   1   3.8e-08   1.5e-07   22.3   0.0     5   210  2416  2626  2413  2635 0.73 -
Cluster_20_aln       -            683 OL625612.1           -           3636         0 1091.5   5.8   1   1         0         0 1091.2   5.8     1   683  1320  2006  1320  2006 0.99 -
Cluster_18_aln       -            717 OL625612.1           -           3636         0 1027.3   0.0   1   1         0         0 1026.7   0.0     9   713  2923  3623  2918  3627 0.96 -
Cluster_56_aln       -            359 OL625612.1           -           3636  1.4e-211  694.3  18.0   1   1  7.9e-212    3e-211  693.2  18.0     1   359   924  1282   924  1282 1.00 -
Cluster_23_aln       -            347 OL625612.1           -           3636  5.7e-142  465.1   0.5   1   1  3.1e-142  1.2e-141  464.0   0.5     4   345  2077  2410  2074  2412 0.96 -
Cluster_61_aln       -            220 OL625612.1           -           3636  3.3e-127  414.7   0.0   1   1  1.4e-127  5.5e-127  413.9   0.0     1   219  2413  2631  2413  2632 0.99 -
Cluster_63_aln       -            180 OL625612.1           -           3636  3.2e-100  325.5   0.3   1   1  1.8e-100  6.8e-100  324.4   0.3     1   180     1   180     1   180 1.00 -
Cluster_26_aln       -            227 OL625612.1           -           3636   3.7e-84  274.2   0.1   1   1   1.9e-84   7.1e-84  273.2   0.1     3   212   294   499   292   510 0.96 -
Cluster_27_aln       -            198 OL625612.1           -           3636   5.8e-74  240.5   6.7   1   1   1.5e-74   5.8e-74  240.5   6.7     2   198   503   700   502   700 0.99 -
Cluster_24_aln       -            374 OL625612.1           -           3636   1.9e-56  184.2   6.2   1   1     3e-56   1.1e-55  181.7   6.2   100   372   699   940   695   942 0.86 -
Cluster_11_aln       -            627 OL625612.1           -           3636   2.7e-39  127.1   1.7   1   1   1.1e-39   4.3e-39  126.4   1.7    42   477  1372  1839  1357  1857 0.75 -
Cluster_21_aln       -            629 OL625612.1           -           3636   1.2e-36  118.4   0.7   1   1   4.7e-37   1.8e-36  117.7   0.7   129   486  1471  1845  1374  1862 0.76 -
Cluster_28_aln       -            101 OL625612.1           -           3636   1.2e-32  104.2   7.1   1   1   1.1e-32   4.1e-32  102.5   7.1     3    99   190   287   185   289 0.92 -
Cluster_29_aln       -             64 OL625612.1           -           3636   3.9e-27   86.4   0.0   1   1   2.3e-27     9e-27   85.3   0.0     1    61  2008  2068  2008  2072 0.94 -
Cluster_19_aln       -            569 OL625612.1           -           3636   3.5e-18   57.4   0.0   1   1   1.5e-18   5.6e-18   56.7   0.0    43   411  3082  3478  3073  3490 0.76 -
Cluster_36_aln       -            498 OL625612.1           -           3636   8.9e-18   56.3   0.0   1   1   4.3e-18   1.7e-17   55.4   0.0     1   210  2413  2627  2413  2631 0.89 -
Cluster_10_aln       -            594 OL625612.1           -           3636   4.8e-17   53.7   0.0   1   1   2.1e-17   8.3e-17   52.9   0.0   118   331  3153  3371  3141  3420 0.79 -
Cluster_1_aln        -            621 OL625612.1           -           3636   1.1e-14   45.9   0.2   1   1   4.8e-15   1.8e-14   45.1   0.2   130   481  1474  1842  1367  1862 0.72 -
Cluster_58_aln       -            487 OL625612.1           -           3636   4.4e-07   20.7   0.0   1   1   2.2e-07   8.5e-07   19.8   0.0     5   197  2416  2613  2413  2634 0.62 -
Cluster_20_aln       -            683 OK564403.1           -           3636         0 1093.7   5.6   1   1         0         0 1093.4   5.6     1   683  1320  2006  1320  2006 0.99 -
Cluster_18_aln       -            717 OK564403.1           -           3636         0 1026.6   0.0   1   1         0         0 1025.9   0.0    10   713  2924  3623  2918  3628 0.96 -
Cluster_56_aln       -            359 OK564403.1           -           3636  2.2e-210  690.4  18.3   1   1  5.4e-211  2.2e-210  690.4  18.3     1   359   924  1282   924  1282 1.00 -
Cluster_23_aln       -            347 OK564403.1           -           3636  1.5e-144  473.5   0.6   1   1  7.8e-145  3.2e-144  472.5   0.6     3   345  2076  2410  2072  2412 0.95 -
Cluster_61_aln       -            220 OK564403.1           -           3636  5.3e-130  423.8   0.0   1   1  2.2e-130  9.1e-130  423.0   0.0     1   219  2413  2631  2413  2632 0.99 -
Cluster_63_aln       -            180 OK564403.1           -           3636  2.8e-103  335.4   0.6   1   1  1.7e-103  6.9e-103  334.2   0.6     1   180     1   180     1   180 1.00 -
Cluster_26_aln       -            227 OK564403.1           -           3636   3.9e-83  270.8   0.4   1   1   1.9e-83   7.7e-83  269.9   0.4     3   212   294   499   292   510 0.96 -
Cluster_27_aln       -            198 OK564403.1           -           3636     6e-73  237.2   5.8   1   1   1.5e-73     6e-73  237.2   5.8     2   198   503   700   502   700 0.99 -
Cluster_24_aln       -            374 OK564403.1           -           3636   3.6e-56  183.3   6.0   1   1     9e-57   3.6e-56  183.3   6.0   100   372   699   940   695   942 0.91 -
Cluster_11_aln       -            627 OK564403.1           -           3636   1.8e-40  131.0   1.6   1   1   7.2e-41   2.9e-40  130.3   1.6    42   477  1372  1839  1358  1857 0.75 -
Cluster_21_aln       -            629 OK564403.1           -           3636   6.7e-38  122.5   0.7   1   1   2.6e-38     1e-37  121.8   0.7   129   486  1471  1845  1374  1862 0.76 -
Cluster_28_aln       -            101 OK564403.1           -           3636   4.1e-33  105.7   5.8   1   1   3.7e-33   1.5e-32  103.9   5.8     3    99   190   287   185   289 0.93 -
Cluster_29_aln       -             64 OK564403.1           -           3636   3.6e-27   86.5   0.0   1   1   2.1e-27   8.5e-27   85.3   0.0     1    61  2008  2068  2008  2072 0.94 -
Cluster_36_aln       -            498 OK564403.1           -           3636   4.1e-19   60.7   0.0   1   1   1.7e-19     7e-19   59.9   0.0     1   210  2413  2627  2413  2630 0.91 -
Cluster_19_aln       -            569 OK564403.1           -           3636   9.8e-18   55.9   0.0   1   1   3.9e-18   1.6e-17   55.2   0.0    42   411  3081  3478  3071  3490 0.77 -
Cluster_10_aln       -            594 OK564403.1           -           3636   1.5e-16   52.1   0.0   1   1   7.1e-17   2.9e-16   51.1   0.0   117   331  3152  3371  3141  3414 0.79 -
Cluster_1_aln        -            621 OK564403.1           -           3636   1.1e-15   49.2   0.2   1   1   4.8e-16   1.9e-15   48.3   0.2   119   481  1464  1842  1368  1862 0.73 -
Cluster_58_aln       -            487 OK564403.1           -           3636   3.1e-07   21.2   0.0   1   1   1.5e-07     6e-07   20.3   0.0     5   210  2416  2626  2413  2636 0.74 -
Cluster_20_aln       -            683 LC700403.1           -           3636         0 1087.4   4.7   1   1         0         0 1087.1   4.7     1   683  1320  2006  1320  2006 0.99 -
Cluster_18_aln       -            717 LC700403.1           -           3636         0 1027.7   0.1   1   1         0         0 1027.0   0.1    10   694  2924  3609  2918  3632 0.95 -
Cluster_56_aln       -            359 LC700403.1           -           3636  1.2e-203  668.1  17.1   1   1  1.5e-203  5.8e-203  665.9  17.7     1   359   924  1282   924  1282 1.00 -
Cluster_23_aln       -            347 LC700403.1           -           3636  8.7e-145  474.3   0.8   1   1  4.5e-145  1.7e-144  473.3   0.8    19   345  2089  2410  2074  2412 0.95 -
Cluster_61_aln       -            220 LC700403.1           -           3636  9.6e-124  403.3   0.0   1   1  4.5e-124  1.7e-123  402.5   0.0     1   219  2413  2631  2413  2632 0.99 -
Cluster_63_aln       -            180 LC700403.1           -           3636     6e-93  301.8   0.7   1   1   3.4e-93   1.3e-92  300.7   0.7     1   180     1   180     1   180 1.00 -
Cluster_26_aln       -            227 LC700403.1           -           3636   2.3e-83  271.6   0.2   1   1   1.2e-83   4.5e-83  270.6   0.2     3   212   294   499   292   511 0.94 -
Cluster_27_aln       -            198 LC700403.1           -           3636   4.9e-72  234.2   6.1   1   1   1.3e-72   4.9e-72  234.2   6.1     2   198   503   700   502   700 0.99 -
Cluster_24_aln       -            374 LC700403.1           -           3636   2.7e-54  177.2   8.3   1   1   6.9e-55   2.7e-54  177.2   8.3   100   372   699   940   695   942 0.88 -
Cluster_11_aln       -            627 LC700403.1           -           3636   9.3e-40  128.6   2.0   1   1   3.9e-40   1.5e-39  127.9   2.0    44   477  1374  1839  1358  1858 0.75 -
Cluster_21_aln       -            629 LC700403.1           -           3636   1.5e-37  121.3   1.2   1   1     6e-38   2.3e-37  120.7   1.2   129   485  1471  1839  1373  1861 0.78 -
Cluster_28_aln       -            101 LC700403.1           -           3636   7.2e-32  101.7   3.3   1   1     6e-32   2.3e-31  100.1   3.3     3    98   190   286   185   289 0.91 -
Cluster_29_aln       -             64 LC700403.1           -           3636     2e-26   84.1   0.1   1   1   1.2e-26   4.7e-26   83.0   0.1     2    61  2009  2068  2008  2072 0.94 -
Cluster_36_aln       -            498 LC700403.1           -           3636   2.8e-20   64.5   0.0   1   1   1.3e-20   4.9e-20   63.7   0.0     1   210  2413  2627  2413  2631 0.89 -
Cluster_19_aln       -            569 LC700403.1           -           3636   8.9e-20   62.6   0.0   1   1   3.8e-20   1.4e-19   61.9   0.0    43   411  3082  3478  3072  3490 0.78 -
Cluster_10_aln       -            594 LC700403.1           -           3636   3.6e-16   50.8   0.0   1   1   1.6e-16   6.2e-16   50.0   0.0   117   331  3152  3371  3118  3419 0.80 -
Cluster_1_aln        -            621 LC700403.1           -           3636   6.6e-16   49.9   0.3   1   1   2.8e-16   1.1e-15   49.2   0.3   128   483  1472  1844  1364  1873 0.69 -
Cluster_58_aln       -            487 LC700403.1           -           3636   1.2e-09   29.1   0.0   1   1   5.9e-10   2.3e-09   28.3   0.0     9   211  2420  2627  2413  2637 0.75 -
Cluster_20_aln       -            683 MW401769.1           -           3636         0 1093.7   5.2   1   1         0         0 1093.3   5.2     1   683  1320  2006  1320  2006 0.99 -
Cluster_18_aln       -            717 MW401769.1           -           3636         0 1032.7   0.0   1   1         0         0 1032.1   0.0     9   715  2923  3625  2918  3627 0.96 -
Cluster_56_aln       -            359 MW401769.1           -           3636  5.6e-213  698.9  20.6   1   1  2.3e-213  9.2e-213  698.2  19.9     1   359   924  1282   924  1282 1.00 -
Cluster_23_aln       -            347 MW401769.1           -           3636  6.3e-145  474.8   0.6   1   1  3.3e-145  1.3e-144  473.7   0.6     4   345  2077  2410  2074  2412 0.96 -
Cluster_61_aln       -            220 MW401769.1           -           3636  4.5e-128  417.5   0.0   1   1  1.9e-128  7.6e-128  416.8   0.0     1   219  2413  2631  2413  2632 0.99 -
Cluster_63_aln       -            180 MW401769.1           -           3636  7.1e-103  334.1   0.9   1   1  3.8e-103  1.5e-102  333.0   0.9     1   180     1   180     1   180 1.00 -
Cluster_26_aln       -            227 MW401769.1           -           3636   9.3e-85  276.1   0.2   1   1   4.5e-85   1.8e-84  275.2   0.2     3   212   294   499   292   510 0.96 -
Cluster_27_aln       -            198 MW401769.1           -           3636   1.3e-73  239.3   6.9   1   1   3.3e-74   1.3e-73  239.3   6.9     2   198   503   700   502   700 0.99 -
Cluster_24_aln       -            374 MW401769.1           -           3636   4.6e-55  179.7   7.5   1   1   1.1e-55   4.6e-55  179.7   7.5   100   372   699   940   695   942 0.89 -
Cluster_11_aln       -            627 MW401769.1           -           3636   2.2e-41  134.0   1.9   1   1   8.8e-42   3.6e-41  133.3   1.9    42   477  1372  1839  1357  1857 0.77 -
Cluster_21_aln       -            629 MW401769.1           -           3636   3.1e-38  123.6   0.7   1   1   1.2e-38   4.8e-38  122.9   0.7   129   486  1471  1845  1374  1862 0.76 -
Cluster_28_aln       -            101 MW401769.1           -           3636     3e-33  106.2   5.7   1   1   2.7e-33   1.1e-32  104.4   5.7     6    99   190   287   185   289 0.92 -
Cluster_29_aln       -             64 MW401769.1           -           3636   4.1e-27   86.4   0.0   1   1   2.3e-27   9.4e-27   85.2   0.0     1    61  2008  2068  2008  2072 0.94 -
Cluster_19_aln       -            569 MW401769.1           -           3636   1.5e-18   58.5   0.0   1   1   6.1e-19   2.5e-18   57.8   0.0    43   411  3082  3478  3073  3490 0.77 -
Cluster_36_aln       -            498 MW401769.1           -           3636   1.6e-17   55.5   0.0   1   1     7e-18   2.8e-17   54.6   0.0     1   210  2413  2627  2413  2630 0.89 -
Cluster_10_aln       -            594 MW401769.1           -           3636   1.8e-17   55.1   0.0   1   1   7.7e-18   3.1e-17   54.3   0.0   117   331  3152  3371  3140  3419 0.80 -
Cluster_1_aln        -            621 MW401769.1           -           3636   8.4e-16   49.5   0.2   1   1   3.8e-16   1.6e-15   48.6   0.2   119   480  1464  1841  1368  1859 0.72 -
Cluster_20_aln       -            683 MZ542765.1           -           3636         0 1093.7   5.2   1   1         0         0 1093.3   5.2     1   683  1320  2006  1320  2006 0.99 -
Cluster_18_aln       -            717 MZ542765.1           -           3636         0 1032.0   0.0   1   1         0         0 1031.3   0.0     9   715  2923  3625  2918  3627 0.96 -
Cluster_56_aln       -            359 MZ542765.1           -           3636  1.2e-212  697.8  21.0   1   1  4.8e-213  1.9e-212  697.1  20.2     1   359   924  1282   924  1282 1.00 -
Cluster_23_aln       -            347 MZ542765.1           -           3636  4.3e-144  472.0   0.9   1   1  2.3e-144  9.4e-144  470.9   0.9    13   345  2086  2410  2074  2412 0.95 -
Cluster_61_aln       -            220 MZ542765.1           -           3636  4.5e-128  417.5   0.0   1   1  1.9e-128  7.6e-128  416.8   0.0     1   219  2413  2631  2413  2632 0.99 -
Cluster_63_aln       -            180 MZ542765.1           -           3636  7.1e-103  334.1   0.9   1   1  3.8e-103  1.5e-102  333.0   0.9     1   180     1   180     1   180 1.00 -
Cluster_26_aln       -            227 MZ542765.1           -           3636   4.7e-85  277.1   0.1   1   1   2.3e-85   9.1e-85  276.1   0.1     3   212   294   499   292   510 0.96 -
Cluster_27_aln       -            198 MZ542765.1           -           3636   1.3e-73  239.3   6.9   1   1   3.3e-74   1.3e-73  239.3   6.9     2   198   503   700   502   700 0.99 -
Cluster_24_aln       -            374 MZ542765.1           -           3636   4.6e-55  179.7   7.5   1   1   1.1e-55   4.6e-55  179.7   7.5   100   372   699   940   695   942 0.89 -
Cluster_11_aln       -            627 MZ542765.1           -           3636   2.2e-41  134.0   1.9   1   1   8.8e-42   3.6e-41  133.3   1.9    42   477  1372  1839  1357  1857 0.77 -
Cluster_21_aln       -            629 MZ542765.1           -           3636   3.1e-38  123.6   0.7   1   1   1.2e-38   4.8e-38  122.9   0.7   129   486  1471  1845  1374  1862 0.76 -
Cluster_28_aln       -            101 MZ542765.1           -           3636   2.9e-33  106.2   5.7   1   1   2.7e-33   1.1e-32  104.4   5.7     6    99   190   287   185   289 0.92 -
Cluster_29_aln       -             64 MZ542765.1           -           3636   4.1e-27   86.4   0.0   1   1   2.3e-27   9.4e-27   85.2   0.0     1    61  2008  2068  2008  2072 0.94 -
Cluster_19_aln       -            569 MZ542765.1           -           3636   1.8e-18   58.3   0.0   1   1   7.1e-19   2.9e-18   57.6   0.0    43   411  3082  3478  3073  3490 0.77 -
Cluster_36_aln       -            498 MZ542765.1           -           3636   1.6e-17   55.5   0.0   1   1     7e-18   2.8e-17   54.6   0.0     1   210  2413  2627  2413  2630 0.89 -
Cluster_10_aln       -            594 MZ542765.1           -           3636   1.8e-17   55.1   0.0   1   1   7.5e-18     3e-17   54.4   0.0   117   331  3152  3371  3140  3420 0.80 -
Cluster_1_aln        -            621 MZ542765.1           -           3636   8.4e-16   49.5   0.2   1   1   3.8e-16   1.6e-15   48.6   0.2   119   480  1464  1841  1368  1859 0.72 -
Cluster_20_aln       -            683 MZ334484.1           -           3636         0 1093.5   4.8   1   1         0         0 1093.2   4.8     1   683  1320  2006  1320  2006 0.99 -
Cluster_18_aln       -            717 MZ334484.1           -           3636         0 1023.1   0.0   1   1         0         0 1022.4   0.0    10   713  2924  3623  2918  3628 0.96 -
Cluster_56_aln       -            359 MZ334484.1           -           3636    3e-212  696.5  18.2   1   1  7.9e-213    3e-212  696.5  18.2     1   359   924  1282   924  1282 1.00 -
Cluster_23_aln       -            347 MZ334484.1           -           3636  4.8e-145  475.2   0.6   1   1  2.5e-145  9.5e-145  474.2   0.6     3   345  2076  2410  2074  2412 0.96 -
Cluster_61_aln       -            220 MZ334484.1           -           3636  5.9e-129  420.4   0.0   1   1  2.5e-129  9.7e-129  419.7   0.0     1   219  2413  2631  2413  2632 0.99 -
Cluster_63_aln       -            180 MZ334484.1           -           3636  9.5e-103  333.7   0.9   1   1    5e-103  1.9e-102  332.7   0.9     1   180     1   180     1   180 1.00 -
Cluster_26_aln       -            227 MZ334484.1           -           3636   9.1e-85  276.2   0.3   1   1   4.6e-85   1.8e-84  275.2   0.3     3   213   294   500   292   511 0.96 -
Cluster_27_aln       -            198 MZ334484.1           -           3636   1.1e-73  239.6   6.0   1   1   2.9e-74   1.1e-73  239.6   6.0     2   198   503   700   502   700 0.99 -
Cluster_24_aln       -            374 MZ334484.1           -           3636   1.2e-55  181.6   7.4   1   1   3.1e-56   1.2e-55  181.6   7.4   100   372   699   940   695   942 0.91 -
Cluster_11_aln       -            627 MZ334484.1           -           3636   2.2e-41  134.0   1.3   1   1   9.6e-42   3.7e-41  133.3   1.3    42   477  1372  1839  1358  1857 0.76 -
Cluster_21_aln       -            629 MZ334484.1           -           3636   3.1e-38  123.6   0.5   1   1   1.2e-38   4.8e-38  122.9   0.5   129   486  1471  1845  1374  1862 0.77 -
Cluster_28_aln       -            101 MZ334484.1           -           3636   6.4e-31   98.7   4.1   1   1   6.3e-31   2.4e-30   96.8   4.1     3    99   190   287   186   289 0.91 -
Cluster_29_aln       -             64 MZ334484.1           -           3636   4.3e-27   86.3   0.0   1   1   2.5e-27   9.8e-27   85.2   0.0     1    61  2008  2068  2008  2072 0.94 -
Cluster_36_aln       -            498 MZ334484.1           -           3636     1e-18   59.4   0.0   1   1   4.4e-19   1.7e-18   58.6   0.0     1   210  2413  2627  2413  2630 0.91 -
Cluster_19_aln       -            569 MZ334484.1           -           3636   8.2e-18   56.1   0.0   1   1   3.4e-18   1.3e-17   55.4   0.0    43   411  3082  3478  3075  3492 0.75 -
Cluster_10_aln       -            594 MZ334484.1           -           3636   7.2e-17   53.1   0.0   1   1   3.2e-17   1.2e-16   52.3   0.0   118   331  3153  3371  3143  3413 0.79 -
Cluster_1_aln        -            621 MZ334484.1           -           3636   2.1e-15   48.2   0.1   1   1   9.3e-16   3.6e-15   47.4   0.1   119   481  1464  1842  1368  1862 0.73 -
Cluster_58_aln       -            487 MZ334484.1           -           3636   1.5e-06   19.0   0.0   1   1   6.9e-07   2.7e-06   18.1   0.0     6   210  2417  2626  2413  2635 0.72 -
Cluster_20_aln       -            683 LC596433.1           -           3636         0 1086.0   4.7   1   1         0         0 1085.6   4.7     1   683  1320  2006  1320  2006 0.99 -
Cluster_18_aln       -            717 LC596433.1           -           3636         0 1022.9   0.1   1   1         0         0 1022.2   0.1    10   694  2924  3609  2918  3631 0.95 -
Cluster_56_aln       -            359 LC596433.1           -           3636  1.1e-206  678.2  17.7   1   1  6.8e-207  2.6e-206  676.9  17.7     1   359   924  1282   924  1282 1.00 -
Cluster_23_aln       -            347 LC596433.1           -           3636  1.4e-144  473.7   1.1   1   1  7.1e-145  2.8e-144  472.7   1.1    19   345  2089  2410  2074  2412 0.95 -
Cluster_61_aln       -            220 LC596433.1           -           3636  1.4e-122  399.5   0.0   1   1  6.2e-123  2.4e-122  398.8   0.0     1   219  2413  2631  2413  2632 0.99 -
Cluster_63_aln       -            180 LC596433.1           -           3636   4.2e-93  302.3   0.7   1   1   2.3e-93   8.8e-93  301.2   0.7     1   180     1   180     1   180 1.00 -
Cluster_26_aln       -            227 LC596433.1           -           3636   5.7e-84  273.5   0.3   1   1     3e-84   1.1e-83  272.6   0.3     3   212   294   499   292   511 0.95 -
Cluster_27_aln       -            198 LC596433.1           -           3636   1.1e-71  233.1   5.7   1   1   2.7e-72   1.1e-71  233.1   5.7     2   198   503   700   502   700 0.99 -
Cluster_24_aln       -            374 LC596433.1           -           3636   9.9e-56  181.9   8.3   1   1   2.6e-56   9.9e-56  181.9   8.3   100   372   699   940   695   942 0.89 -
Cluster_11_aln       -            627 LC596433.1           -           3636   5.6e-40  129.4   2.5   1   1   2.4e-40   9.1e-40  128.7   2.5    43   477  1373  1839  1357  1857 0.75 -
Cluster_21_aln       -            629 LC596433.1           -           3636   5.4e-38  122.8   1.1   1   1   2.2e-38   8.6e-38  122.1   1.1   129   486  1471  1845  1371  1862 0.76 -
Cluster_28_aln       -            101 LC596433.1           -           3636   5.4e-31   98.9   3.8   1   1   4.5e-31   1.7e-30   97.3   3.8     5    98   189   286   185   289 0.91 -
Cluster_29_aln       -             64 LC596433.1           -           3636   2.7e-26   83.7   0.0   1   1   1.7e-26   6.4e-26   82.6   0.0     2    61  2009  2068  2008  2072 0.93 -
Cluster_19_aln       -            569 LC596433.1           -           3636   5.4e-19   60.0   0.0   1   1   2.3e-19   8.8e-19   59.3   0.0    43   411  3082  3478  3073  3490 0.77 -
Cluster_36_aln       -            498 LC596433.1           -           3636     7e-19   59.9   0.0   1   1     3e-19   1.1e-18   59.2   0.0     1   210  2413  2627  2413  2631 0.88 -
Cluster_10_aln       -            594 LC596433.1           -           3636   4.9e-16   50.4   0.0   1   1   2.2e-16   8.4e-16   49.6   0.0   117   331  3152  3371  3142  3421 0.77 -
Cluster_1_aln        -            621 LC596433.1           -           3636   8.4e-16   49.5   0.2   1   1   3.8e-16   1.5e-15   48.7   0.2   128   481  1472  1842  1364  1862 0.69 -
Cluster_58_aln       -            487 LC596433.1           -           3636   2.2e-08   25.0   0.0   1   1     1e-08   3.9e-08   24.2   0.0     9   211  2420  2627  2413  2636 0.75 -
Cluster_20_aln       -            683 MW183241.1           -           3636         0 1094.6   4.7   1   1         0         0 1094.3   4.7     1   683  1320  2006  1320  2006 0.99 -
Cluster_18_aln       -            717 MW183241.1           -           3636         0 1029.3   0.0   1   1         0         0 1028.6   0.0     9   715  2923  3625  2918  3628 0.96 -
Cluster_56_aln       -            359 MW183241.1           -           3636  5.8e-212  695.5  17.0   1   1  3.5e-212  1.4e-211  694.3  17.0     1   359   924  1282   924  1282 1.00 -
Cluster_23_aln       -            347 MW183241.1           -           3636  8.3e-145  474.4   0.6   1   1  4.5e-145  1.7e-144  473.3   0.6     3   345  2076  2410  2074  2412 0.96 -
Cluster_61_aln       -            220 MW183241.1           -           3636  8.4e-129  419.9   0.0   1   1  3.6e-129  1.4e-128  419.1   0.0     1   220  2413  2632  2413  2632 1.00 -
Cluster_63_aln       -            180 MW183241.1           -           3636  8.8e-101  327.3   1.5   1   1  4.8e-101  1.8e-100  326.3   1.5     1   180     1   180     1   180 1.00 -
Cluster_26_aln       -            227 MW183241.1           -           3636   4.5e-83  270.6   0.1   1   1   2.3e-83   8.9e-83  269.6   0.1     3   213   294   500   292   511 0.96 -
Cluster_27_aln       -            198 MW183241.1           -           3636   9.1e-74  239.9   5.5   1   1   2.4e-74   9.1e-74  239.9   5.5     2   198   503   700   502   700 0.99 -
Cluster_24_aln       -            374 MW183241.1           -           3636   1.1e-56  185.0   7.7   1   1   2.4e-56   9.1e-56  182.0   7.7   100   372   699   940   695   942 0.90 -
Cluster_11_aln       -            627 MW183241.1           -           3636   1.6e-40  131.2   1.5   1   1   6.8e-41   2.6e-40  130.5   1.5    43   477  1373  1839  1360  1857 0.77 -
Cluster_21_aln       -            629 MW183241.1           -           3636   3.2e-38  123.5   0.9   1   1   1.3e-38     5e-38  122.9   0.9   129   486  1471  1845  1375  1862 0.76 -
Cluster_28_aln       -            101 MW183241.1           -           3636   1.4e-31  100.8   5.8   1   1   1.3e-31     5e-31   99.0   5.8     3    99   190   287   185   289 0.92 -
Cluster_29_aln       -             64 MW183241.1           -           3636   2.8e-27   86.9   0.0   1   1   1.7e-27   6.4e-27   85.7   0.0     1    61  2008  2068  2008  2072 0.94 -
Cluster_36_aln       -            498 MW183241.1           -           3636   9.9e-19   59.4   0.0   1   1   4.4e-19   1.7e-18   58.7   0.0     1   210  2413  2627  2413  2631 0.91 -
Cluster_19_aln       -            569 MW183241.1           -           3636   1.1e-17   55.7   0.0   1   1   4.8e-18   1.9e-17   55.0   0.0    43   411  3082  3478  3074  3491 0.76 -
Cluster_10_aln       -            594 MW183241.1           -           3636   1.8e-16   51.8   0.0   1   1     8e-17   3.1e-16   51.0   0.0   120   331  3155  3371  3144  3417 0.77 -
Cluster_1_aln        -            621 MW183241.1           -           3636   2.2e-15   48.1   1.3   1   1   6.5e-16   2.5e-15   48.0   0.2   119   481  1464  1842  1369  1862 0.73 -
Cluster_58_aln       -            487 MW183241.1           -           3636   1.2e-06   19.2   0.0   1   1     6e-07   2.3e-06   18.4   0.0     5   210  2416  2626  2413  2634 0.71 -
Cluster_20_aln       -            683 MW183242.1           -           3636         0 1095.6   5.5   1   1         0         0 1095.3   5.5     1   683  1320  2006  1320  2006 0.99 -
Cluster_18_aln       -            717 MW183242.1           -           3636         0 1027.7   0.0   1   1         0         0 1027.1   0.0     9   714  2923  3624  2918  3627 0.96 -
Cluster_56_aln       -            359 MW183242.1           -           3636  1.9e-212  697.1  19.9   1   1  8.1e-213  3.1e-212  696.4  19.2     1   359   924  1282   924  1282 1.00 -
Cluster_23_aln       -            347 MW183242.1           -           3636  4.2e-145  475.4   0.7   1   1  2.1e-145    8e-145  474.4   0.7     3   345  2076  2410  2074  2412 0.96 -
Cluster_61_aln       -            220 MW183242.1           -           3636  6.6e-129  420.2   0.0   1   1  2.9e-129  1.1e-128  419.5   0.0     1   219  2413  2631  2413  2632 0.99 -
Cluster_63_aln       -            180 MW183242.1           -           3636  7.7e-100  324.2   1.1   1   1  4.4e-100   1.7e-99  323.1   1.1     1   180     1   180     1   180 1.00 -
Cluster_26_aln       -            227 MW183242.1           -           3636   2.7e-84  274.6   0.5   1   1   1.4e-84   5.4e-84  273.6   0.5     3   212   294   499   292   510 0.96 -
Cluster_27_aln       -            198 MW183242.1           -           3636   1.8e-73  238.9   5.9   1   1   4.7e-74   1.8e-73  238.9   5.9     2   198   503   700   502   700 0.99 -
Cluster_24_aln       -            374 MW183242.1           -           3636   1.3e-55  181.5   7.8   1   1   3.4e-56   1.3e-55  181.5   7.8   100   372   699   940   695   942 0.90 -
Cluster_11_aln       -            627 MW183242.1           -           3636   7.2e-41  132.3   2.1   1   1   3.1e-41   1.2e-40  131.6   2.1    42   477  1372  1839  1357  1857 0.77 -
Cluster_21_aln       -            629 MW183242.1           -           3636     8e-38  122.2   0.8   1   1   3.3e-38   1.3e-37  121.6   0.8   129   486  1471  1845  1374  1862 0.76 -
Cluster_28_aln       -            101 MW183242.1           -           3636   7.1e-31   98.5   5.0   1   1     7e-31   2.7e-30   96.7   5.0     3    99   190   287   185   289 0.92 -
Cluster_29_aln       -             64 MW183242.1           -           3636   4.1e-27   86.4   0.0   1   1   2.4e-27   9.4e-27   85.2   0.0     1    61  2008  2068  2008  2072 0.94 -
Cluster_36_aln       -            498 MW183242.1           -           3636   3.9e-18   57.5   0.0   1   1   1.7e-18   6.7e-18   56.7   0.0     1   210  2413  2627  2413  2631 0.89 -
Cluster_19_aln       -            569 MW183242.1           -           3636   1.6e-17   55.2   0.0   1   1   6.6e-18   2.5e-17   54.5   0.0    42   411  3081  3478  3073  3491 0.76 -
Cluster_10_aln       -            594 MW183242.1           -           3636   1.5e-16   52.1   0.0   1   1   6.7e-17   2.6e-16   51.3   0.0   118   331  3153  3371  3141  3414 0.79 -
Cluster_1_aln        -            621 MW183242.1           -           3636   1.5e-15   48.7   0.2   1   1     4e-16   1.5e-15   48.7   0.2   119   481  1464  1842  1368  1862 0.73 -
Cluster_58_aln       -            487 MW183242.1           -           3636   3.6e-07   21.0   0.0   1   1   1.7e-07   6.7e-07   20.1   0.0     5   210  2416  2626  2413  2633 0.74 -
Cluster_20_aln       -            683 MN584738.1           -           3636         0 1095.2   5.4   1   1         0         0 1094.8   5.4     1   683  1320  2006  1320  2006 0.99 -
Cluster_18_aln       -            717 MN584738.1           -           3636         0 1030.3   0.0   1   1         0         0 1029.7   0.0     9   708  2923  3618  2918  3628 0.95 -
Cluster_56_aln       -            359 MN584738.1           -           3636  2.4e-212  696.8  20.3   1   1  9.1e-213  3.9e-212  696.1  19.6     1   359   924  1282   924  1282 1.00 -
Cluster_23_aln       -            347 MN584738.1           -           3636  4.6e-145  475.2   0.8   1   1  2.3e-145  9.8e-145  474.1   0.8     4   345  2077  2410  2074  2412 0.96 -
Cluster_61_aln       -            220 MN584738.1           -           3636  4.6e-129  420.7   0.0   1   1  1.8e-129  7.5e-129  420.0   0.0     1   219  2413  2631  2413  2632 0.99 -
Cluster_63_aln       -            180 MN584738.1           -           3636  1.3e-102  333.2   0.9   1   1  6.9e-103  2.9e-102  332.1   0.9     1   180     1   180     1   180 1.00 -
Cluster_26_aln       -            227 MN584738.1           -           3636   7.4e-85  276.4   0.1   1   1   3.4e-85   1.5e-84  275.5   0.1     3   212   294   499   292   510 0.96 -
Cluster_27_aln       -            198 MN584738.1           -           3636   1.3e-73  239.3   6.9   1   1   3.1e-74   1.3e-73  239.3   6.9     2   198   503   700   502   700 0.99 -
Cluster_24_aln       -            374 MN584738.1           -           3636   5.8e-55  179.4   8.9   1   1   1.4e-55   5.8e-55  179.4   8.9   100   372   699   940   695   942 0.87 -
Cluster_11_aln       -            627 MN584738.1           -           3636   2.2e-41  134.0   1.9   1   1   8.3e-42   3.6e-41  133.3   1.9    42   477  1372  1839  1357  1857 0.77 -
Cluster_21_aln       -            629 MN584738.1           -           3636   3.1e-38  123.6   0.7   1   1   1.1e-38   4.8e-38  122.9   0.7   129   486  1471  1845  1374  1862 0.76 -
Cluster_28_aln       -            101 MN584738.1           -           3636   4.5e-33  105.6   6.0   1   1   3.7e-33   1.6e-32  103.8   6.0     6    99   190   287   185   289 0.92 -
Cluster_29_aln       -             64 MN584738.1           -           3636   4.1e-27   86.4   0.0   1   1   2.2e-27   9.4e-27   85.2   0.0     1    61  2008  2068  2008  2072 0.94 -
Cluster_19_aln       -            569 MN584738.1           -           3636   8.1e-19   59.4   0.0   1   1   3.1e-19   1.3e-18   58.7   0.0    43   411  3082  3478  3073  3490 0.77 -
Cluster_36_aln       -            498 MN584738.1           -           3636   1.2e-17   55.8   0.0   1   1   5.1e-18   2.2e-17   55.0   0.0     1   210  2413  2627  2413  2631 0.90 -
Cluster_10_aln       -            594 MN584738.1           -           3636   2.9e-17   54.4   0.0   1   1   1.2e-17     5e-17   53.7   0.0   117   331  3152  3371  3140  3419 0.80 -
Cluster_1_aln        -            621 MN584738.1           -           3636   8.4e-16   49.5   0.2   1   1   3.6e-16   1.6e-15   48.6   0.2   119   480  1464  1841  1368  1859 0.72 -
Cluster_20_aln       -            683 MN584739.1           -           3636         0 1095.2   5.4   1   1         0         0 1094.8   5.4     1   683  1320  2006  1320  2006 0.99 -
Cluster_18_aln       -            717 MN584739.1           -           3636         0 1030.3   0.0   1   1         0         0 1029.7   0.0     9   708  2923  3618  2918  3628 0.95 -
Cluster_56_aln       -            359 MN584739.1           -           3636  5.6e-213  698.9  20.6   1   1  2.1e-213  9.2e-213  698.2  19.9     1   359   924  1282   924  1282 1.00 -
Cluster_23_aln       -            347 MN584739.1           -           3636  4.6e-145  475.2   0.8   1   1  2.3e-145  9.8e-145  474.1   0.8     4   345  2077  2410  2074  2412 0.96 -
Cluster_61_aln       -            220 MN584739.1           -           3636  4.6e-129  420.7   0.0   1   1  1.8e-129  7.5e-129  420.0   0.0     1   219  2413  2631  2413  2632 0.99 -
Cluster_63_aln       -            180 MN584739.1           -           3636  1.3e-102  333.2   0.9   1   1  6.9e-103  2.9e-102  332.1   0.9     1   180     1   180     1   180 1.00 -
Cluster_26_aln       -            227 MN584739.1           -           3636   7.4e-85  276.4   0.1   1   1   3.4e-85   1.5e-84  275.5   0.1     3   212   294   499   292   510 0.96 -
Cluster_27_aln       -            198 MN584739.1           -           3636   1.3e-73  239.3   6.9   1   1   3.1e-74   1.3e-73  239.3   6.9     2   198   503   700   502   700 0.99 -
Cluster_24_aln       -            374 MN584739.1           -           3636   5.8e-55  179.4   8.9   1   1   1.4e-55   5.8e-55  179.4   8.9   100   372   699   940   695   942 0.87 -
Cluster_11_aln       -            627 MN584739.1           -           3636   2.2e-41  134.0   1.9   1   1   8.3e-42   3.6e-41  133.3   1.9    42   477  1372  1839  1357  1857 0.77 -
Cluster_21_aln       -            629 MN584739.1           -           3636   3.1e-38  123.6   0.7   1   1   1.1e-38   4.8e-38  122.9   0.7   129   486  1471  1845  1374  1862 0.76 -
Cluster_28_aln       -            101 MN584739.1           -           3636   4.5e-33  105.6   6.0   1   1   3.7e-33   1.6e-32  103.8   6.0     6    99   190   287   185   289 0.92 -
Cluster_29_aln       -             64 MN584739.1           -           3636   4.1e-27   86.4   0.0   1   1   2.2e-27   9.4e-27   85.2   0.0     1    61  2008  2068  2008  2072 0.94 -
Cluster_19_aln       -            569 MN584739.1           -           3636   8.1e-19   59.4   0.0   1   1   3.1e-19   1.3e-18   58.7   0.0    43   411  3082  3478  3073  3490 0.77 -
Cluster_36_aln       -            498 MN584739.1           -           3636   1.2e-17   55.8   0.0   1   1   5.1e-18   2.2e-17   55.0   0.0     1   210  2413  2627  2413  2631 0.90 -
Cluster_10_aln       -            594 MN584739.1           -           3636   2.9e-17   54.4   0.0   1   1   1.2e-17     5e-17   53.7   0.0   117   331  3152  3371  3140  3419 0.80 -
Cluster_1_aln        -            621 MN584739.1           -           3636   8.4e-16   49.5   0.2   1   1   3.6e-16   1.6e-15   48.6   0.2   119   480  1464  1841  1368  1859 0.72 -
Cluster_20_aln       -            683 MT512531.1           -           3631         0 1093.9   5.4   1   1         0         0 1093.5   5.4     1   683  1320  2006  1320  2006 0.99 -
Cluster_18_aln       -            717 MT512531.1           -           3631         0 1027.1   0.0   1   1         0         0 1026.5   0.0     9   716  2923  3626  2918  3627 0.97 -
Cluster_56_aln       -            359 MT512531.1           -           3631  8.9e-213  698.2  19.6   1   1    3e-213  1.2e-212  697.8  18.7     1   359   924  1282   924  1282 1.00 -
Cluster_23_aln       -            347 MT512531.1           -           3631  6.4e-145  474.7   0.6   1   1  3.3e-145  1.3e-144  473.7   0.6     3   345  2076  2410  2074  2412 0.96 -
Cluster_61_aln       -            220 MT512531.1           -           3631  3.5e-130  424.4   0.0   1   1  1.5e-130  5.9e-130  423.6   0.0     1   219  2413  2631  2413  2632 0.99 -
Cluster_63_aln       -            180 MT512531.1           -           3631  7.1e-102  330.9   1.1   1   1  3.9e-102  1.6e-101  329.7   1.1     1   180     1   180     1   180 1.00 -
Cluster_26_aln       -            227 MT512531.1           -           3631   3.3e-85  277.6   0.5   1   1   1.6e-85   6.4e-85  276.7   0.5     3   212   294   499   292   510 0.96 -
Cluster_27_aln       -            198 MT512531.1           -           3631   3.1e-73  238.1   6.0   1   1   7.7e-74   3.1e-73  238.1   6.0     2   198   503   700   502   700 0.99 -
Cluster_24_aln       -            374 MT512531.1           -           3631   1.1e-56  185.0   7.5   1   1   2.8e-57   1.1e-56  185.0   7.5   100   372   699   940   695   942 0.90 -
Cluster_11_aln       -            627 MT512531.1           -           3631   6.6e-41  132.4   1.5   1   1   2.7e-41   1.1e-40  131.7   1.5    42   477  1372  1839  1358  1857 0.77 -
Cluster_21_aln       -            629 MT512531.1           -           3631   8.4e-38  122.1   0.7   1   1   3.2e-38   1.3e-37  121.5   0.7   129   486  1471  1845  1374  1862 0.76 -
Cluster_28_aln       -            101 MT512531.1           -           3631   2.4e-33  106.5   4.7   1   1   2.1e-33   8.6e-33  104.7   4.7     3    99   190   287   185   289 0.92 -
Cluster_29_aln       -             64 MT512531.1           -           3631   3.8e-27   86.5   0.0   1   1   2.2e-27     9e-27   85.3   0.0     1    61  2008  2068  2008  2072 0.94 -
Cluster_36_aln       -            498 MT512531.1           -           3631     2e-18   58.4   0.0   1   1   8.2e-19   3.3e-18   57.7   0.0     1   210  2413  2627  2413  2630 0.90 -
Cluster_19_aln       -            569 MT512531.1           -           3631     1e-17   55.8   0.0   1   1   4.2e-18   1.7e-17   55.1   0.0    43   411  3082  3478  3074  3491 0.76 -
Cluster_10_aln       -            594 MT512531.1           -           3631   2.9e-16   51.1   0.0   1   1   1.2e-16   4.9e-16   50.4   0.0   118   331  3153  3371  3143  3414 0.78 -
Cluster_1_aln        -            621 MT512531.1           -           3631   1.4e-15   48.8   0.2   1   1   5.9e-16   2.4e-15   48.0   0.2   119   481  1464  1842  1369  1862 0.73 -
Cluster_58_aln       -            487 MT512531.1           -           3631   3.6e-08   24.3   0.0   1   1   1.8e-08   7.4e-08   23.3   0.0     5   210  2416  2626  2413  2636 0.76 -
Cluster_20_aln       -            683 MT512532.1           -           3631         0 1090.7   5.3   1   1         0         0 1090.4   5.3     1   683  1320  2006  1320  2006 0.99 -
Cluster_18_aln       -            717 MT512532.1           -           3631         0 1027.1   0.0   1   1         0         0 1026.5   0.0     9   716  2923  3626  2918  3627 0.97 -
Cluster_56_aln       -            359 MT512532.1           -           3631  6.1e-213  698.8  20.0   1   1    2e-213  8.3e-213  698.3  19.1     1   359   924  1282   924  1282 1.00 -
Cluster_23_aln       -            347 MT512532.1           -           3631  6.4e-145  474.7   0.6   1   1  3.3e-145  1.3e-144  473.7   0.6     3   345  2076  2410  2074  2412 0.96 -
Cluster_61_aln       -            220 MT512532.1           -           3631  3.5e-130  424.4   0.0   1   1  1.5e-130  5.9e-130  423.6   0.0     1   219  2413  2631  2413  2632 0.99 -
Cluster_63_aln       -            180 MT512532.1           -           3631  3.2e-101  328.7   1.1   1   1  1.7e-101    7e-101  327.6   1.1     1   180     1   180     1   180 1.00 -
Cluster_26_aln       -            227 MT512532.1           -           3631     3e-84  274.4   0.7   1   1   1.5e-84     6e-84  273.5   0.7     3   212   294   499   292   510 0.96 -
Cluster_27_aln       -            198 MT512532.1           -           3631   3.1e-73  238.1   6.0   1   1   7.7e-74   3.1e-73  238.1   6.0     2   198   503   700   502   700 0.99 -
Cluster_24_aln       -            374 MT512532.1           -           3631   1.1e-56  185.0   7.5   1   1   2.8e-57   1.1e-56  185.0   7.5   100   372   699   940   695   942 0.90 -
Cluster_11_aln       -            627 MT512532.1           -           3631     8e-41  132.1   1.7   1   1   3.3e-41   1.3e-40  131.4   1.7    42   477  1372  1839  1358  1857 0.77 -
Cluster_21_aln       -            629 MT512532.1           -           3631   3.6e-38  123.4   0.7   1   1   1.4e-38   5.6e-38  122.7   0.7   129   486  1471  1845  1374  1862 0.76 -
Cluster_28_aln       -            101 MT512532.1           -           3631   2.4e-33  106.5   4.7   1   1   2.1e-33   8.6e-33  104.7   4.7     3    99   190   287   185   289 0.92 -
Cluster_29_aln       -             64 MT512532.1           -           3631   3.8e-27   86.5   0.0   1   1   2.2e-27     9e-27   85.3   0.0     1    61  2008  2068  2008  2072 0.94 -
Cluster_36_aln       -            498 MT512532.1           -           3631     2e-18   58.4   0.0   1   1   8.2e-19   3.3e-18   57.7   0.0     1   210  2413  2627  2413  2630 0.90 -
Cluster_19_aln       -            569 MT512532.1           -           3631     1e-17   55.8   0.0   1   1   4.2e-18   1.7e-17   55.1   0.0    43   411  3082  3478  3074  3491 0.76 -
Cluster_10_aln       -            594 MT512532.1           -           3631   2.9e-16   51.1   0.0   1   1   1.2e-16   4.9e-16   50.4   0.0   118   331  3153  3371  3143  3414 0.78 -
Cluster_1_aln        -            621 MT512532.1           -           3631   1.2e-15   49.0   0.2   1   1   5.2e-16   2.1e-15   48.2   0.2   119   481  1464  1842  1369  1862 0.73 -
Cluster_58_aln       -            487 MT512532.1           -           3631   3.6e-08   24.3   0.0   1   1   1.8e-08   7.4e-08   23.3   0.0     5   210  2416  2626  2413  2636 0.76 -
Cluster_20_aln       -            683 MT512533.1           -           3636         0 1093.9   5.3   1   1         0         0 1093.5   5.3     1   683  1320  2006  1320  2006 0.99 -
Cluster_18_aln       -            717 MT512533.1           -           3636         0 1027.2   0.0   1   1         0         0 1026.6   0.0     9   716  2923  3626  2918  3627 0.97 -
Cluster_56_aln       -            359 MT512533.1           -           3636  6.2e-213  698.7  20.0   1   1    2e-213  8.3e-213  698.3  19.1     1   359   924  1282   924  1282 1.00 -
Cluster_23_aln       -            347 MT512533.1           -           3636  6.4e-145  474.7   0.6   1   1  3.3e-145  1.3e-144  473.7   0.6     3   345  2076  2410  2074  2412 0.96 -
Cluster_61_aln       -            220 MT512533.1           -           3636  4.2e-129  420.8   0.0   1   1  1.8e-129  7.3e-129  420.1   0.0     1   219  2413  2631  2413  2632 0.99 -
Cluster_63_aln       -            180 MT512533.1           -           3636  3.7e-100  325.3   0.9   1   1    2e-100  8.2e-100  324.1   0.9     1   180     1   180     1   180 1.00 -
Cluster_26_aln       -            227 MT512533.1           -           3636   3.3e-85  277.6   0.5   1   1   1.6e-85   6.4e-85  276.7   0.5     3   212   294   499   292   510 0.96 -
Cluster_27_aln       -            198 MT512533.1           -           3636   3.1e-73  238.1   6.0   1   1   7.7e-74   3.1e-73  238.1   6.0     2   198   503   700   502   700 0.99 -
Cluster_24_aln       -            374 MT512533.1           -           3636   1.1e-56  185.0   7.5   1   1   2.8e-57   1.1e-56  185.0   7.5   100   372   699   940   695   942 0.90 -
Cluster_11_aln       -            627 MT512533.1           -           3636   6.7e-41  132.4   1.5   1   1   2.7e-41   1.1e-40  131.7   1.5    42   477  1372  1839  1358  1857 0.77 -
Cluster_21_aln       -            629 MT512533.1           -           3636   8.4e-38  122.1   0.7   1   1   3.2e-38   1.3e-37  121.5   0.7   129   486  1471  1845  1374  1862 0.76 -
Cluster_28_aln       -            101 MT512533.1           -           3636   2.4e-33  106.5   4.7   1   1   2.1e-33   8.6e-33  104.7   4.7     3    99   190   287   185   289 0.92 -
Cluster_29_aln       -             64 MT512533.1           -           3636   3.8e-27   86.5   0.0   1   1   2.2e-27     9e-27   85.3   0.0     1    61  2008  2068  2008  2072 0.94 -
Cluster_36_aln       -            498 MT512533.1           -           3636     6e-19   60.1   0.1   1   1   2.6e-19     1e-18   59.3   0.1     1   210  2413  2627  2413  2630 0.90 -
Cluster_19_aln       -            569 MT512533.1           -           3636     6e-18   56.6   0.0   1   1   2.4e-18   9.9e-18   55.9   0.0    43   411  3082  3478  3074  3491 0.76 -
Cluster_10_aln       -            594 MT512533.1           -           3636   3.1e-16   51.0   0.0   1   1   1.3e-16   5.4e-16   50.2   0.0   118   331  3153  3371  3144  3414 0.78 -
Cluster_1_aln        -            621 MT512533.1           -           3636   1.4e-15   48.8   0.2   1   1   5.9e-16   2.4e-15   48.0   0.2   119   481  1464  1842  1369  1862 0.73 -
Cluster_58_aln       -            487 MT512533.1           -           3636   1.1e-08   25.9   0.0   1   1   5.7e-09   2.3e-08   24.9   0.0     5   210  2416  2626  2413  2636 0.76 -
Cluster_20_aln       -            683 MT512534.1           -           3636         0 1093.9   5.3   1   1         0         0 1093.5   5.3     1   683  1320  2006  1320  2006 0.99 -
Cluster_18_aln       -            717 MT512534.1           -           3636         0 1027.2   0.0   1   1         0         0 1026.5   0.0     9   716  2923  3626  2918  3627 0.97 -
Cluster_56_aln       -            359 MT512534.1           -           3636  6.2e-213  698.7  20.0   1   1    2e-213  8.3e-213  698.3  19.1     1   359   924  1282   924  1282 1.00 -
Cluster_23_aln       -            347 MT512534.1           -           3636  6.4e-145  474.7   0.6   1   1  3.3e-145  1.3e-144  473.7   0.6     3   345  2076  2410  2074  2412 0.96 -
Cluster_61_aln       -            220 MT512534.1           -           3636  3.5e-130  424.4   0.0   1   1  1.5e-130  5.9e-130  423.6   0.0     1   219  2413  2631  2413  2632 0.99 -
Cluster_63_aln       -            180 MT512534.1           -           3636  3.2e-101  328.7   1.1   1   1  1.7e-101    7e-101  327.6   1.1     1   180     1   180     1   180 1.00 -
Cluster_26_aln       -            227 MT512534.1           -           3636   3.3e-85  277.6   0.5   1   1   1.6e-85   6.4e-85  276.7   0.5     3   212   294   499   292   510 0.96 -
Cluster_27_aln       -            198 MT512534.1           -           3636   3.1e-73  238.1   6.0   1   1   7.7e-74   3.1e-73  238.1   6.0     2   198   503   700   502   700 0.99 -
Cluster_24_aln       -            374 MT512534.1           -           3636   1.1e-56  185.0   7.5   1   1   2.8e-57   1.1e-56  185.0   7.5   100   372   699   940   695   942 0.90 -
Cluster_11_aln       -            627 MT512534.1           -           3636   6.7e-41  132.4   1.5   1   1   2.7e-41   1.1e-40  131.7   1.5    42   477  1372  1839  1358  1857 0.77 -
Cluster_21_aln       -            629 MT512534.1           -           3636   8.4e-38  122.1   0.7   1   1   3.2e-38   1.3e-37  121.5   0.7   129   486  1471  1845  1374  1862 0.76 -
Cluster_28_aln       -            101 MT512534.1           -           3636   2.4e-33  106.5   4.7   1   1   2.1e-33   8.6e-33  104.7   4.7     3    99   190   287   185   289 0.92 -
Cluster_29_aln       -             64 MT512534.1           -           3636   3.8e-27   86.5   0.0   1   1   2.2e-27     9e-27   85.3   0.0     1    61  2008  2068  2008  2072 0.94 -
Cluster_36_aln       -            498 MT512534.1           -           3636     2e-18   58.4   0.0   1   1   8.3e-19   3.3e-18   57.7   0.0     1   210  2413  2627  2413  2630 0.90 -
Cluster_19_aln       -            569 MT512534.1           -           3636     1e-17   55.8   0.0   1   1   4.2e-18   1.7e-17   55.1   0.0    43   411  3082  3478  3074  3491 0.76 -
Cluster_10_aln       -            594 MT512534.1           -           3636   2.9e-16   51.1   0.0   1   1   1.2e-16   4.9e-16   50.4   0.0   118   331  3153  3371  3143  3414 0.78 -
Cluster_1_aln        -            621 MT512534.1           -           3636   1.4e-15   48.8   0.2   1   1   5.9e-16   2.4e-15   48.0   0.2   119   481  1464  1842  1369  1862 0.73 -
Cluster_58_aln       -            487 MT512534.1           -           3636   3.6e-08   24.3   0.0   1   1   1.8e-08   7.4e-08   23.3   0.0     5   210  2416  2626  2413  2636 0.76 -
Cluster_20_aln       -            683 MT512535.1           -           3631         0 1093.9   5.4   1   1         0         0 1093.5   5.4     1   683  1320  2006  1320  2006 0.99 -
Cluster_18_aln       -            717 MT512535.1           -           3631         0 1027.2   0.0   1   1         0         0 1026.5   0.0     9   716  2923  3626  2918  3627 0.97 -
Cluster_56_aln       -            359 MT512535.1           -           3631  6.1e-213  698.8  20.0   1   1    2e-213  8.3e-213  698.3  19.1     1   359   924  1282   924  1282 1.00 -
Cluster_23_aln       -            347 MT512535.1           -           3631  6.4e-145  474.7   0.6   1   1  3.3e-145  1.3e-144  473.7   0.6     3   345  2076  2410  2074  2412 0.96 -
Cluster_61_aln       -            220 MT512535.1           -           3631  7.6e-130  423.3   0.0   1   1  3.1e-130  1.3e-129  422.6   0.0     1   219  2413  2631  2413  2632 0.99 -
Cluster_63_aln       -            180 MT512535.1           -           3631  3.2e-101  328.7   1.1   1   1  1.7e-101    7e-101  327.6   1.1     1   180     1   180     1   180 1.00 -
Cluster_26_aln       -            227 MT512535.1           -           3631   3.3e-85  277.6   0.5   1   1   1.6e-85   6.4e-85  276.7   0.5     3   212   294   499   292   510 0.96 -
Cluster_27_aln       -            198 MT512535.1           -           3631   3.1e-73  238.1   6.0   1   1   7.7e-74   3.1e-73  238.1   6.0     2   198   503   700   502   700 0.99 -
Cluster_24_aln       -            374 MT512535.1           -           3631   1.7e-56  184.5   7.5   1   1   4.1e-57   1.7e-56  184.5   7.5   100   372   699   940   695   942 0.90 -
Cluster_11_aln       -            627 MT512535.1           -           3631   6.7e-41  132.4   1.5   1   1   2.7e-41   1.1e-40  131.7   1.5    42   477  1372  1839  1358  1857 0.77 -
Cluster_21_aln       -            629 MT512535.1           -           3631   8.4e-38  122.1   0.7   1   1   3.2e-38   1.3e-37  121.5   0.7   129   486  1471  1845  1374  1862 0.76 -
Cluster_28_aln       -            101 MT512535.1           -           3631   2.4e-33  106.5   4.7   1   1   2.1e-33   8.6e-33  104.7   4.7     3    99   190   287   185   289 0.92 -
Cluster_29_aln       -             64 MT512535.1           -           3631   3.9e-27   86.4   0.0   1   1   2.2e-27     9e-27   85.3   0.0     1    61  2008  2068  2008  2072 0.94 -
Cluster_36_aln       -            498 MT512535.1           -           3631   3.6e-18   57.6   0.0   1   1   1.5e-18   6.1e-18   56.8   0.0     1   210  2413  2627  2413  2630 0.90 -
Cluster_19_aln       -            569 MT512535.1           -           3631     1e-17   55.8   0.0   1   1   4.2e-18   1.7e-17   55.1   0.0    43   411  3082  3478  3074  3491 0.76 -
Cluster_10_aln       -            594 MT512535.1           -           3631   2.9e-16   51.1   0.0   1   1   1.2e-16   4.9e-16   50.4   0.0   118   331  3153  3371  3143  3414 0.78 -
Cluster_1_aln        -            621 MT512535.1           -           3631   1.4e-15   48.8   0.2   1   1   5.9e-16   2.4e-15   48.0   0.2   119   481  1464  1842  1369  1862 0.73 -
Cluster_58_aln       -            487 MT512535.1           -           3631   6.6e-08   23.4   0.0   1   1   3.4e-08   1.4e-07   22.4   0.0     5   210  2416  2626  2413  2636 0.75 -
Cluster_20_aln       -            683 MT512537.1           -           3631         0 1093.9   5.4   1   1         0         0 1093.5   5.4     1   683  1320  2006  1320  2006 0.99 -
Cluster_18_aln       -            717 MT512537.1           -           3631         0 1027.2   0.0   1   1         0         0 1026.5   0.0     9   716  2923  3626  2918  3627 0.97 -
Cluster_56_aln       -            359 MT512537.1           -           3631  6.2e-213  698.7  20.0   1   1  1.9e-213  8.3e-213  698.3  19.1     1   359   924  1282   924  1282 1.00 -
Cluster_23_aln       -            347 MT512537.1           -           3631  6.5e-145  474.7   0.6   1   1  3.1e-145  1.3e-144  473.7   0.6     3   345  2076  2410  2074  2412 0.96 -
Cluster_63_aln       -            180 MT512537.1           -           3631  3.5e-101  328.6   1.1   1   1  1.6e-101    7e-101  327.6   1.1     1   180     1   180     1   180 1.00 -
Cluster_26_aln       -            227 MT512537.1           -           3631   3.4e-85  277.6   0.5   1   1   1.5e-85   6.4e-85  276.7   0.5     3   212   294   499   292   510 0.96 -
Cluster_27_aln       -            198 MT512537.1           -           3631   3.1e-73  238.1   6.0   1   1   7.3e-74   3.1e-73  238.1   6.0     2   198   503   700   502   700 0.99 -
Cluster_24_aln       -            374 MT512537.1           -           3631   3.2e-56  183.5   7.6   1   1   7.4e-57   3.2e-56  183.5   7.6   100   372   699   940   695   942 0.90 -
Cluster_11_aln       -            627 MT512537.1           -           3631   6.9e-41  132.4   1.5   1   1   2.6e-41   1.1e-40  131.7   1.5    42   477  1372  1839  1358  1857 0.77 -
Cluster_61_aln       -            220 MT512537.1           -           3631   3.5e-39  126.9   0.0   1   1   1.4e-39   6.1e-39  126.1   0.0     1    76  2413  2488  2413  2494 0.97 -
Cluster_21_aln       -            629 MT512537.1           -           3631   8.5e-38  122.1   0.7   1   1   3.1e-38   1.3e-37  121.5   0.7   129   486  1471  1845  1374  1862 0.76 -
Cluster_28_aln       -            101 MT512537.1           -           3631   2.5e-33  106.4   4.7   1   1     2e-33   8.6e-33  104.7   4.7     3    99   190   287   185   289 0.92 -
Cluster_29_aln       -             64 MT512537.1           -           3631   4.1e-27   86.4   0.0   1   1   2.1e-27     9e-27   85.3   0.0     1    61  2008  2068  2008  2072 0.94 -
Cluster_19_aln       -            569 MT512537.1           -           3631   1.1e-17   55.8   0.0   1   1     4e-18   1.7e-17   55.1   0.0    43   411  3082  3478  3074  3491 0.76 -
Cluster_10_aln       -            594 MT512537.1           -           3631     3e-16   51.1   0.0   1   1   1.1e-16   4.9e-16   50.4   0.0   118   331  3153  3371  3143  3414 0.78 -
Cluster_1_aln        -            621 MT512537.1           -           3631   1.4e-15   48.8   0.2   1   1   5.6e-16   2.4e-15   48.0   0.2   119   481  1464  1842  1369  1862 0.73 -
Cluster_36_aln       -            498 MT512537.1           -           3631   7.8e-07   20.2   0.0   1   1   3.1e-07   1.3e-06   19.4   0.0     1    64  2413  2476  2413  2483 0.91 -
Cluster_20_aln       -            683 MN080493.1           -           3636         0 1091.0   4.5   1   1         0         0 1090.7   4.5     1   683  1320  2006  1320  2006 0.99 -
Cluster_18_aln       -            717 MN080493.1           -           3636         0 1035.9   0.0   1   1         0         0 1035.2   0.0    10   716  2924  3626  2918  3627 0.96 -
Cluster_56_aln       -            359 MN080493.1           -           3636  1.4e-215  707.4  19.9   1   1  8.7e-216  3.5e-215  706.1  19.6     1   359   924  1282   924  1282 1.00 -
Cluster_23_aln       -            347 MN080493.1           -           3636  9.1e-145  474.3   0.9   1   1  4.5e-145  1.8e-144  473.3   0.9     3   345  2076  2410  2074  2412 0.96 -
Cluster_61_aln       -            220 MN080493.1           -           3636  1.7e-130  425.4   0.0   1   1  7.1e-131  2.9e-130  424.7   0.0     1   219  2413  2631  2413  2632 0.99 -
Cluster_63_aln       -            180 MN080493.1           -           3636  1.6e-104  339.4   0.7   1   1  8.8e-105  3.6e-104  338.3   0.7     1   180     1   180     1   180 1.00 -
Cluster_26_aln       -            227 MN080493.1           -           3636   4.8e-85  277.1   0.5   1   1   2.3e-85   9.3e-85  276.1   0.5     3   211   294   498   292   510 0.95 -
Cluster_27_aln       -            198 MN080493.1           -           3636   2.7e-73  238.3   5.8   1   1   6.7e-74   2.7e-73  238.3   5.8     2   198   503   700   502   700 0.99 -
Cluster_24_aln       -            374 MN080493.1           -           3636     9e-56  182.0   6.8   1   1   2.2e-56     9e-56  182.0   6.8   100   372   699   940   695   942 0.90 -
Cluster_11_aln       -            627 MN080493.1           -           3636   5.5e-41  132.7   1.4   1   1   2.3e-41   9.2e-41  132.0   1.4    42   477  1372  1839  1358  1859 0.77 -
Cluster_21_aln       -            629 MN080493.1           -           3636   6.9e-38  122.4   0.7   1   1   2.6e-38   1.1e-37  121.8   0.7   129   486  1471  1845  1374  1862 0.76 -
Cluster_28_aln       -            101 MN080493.1           -           3636   9.9e-33  104.5   4.2   1   1   7.9e-33   3.2e-32  102.9   4.2     3    99   190   287   185   289 0.92 -
Cluster_29_aln       -             64 MN080493.1           -           3636   1.7e-27   87.6   0.0   1   1   8.7e-28   3.5e-27   86.6   0.0     1    62  2008  2069  2008  2073 0.95 -
Cluster_19_aln       -            569 MN080493.1           -           3636   2.2e-18   58.0   0.0   1   1   8.7e-19   3.5e-18   57.3   0.0    42   410  3081  3477  3072  3490 0.78 -
Cluster_36_aln       -            498 MN080493.1           -           3636   2.6e-18   58.0   0.0   1   1   1.3e-18   5.1e-18   57.1   0.0     1   210  2413  2627  2413  2635 0.90 -
Cluster_10_aln       -            594 MN080493.1           -           3636   7.6e-17   53.0   0.0   1   1   3.4e-17   1.4e-16   52.2   0.0   117   330  3152  3370  3142  3413 0.79 -
Cluster_1_aln        -            621 MN080493.1           -           3636   8.3e-15   46.2   0.2   1   1   2.1e-15   8.3e-15   46.2   0.2   119   480  1464  1841  1369  1857 0.73 -
Cluster_20_aln       -            683 MK948872.1           -           3636         0 1087.5   5.4   1   1         0         0 1087.1   5.4     1   683  1320  2006  1320  2006 0.99 -
Cluster_18_aln       -            717 MK948872.1           -           3636         0 1015.6   0.0   1   1         0         0 1014.9   0.0    10   691  2924  3605  2918  3630 0.96 -
Cluster_56_aln       -            359 MK948872.1           -           3636  9.6e-211  691.5  17.1   1   1  5.4e-211  2.5e-210  690.2  17.1     1   359   924  1282   924  1282 1.00 -
Cluster_23_aln       -            347 MK948872.1           -           3636  1.5e-143  470.2   0.9   1   1  6.6e-144    3e-143  469.3   0.9    20   345  2090  2410  2074  2412 0.96 -
Cluster_61_aln       -            220 MK948872.1           -           3636  5.4e-122  397.6   0.0   1   1  2.2e-122    1e-121  396.7   0.0     1   219  2413  2631  2413  2632 0.99 -
Cluster_63_aln       -            180 MK948872.1           -           3636   5.2e-99  321.5   0.9   1   1   2.3e-99     1e-98  320.6   0.9     1   180     1   180     1   180 1.00 -
Cluster_26_aln       -            227 MK948872.1           -           3636   1.7e-84  275.3   0.2   1   1   7.4e-85   3.3e-84  274.3   0.2     3   212   294   499   292   510 0.95 -
Cluster_27_aln       -            198 MK948872.1           -           3636   1.6e-72  235.8   7.5   1   1   3.5e-73   1.6e-72  235.8   7.5     2   198   503   700   502   700 0.99 -
Cluster_24_aln       -            374 MK948872.1           -           3636   4.1e-57  186.4   7.9   1   1   9.1e-58   4.1e-57  186.4   7.9   100   372   699   940   695   942 0.90 -
Cluster_11_aln       -            627 MK948872.1           -           3636     1e-40  131.8   1.8   1   1   3.6e-41   1.6e-40  131.1   1.8    44   477  1374  1839  1357  1859 0.76 -
Cluster_21_aln       -            629 MK948872.1           -           3636   5.4e-38  122.8   0.8   1   1   1.9e-38   8.7e-38  122.1   0.8   129   486  1471  1845  1368  1862 0.76 -
Cluster_28_aln       -            101 MK948872.1           -           3636     2e-30   97.1   5.8   1   1   4.3e-31     2e-30   97.1   5.8     3    97   190   285   185   289 0.92 -
Cluster_29_aln       -             64 MK948872.1           -           3636   3.8e-27   86.5   0.0   1   1     2e-27   8.9e-27   85.3   0.0     1    62  2008  2069  2008  2072 0.95 -
Cluster_36_aln       -            498 MK948872.1           -           3636   4.7e-19   60.5   0.0   1   1   1.7e-19   7.9e-19   59.7   0.0     1   210  2413  2627  2413  2630 0.89 -
Cluster_19_aln       -            569 MK948872.1           -           3636   1.4e-17   55.3   0.0   1   1   5.1e-18   2.3e-17   54.6   0.0    43   411  3082  3478  3078  3491 0.76 -
Cluster_10_aln       -            594 MK948872.1           -           3636   4.6e-15   47.2   0.0   1   1   1.9e-15   8.8e-15   46.2   0.0   140   330  3172  3370  3146  3412 0.78 -
Cluster_58_aln       -            487 MK948872.1           -           3636   1.1e-06   19.5   0.0   1   1   4.4e-07     2e-06   18.5   0.0     8   210  2419  2626  2413  2637 0.74 -
Cluster_20_aln       -            683 MK948873.1           -           3636         0 1093.2   5.5   1   1         0         0 1092.9   5.5     1   683  1320  2006  1320  2006 0.99 -
Cluster_18_aln       -            717 MK948873.1           -           3636         0 1023.6   0.0   1   1         0         0 1022.9   0.0     9   708  2923  3618  2918  3628 0.95 -
Cluster_56_aln       -            359 MK948873.1           -           3636  2.2e-210  690.3  19.8   1   1  8.4e-211  3.6e-210  689.6  19.1     1   359   924  1282   924  1282 1.00 -
Cluster_23_aln       -            347 MK948873.1           -           3636  8.9e-145  474.3   0.6   1   1  4.5e-145  1.9e-144  473.2   0.6     4   345  2077  2410  2074  2412 0.96 -
Cluster_61_aln       -            220 MK948873.1           -           3636  4.6e-129  420.7   0.0   1   1  1.8e-129  7.5e-129  420.0   0.0     1   219  2413  2631  2413  2632 0.99 -
Cluster_63_aln       -            180 MK948873.1           -           3636  1.3e-102  333.2   0.9   1   1  6.9e-103  2.9e-102  332.1   0.9     1   180     1   180     1   180 1.00 -
Cluster_26_aln       -            227 MK948873.1           -           3636     3e-82  267.9   0.0   1   1   1.4e-82   5.8e-82  267.0   0.0     3   212   294   499   292   510 0.96 -
Cluster_27_aln       -            198 MK948873.1           -           3636   1.3e-73  239.3   6.9   1   1   3.1e-74   1.3e-73  239.3   6.9     2   198   503   700   502   700 0.99 -
Cluster_24_aln       -            374 MK948873.1           -           3636   5.8e-55  179.4   8.9   1   1   1.4e-55   5.8e-55  179.4   8.9   100   372   699   940   695   942 0.87 -
Cluster_11_aln       -            627 MK948873.1           -           3636   2.2e-41  134.0   1.9   1   1   8.3e-42   3.6e-41  133.3   1.9    42   477  1372  1839  1357  1857 0.77 -
Cluster_21_aln       -            629 MK948873.1           -           3636   3.1e-38  123.6   0.7   1   1   1.1e-38   4.8e-38  122.9   0.7   129   486  1471  1845  1374  1862 0.76 -
Cluster_28_aln       -            101 MK948873.1           -           3636   4.6e-33  105.6   6.2   1   1   3.8e-33   1.6e-32  103.8   6.2     6    99   190   287   185   289 0.92 -
Cluster_29_aln       -             64 MK948873.1           -           3636   4.1e-27   86.4   0.0   1   1   2.2e-27   9.4e-27   85.2   0.0     1    61  2008  2068  2008  2072 0.94 -
Cluster_36_aln       -            498 MK948873.1           -           3636   1.2e-17   55.8   0.0   1   1   5.1e-18   2.2e-17   55.0   0.0     1   210  2413  2627  2413  2631 0.90 -
Cluster_19_aln       -            569 MK948873.1           -           3636   3.1e-17   54.2   0.0   1   1   1.2e-17   5.1e-17   53.5   0.0    43   411  3082  3478  3073  3490 0.77 -
Cluster_10_aln       -            594 MK948873.1           -           3636   2.9e-16   51.1   0.0   1   1   1.2e-16   4.9e-16   50.4   0.0   117   331  3152  3371  3140  3419 0.80 -
Cluster_1_aln        -            621 MK948873.1           -           3636   7.6e-16   49.7   0.2   1   1   3.6e-16   1.6e-15   48.6   0.2   119   480  1464  1841  1368  1859 0.72 -
Cluster_20_aln       -            683 MN564752.1           -           3636         0 1092.9   4.6   1   1         0         0 1092.5   4.6     1   683  1320  2006  1320  2006 0.99 -
Cluster_18_aln       -            717 MN564752.1           -           3636         0 1022.9   0.0   1   1         0         0 1022.2   0.0     9   713  2923  3623  2918  3628 0.96 -
Cluster_56_aln       -            359 MN564752.1           -           3636  3.8e-213  699.4  19.8   1   1    1e-213  4.1e-213  699.3  18.4     1   359   924  1282   924  1282 1.00 -
Cluster_23_aln       -            347 MN564752.1           -           3636  5.1e-145  475.1   0.8   1   1  2.4e-145  9.6e-145  474.2   0.8     3   345  2076  2410  2074  2412 0.96 -
Cluster_61_aln       -            220 MN564752.1           -           3636  2.5e-128  418.3   0.0   1   1    1e-128  4.2e-128  417.6   0.0     1   219  2413  2631  2413  2632 0.99 -
Cluster_63_aln       -            180 MN564752.1           -           3636  7.1e-102  330.9   0.4   1   1  3.9e-102  1.6e-101  329.7   0.4     1   180     1   180     1   180 1.00 -
Cluster_26_aln       -            227 MN564752.1           -           3636   1.7e-82  268.8   0.7   1   1     8e-83   3.2e-82  267.8   0.7     3   212   294   499   292   510 0.96 -
Cluster_27_aln       -            198 MN564752.1           -           3636   6.6e-74  240.3   6.0   1   1   1.6e-74   6.6e-74  240.3   6.0     2   198   503   700   502   700 0.99 -
Cluster_24_aln       -            374 MN564752.1           -           3636   2.1e-56  184.1   7.6   1   1   5.3e-57   2.1e-56  184.1   7.6   100   372   699   940   695   942 0.90 -
Cluster_11_aln       -            627 MN564752.1           -           3636   5.8e-42  135.9   1.9   1   1   2.3e-42   9.4e-42  135.2   1.9    42   477  1372  1839  1357  1857 0.77 -
Cluster_21_aln       -            629 MN564752.1           -           3636   4.3e-38  123.1   0.8   1   1   1.6e-38   6.6e-38  122.5   0.8   129   486  1471  1845  1374  1862 0.76 -
Cluster_28_aln       -            101 MN564752.1           -           3636   2.2e-32  103.4   4.4   1   1     2e-32   8.2e-32  101.6   4.4     3    99   190   287   186   289 0.94 -
Cluster_29_aln       -             64 MN564752.1           -           3636   1.9e-27   87.4   0.0   1   1   1.1e-27   4.3e-27   86.3   0.0     1    61  2008  2068  2008  2072 0.94 -
Cluster_36_aln       -            498 MN564752.1           -           3636   1.8e-18   58.5   0.0   1   1   7.3e-19     3e-18   57.8   0.0     1   210  2413  2627  2413  2631 0.91 -
Cluster_19_aln       -            569 MN564752.1           -           3636   2.1e-17   54.8   0.0   1   1   8.3e-18   3.4e-17   54.1   0.0    43   411  3082  3478  3069  3491 0.77 -
Cluster_10_aln       -            594 MN564752.1           -           3636   1.4e-15   48.9   0.0   1   1   5.9e-16   2.4e-15   48.1   0.0   117   329  3152  3369  3141  3412 0.81 -
Cluster_1_aln        -            621 MN564752.1           -           3636   1.9e-15   48.4   0.2   1   1   7.9e-16   3.2e-15   47.6   0.2   119   481  1464  1842  1368  1862 0.72 -
Cluster_58_aln       -            487 MN564752.1           -           3636   2.2e-07   21.7   0.0   1   1   1.1e-07   4.5e-07   20.7   0.0     5   210  2416  2626  2413  2636 0.73 -
Cluster_20_aln       -            683 MN729215.1           -           3636         0 1086.2   6.4   1   1         0         0 1085.9   6.4     1   683  1320  2006  1320  2006 0.99 -
Cluster_18_aln       -            717 MN729215.1           -           3636    2e-306 1010.2   0.0   1   1  8.1e-307  3.3e-306 1009.5   0.0    10   691  2924  3605  2918  3630 0.96 -
Cluster_56_aln       -            359 MN729215.1           -           3636  1.4e-209  687.7  17.4   1   1  8.4e-210  3.4e-209  686.4  17.4     1   359   924  1282   924  1282 1.00 -
Cluster_23_aln       -            347 MN729215.1           -           3636  1.9e-143  469.9   1.3   1   1  8.5e-144  3.5e-143  469.1   1.3    28   345  2094  2410  2074  2412 0.96 -
Cluster_61_aln       -            220 MN729215.1           -           3636  1.5e-123  402.7   0.0   1   1  7.1e-124  2.9e-123  401.8   0.0     1   219  2413  2631  2413  2632 0.99 -
Cluster_63_aln       -            180 MN729215.1           -           3636   1.3e-97  317.0   0.8   1   1   6.5e-98   2.6e-97  316.0   0.8     1   180     1   180     1   180 1.00 -
Cluster_26_aln       -            227 MN729215.1           -           3636   1.1e-82  269.3   0.2   1   1   5.5e-83   2.2e-82  268.3   0.2     3   212   294   499   292   510 0.92 -
Cluster_27_aln       -            198 MN729215.1           -           3636   1.5e-72  235.9   7.5   1   1   3.8e-73   1.5e-72  235.9   7.5     2   198   503   700   502   700 0.99 -
Cluster_24_aln       -            374 MN729215.1           -           3636   1.6e-56  184.5   9.3   1   1   3.9e-57   1.6e-56  184.5   9.3   100   372   699   940   695   942 0.90 -
Cluster_11_aln       -            627 MN729215.1           -           3636   2.6e-39  127.1   2.0   1   1   1.1e-39   4.3e-39  126.4   2.0    44   477  1374  1839  1358  1859 0.76 -
Cluster_21_aln       -            629 MN729215.1           -           3636   1.7e-37  121.1   1.1   1   1   6.7e-38   2.7e-37  120.4   1.1    96   486  1433  1845  1355  1862 0.75 -
Cluster_28_aln       -            101 MN729215.1           -           3636   1.9e-31  100.4   6.2   1   1   1.3e-31   5.3e-31   99.0   6.2     3    97   190   285   185   289 0.90 -
Cluster_29_aln       -             64 MN729215.1           -           3636   5.8e-27   85.9   0.0   1   1   3.3e-27   1.4e-26   84.7   0.0     1    62  2008  2069  2008  2072 0.95 -
Cluster_36_aln       -            498 MN729215.1           -           3636   2.3e-19   61.5   0.0   1   1   9.3e-20   3.8e-19   60.8   0.0     1   210  2413  2627  2413  2630 0.88 -
Cluster_19_aln       -            569 MN729215.1           -           3636     3e-16   50.9   0.0   1   1   1.2e-16     5e-16   50.2   0.0    43   408  3082  3475  3078  3489 0.76 -
Cluster_1_aln        -            621 MN729215.1           -           3636   5.1e-16   50.2   0.4   1   1   2.2e-16   9.1e-16   49.4   0.4   119   481  1464  1842  1366  1868 0.73 -
Cluster_10_aln       -            594 MN729215.1           -           3636   6.4e-14   43.4   0.0   1   1     3e-14   1.2e-13   42.5   0.0   156   330  3193  3370  3152  3417 0.80 -
Cluster_58_aln       -            487 MN729215.1           -           3636   9.3e-07   19.7   0.0   1   1   4.4e-07   1.8e-06   18.7   0.0     8   210  2419  2626  2413  2637 0.72 -
Cluster_20_aln       -            683 MH307700.1           -           3636         0 1091.0   4.5   1   1         0         0 1090.7   4.5     1   683  1320  2006  1320  2006 0.99 -
Cluster_18_aln       -            717 MH307700.1           -           3636         0 1034.9   0.0   1   1         0         0 1034.2   0.0    10   714  2924  3624  2918  3629 0.96 -
Cluster_56_aln       -            359 MH307700.1           -           3636    1e-215  707.9  19.9   1   1    6e-216  2.4e-215  706.6  19.5     1   359   924  1282   924  1282 1.00 -
Cluster_23_aln       -            347 MH307700.1           -           3636  8.8e-145  474.3   0.9   1   1  4.5e-145  1.8e-144  473.3   0.9     3   345  2076  2410  2074  2412 0.96 -
Cluster_61_aln       -            220 MH307700.1           -           3636  1.7e-130  425.4   0.0   1   1  7.1e-131  2.9e-130  424.7   0.0     1   219  2413  2631  2413  2632 0.99 -
Cluster_63_aln       -            180 MH307700.1           -           3636  2.8e-105  341.9   0.9   1   1  1.5e-105  6.2e-105  340.8   0.9     1   180     1   180     1   180 1.00 -
Cluster_26_aln       -            227 MH307700.1           -           3636   4.8e-85  277.1   0.5   1   1   2.3e-85   9.3e-85  276.1   0.5     3   211   294   498   292   510 0.95 -
Cluster_27_aln       -            198 MH307700.1           -           3636   2.7e-73  238.3   5.8   1   1   6.7e-74   2.7e-73  238.3   5.8     2   198   503   700   502   700 0.99 -
Cluster_24_aln       -            374 MH307700.1           -           3636     1e-55  181.9   6.7   1   1   2.5e-56     1e-55  181.9   6.7   100   372   699   940   695   942 0.90 -
Cluster_11_aln       -            627 MH307700.1           -           3636   5.5e-41  132.7   1.4   1   1   2.3e-41   9.2e-41  132.0   1.4    42   477  1372  1839  1358  1859 0.77 -
Cluster_21_aln       -            629 MH307700.1           -           3636   6.8e-38  122.4   0.7   1   1   2.6e-38   1.1e-37  121.8   0.7   129   486  1471  1845  1374  1862 0.76 -
Cluster_28_aln       -            101 MH307700.1           -           3636   9.8e-33  104.5   4.2   1   1   7.9e-33   3.2e-32  102.9   4.2     3    99   190   287   185   289 0.92 -
Cluster_29_aln       -             64 MH307700.1           -           3636   1.7e-27   87.6   0.0   1   1   8.7e-28   3.5e-27   86.6   0.0     1    62  2008  2069  2008  2073 0.95 -
Cluster_19_aln       -            569 MH307700.1           -           3636   1.9e-18   58.2   0.0   1   1   7.5e-19     3e-18   57.5   0.0    42   410  3081  3477  3072  3490 0.78 -
Cluster_36_aln       -            498 MH307700.1           -           3636   2.6e-18   58.0   0.0   1   1   1.3e-18   5.1e-18   57.1   0.0     1   210  2413  2627  2413  2635 0.90 -
Cluster_10_aln       -            594 MH307700.1           -           3636   6.5e-17   53.3   0.0   1   1   2.9e-17   1.2e-16   52.4   0.0   117   330  3152  3370  3142  3413 0.79 -
Cluster_1_aln        -            621 MH307700.1           -           3636   8.3e-15   46.2   0.2   1   1   2.1e-15   8.3e-15   46.2   0.2   119   480  1464  1841  1369  1857 0.73 -
Cluster_20_aln       -            683 MN584737.1           -           3636         0 1089.8   4.5   1   1         0         0 1089.5   4.5     1   683  1320  2006  1320  2006 0.99 -
Cluster_18_aln       -            717 MN584737.1           -           3636         0 1030.6   0.1   1   1         0         0 1030.0   0.1    10   692  2924  3608  2918  3631 0.95 -
Cluster_56_aln       -            359 MN584737.1           -           3636  2.3e-208  683.7  17.9   1   1  2.5e-208  9.6e-208  681.7  18.4     1   359   924  1282   924  1282 1.00 -
Cluster_23_aln       -            347 MN584737.1           -           3636  6.9e-144  471.4   1.0   1   1  1.8e-144  6.9e-144  471.4   1.0     5   345  2078  2410  2074  2412 0.95 -
Cluster_61_aln       -            220 MN584737.1           -           3636  3.1e-125  408.2   0.0   1   1  1.4e-125  5.2e-125  407.5   0.0     1   219  2413  2631  2413  2632 0.99 -
Cluster_63_aln       -            180 MN584737.1           -           3636   3.6e-91  296.0   0.8   1   1   1.9e-91   7.4e-91  295.0   0.8     1   180     1   180     1   180 1.00 -
Cluster_26_aln       -            227 MN584737.1           -           3636   3.7e-84  274.2   0.5   1   1   1.9e-84   7.5e-84  273.2   0.5     3   213   294   500   292   512 0.95 -
Cluster_27_aln       -            198 MN584737.1           -           3636     7e-73  237.0   6.4   1   1   1.8e-73     7e-73  237.0   6.4     2   198   503   700   502   700 0.99 -
Cluster_24_aln       -            374 MN584737.1           -           3636   1.7e-56  184.4   8.2   1   1   4.5e-57   1.7e-56  184.4   8.2   100   372   699   940   695   942 0.89 -
Cluster_11_aln       -            627 MN584737.1           -           3636   2.1e-40  130.7   2.3   1   1     9e-41   3.5e-40  130.0   2.3    44   477  1374  1839  1358  1857 0.77 -
Cluster_21_aln       -            629 MN584737.1           -           3636     5e-38  122.9   1.1   1   1     2e-38   7.7e-38  122.3   1.1   129   486  1471  1845  1371  1862 0.76 -
Cluster_28_aln       -            101 MN584737.1           -           3636   1.9e-31  100.4   4.8   1   1   1.6e-31   6.4e-31   98.7   4.8     5    98   189   286   185   289 0.91 -
Cluster_29_aln       -             64 MN584737.1           -           3636   7.1e-27   85.6   0.1   1   1   4.3e-27   1.6e-26   84.4   0.1     1    61  2008  2068  2008  2072 0.94 -
Cluster_36_aln       -            498 MN584737.1           -           3636   1.2e-20   65.7   0.0   1   1   7.8e-21     3e-20   64.4   0.0     1   210  2413  2627  2413  2631 0.89 -
Cluster_19_aln       -            569 MN584737.1           -           3636   3.3e-19   60.7   0.0   1   1   1.4e-19   5.5e-19   60.0   0.0    43   411  3082  3478  3073  3490 0.77 -
Cluster_10_aln       -            594 MN584737.1           -           3636   2.3e-16   51.5   0.0   1   1   1.1e-16   4.1e-16   50.6   0.0   117   330  3152  3370  3140  3419 0.79 -
Cluster_1_aln        -            621 MN584737.1           -           3636   1.5e-15   48.7   0.3   1   1   6.5e-16   2.5e-15   48.0   0.3   128   481  1472  1842  1365  1862 0.70 -
Cluster_58_aln       -            487 MN584737.1           -           3636   8.6e-10   29.7   0.0   1   1   4.9e-10   1.9e-09   28.5   0.0     5   211  2416  2627  2413  2636 0.79 -
Cluster_20_aln       -            683 MK629522.1           -           3636         0 1082.1   5.8   1   1         0         0 1081.8   5.8     1   683  1320  2006  1320  2006 0.99 -
Cluster_18_aln       -            717 MK629522.1           -           3636         0 1012.2   0.0   1   1         0         0 1011.5   0.0    10   690  2924  3604  2918  3627 0.96 -
Cluster_56_aln       -            359 MK629522.1           -           3636  1.3e-209  687.8  15.9   1   1  3.1e-210  1.3e-209  687.8  15.9     1   359   924  1282   924  1282 1.00 -
Cluster_23_aln       -            347 MK629522.1           -           3636  3.5e-144  472.3   1.4   1   1  1.6e-144  6.4e-144  471.5   1.4    21   345  2091  2410  2074  2412 0.95 -
Cluster_61_aln       -            220 MK629522.1           -           3636  1.1e-122  399.8   0.0   1   1  5.2e-123  2.1e-122  399.0   0.0     1   219  2413  2631  2413  2632 0.99 -
Cluster_63_aln       -            180 MK629522.1           -           3636   7.9e-97  314.4   0.8   1   1   3.7e-97   1.5e-96  313.5   0.8     1   180     1   180     1   180 1.00 -
Cluster_26_aln       -            227 MK629522.1           -           3636   2.6e-80  261.6   0.1   1   1   1.3e-80   5.2e-80  260.6   0.1     3   212   294   499   292   510 0.95 -
Cluster_27_aln       -            198 MK629522.1           -           3636   7.1e-72  233.7   6.8   1   1   1.7e-72   7.1e-72  233.7   6.8     2   198   503   700   502   700 0.99 -
Cluster_24_aln       -            374 MK629522.1           -           3636   2.5e-57  187.1   8.4   1   1   3.7e-57   1.5e-56  184.6   8.4   100   372   699   940   695   942 0.90 -
Cluster_11_aln       -            627 MK629522.1           -           3636   7.3e-42  135.6   1.9   1   1   2.9e-42   1.2e-41  134.9   1.9    44   477  1374  1839  1357  1859 0.76 -
Cluster_21_aln       -            629 MK629522.1           -           3636   3.9e-38  123.2   0.8   1   1   1.6e-38   6.4e-38  122.5   0.8    81   486  1416  1845  1362  1862 0.74 -
Cluster_28_aln       -            101 MK629522.1           -           3636   2.2e-31  100.2   6.5   1   1   5.4e-32   2.2e-31  100.2   6.5     3    97   190   285   185   289 0.92 -
Cluster_29_aln       -             64 MK629522.1           -           3636   3.8e-27   86.5   0.0   1   1   2.2e-27   8.9e-27   85.3   0.0     1    62  2008  2069  2008  2072 0.95 -
Cluster_36_aln       -            498 MK629522.1           -           3636   6.4e-19   60.0   0.0   1   1   2.7e-19   1.1e-18   59.3   0.0     1   210  2413  2627  2413  2630 0.88 -
Cluster_19_aln       -            569 MK629522.1           -           3636   3.2e-16   50.9   0.0   1   1   1.3e-16   5.2e-16   50.2   0.0    43   411  3082  3478  3078  3490 0.77 -
Cluster_1_aln        -            621 MK629522.1           -           3636   1.6e-15   48.6   0.1   1   1   6.8e-16   2.8e-15   47.8   0.1   119   481  1464  1842  1402  1868 0.75 -
Cluster_10_aln       -            594 MK629522.1           -           3636     2e-15   48.3   0.0   1   1     1e-15   4.1e-15   47.3   0.0   140   330  3172  3370  3147  3413 0.78 -
Cluster_58_aln       -            487 MK629522.1           -           3636   1.3e-06   19.2   0.0   1   1   5.7e-07   2.3e-06   18.4   0.0     3   210  2415  2626  2413  2637 0.74 -
Cluster_20_aln       -            683 MK728876.1           -           3615         0 1093.6   4.8   1   1         0         0 1093.2   4.8     1   683  1300  1986  1300  1986 0.99 -
Cluster_18_aln       -            717 MK728876.1           -           3615         0 1025.1   0.0   1   1         0         0 1024.5   0.0     9   715  2903  3605  2898  3607 0.96 -
Cluster_56_aln       -            359 MK728876.1           -           3615  1.5e-211  694.2  17.6   1   1  8.8e-212  3.6e-211  692.9  17.6     1   359   904  1262   904  1262 1.00 -
Cluster_23_aln       -            347 MK728876.1           -           3615  9.4e-145  474.2   0.6   1   1  4.3e-145  1.7e-144  473.3   0.6     3   345  2056  2390  2054  2392 0.96 -
Cluster_61_aln       -            220 MK728876.1           -           3615  1.9e-128  418.7   0.0   1   1  7.8e-129  3.2e-128  418.0   0.0     1   220  2393  2612  2393  2612 1.00 -
Cluster_63_aln       -            180 MK728876.1           -           3615   5.7e-91  295.3   0.4   1   1   2.9e-91   1.2e-90  294.3   0.4    21   180     1   160     1   160 1.00 -
Cluster_26_aln       -            227 MK728876.1           -           3615   8.5e-84  273.0   0.3   1   1     4e-84   1.6e-83  272.1   0.3     3   213   274   480   272   491 0.96 -
Cluster_27_aln       -            198 MK728876.1           -           3615   1.8e-73  238.9   5.1   1   1   4.5e-74   1.8e-73  238.9   5.1     2   198   483   680   482   680 0.99 -
Cluster_24_aln       -            374 MK728876.1           -           3615   3.4e-56  183.4   6.1   1   1   6.8e-56   2.7e-55  180.4   6.1   100   372   679   920   675   922 0.91 -
Cluster_11_aln       -            627 MK728876.1           -           3615   1.3e-40  131.5   1.6   1   1   5.1e-41   2.1e-40  130.8   1.6    43   477  1353  1819  1340  1837 0.77 -
Cluster_21_aln       -            629 MK728876.1           -           3615   7.5e-38  122.3   0.9   1   1   2.9e-38   1.2e-37  121.7   0.9   129   486  1451  1825  1355  1842 0.76 -
Cluster_28_aln       -            101 MK728876.1           -           3615   5.4e-32  102.2   5.0   1   1   4.9e-32     2e-31  100.3   5.0     3    99   170   267   165   269 0.92 -
Cluster_29_aln       -             64 MK728876.1           -           3615   3.7e-27   86.5   0.0   1   1   2.1e-27   8.5e-27   85.4   0.0     1    61  1988  2048  1988  2052 0.94 -
Cluster_36_aln       -            498 MK728876.1           -           3615   9.1e-19   59.5   0.0   1   1   3.7e-19   1.5e-18   58.8   0.0     1   210  2393  2607  2393  2611 0.90 -
Cluster_19_aln       -            569 MK728876.1           -           3615   6.1e-18   56.6   0.0   1   1   2.4e-18   9.9e-18   55.9   0.0    43   411  3062  3458  3053  3471 0.77 -
Cluster_10_aln       -            594 MK728876.1           -           3615   4.4e-16   50.5   0.0   1   1   1.8e-16   7.4e-16   49.8   0.0   120   331  3135  3351  3123  3395 0.77 -
Cluster_1_aln        -            621 MK728876.1           -           3615   3.4e-15   47.5   0.1   1   1   8.4e-16   3.4e-15   47.5   0.1   119   481  1444  1822  1349  1842 0.73 -
Cluster_58_aln       -            487 MK728876.1           -           3615   7.6e-07   19.9   0.0   1   1   3.4e-07   1.4e-06   19.1   0.0     5   210  2396  2606  2393  2614 0.72 -
Cluster_20_aln       -            683 MN099163.1           -           3636         0 1094.3   5.2   1   1         0         0 1094.0   5.2     1   683  1320  2006  1320  2006 0.99 -
Cluster_18_aln       -            717 MN099163.1           -           3636         0 1032.3   0.0   1   1         0         0 1031.6   0.0     9   715  2923  3625  2918  3627 0.96 -
Cluster_56_aln       -            359 MN099163.1           -           3636  5.9e-212  695.5  18.4   1   1  2.5e-212    1e-211  694.8  17.7     1   359   924  1282   924  1282 1.00 -
Cluster_23_aln       -            347 MN099163.1           -           3636  7.3e-145  474.6   1.0   1   1  3.7e-145  1.5e-144  473.5   1.0     3   345  2076  2410  2074  2412 0.96 -
Cluster_61_aln       -            220 MN099163.1           -           3636  1.3e-128  419.2   0.0   1   1  5.5e-129  2.2e-128  418.5   0.0     1   219  2413  2631  2413  2632 0.99 -
Cluster_63_aln       -            180 MN099163.1           -           3636  9.9e-102  330.4   2.0   1   1  5.3e-102  2.2e-101  329.3   2.0     1   180     1   180     1   180 1.00 -
Cluster_26_aln       -            227 MN099163.1           -           3636     9e-85  276.2   0.2   1   1   4.3e-85   1.8e-84  275.2   0.2     3   212   294   499   292   511 0.95 -
Cluster_27_aln       -            198 MN099163.1           -           3636   1.6e-73  239.1   5.5   1   1   3.9e-74   1.6e-73  239.1   5.5     2   198   503   700   502   700 0.99 -
Cluster_24_aln       -            374 MN099163.1           -           3636   5.8e-56  182.7   6.3   1   1   1.4e-56   5.8e-56  182.7   6.3   100   372   699   940   695   942 0.90 -
Cluster_11_aln       -            627 MN099163.1           -           3636   8.5e-41  132.1   1.5   1   1   3.4e-41   1.4e-40  131.4   1.5    42   477  1372  1839  1357  1858 0.76 -
Cluster_21_aln       -            629 MN099163.1           -           3636   6.2e-38  122.6   0.7   1   1   2.4e-38   9.6e-38  121.9   0.7   129   486  1471  1845  1374  1862 0.76 -
Cluster_28_aln       -            101 MN099163.1           -           3636   2.6e-32  103.1   5.5   1   1   2.3e-32   9.3e-32  101.4   5.5     3    99   190   287   185   289 0.92 -
Cluster_29_aln       -             64 MN099163.1           -           3636   1.8e-27   87.5   0.0   1   1     1e-27   4.1e-27   86.4   0.0     1    61  2008  2068  2008  2072 0.94 -
Cluster_36_aln       -            498 MN099163.1           -           3636   1.1e-18   59.2   0.0   1   1   4.9e-19     2e-18   58.4   0.0     1   210  2413  2627  2413  2630 0.91 -
Cluster_19_aln       -            569 MN099163.1           -           3636   6.4e-18   56.5   0.0   1   1   2.5e-18     1e-17   55.8   0.0    43   411  3082  3478  3073  3491 0.77 -
Cluster_10_aln       -            594 MN099163.1           -           3636   8.2e-17   52.9   0.0   1   1   3.6e-17   1.5e-16   52.1   0.0   117   331  3152  3371  3143  3413 0.79 -
Cluster_1_aln        -            621 MN099163.1           -           3636   2.5e-15   48.0   0.2   1   1   6.1e-16   2.5e-15   48.0   0.2   119   481  1464  1842  1368  1865 0.72 -
Cluster_20_aln       -            683 MN099164.1           -           3636         0 1095.7   5.4   1   1         0         0 1095.4   5.4     1   683  1320  2006  1320  2006 0.99 -
Cluster_18_aln       -            717 MN099164.1           -           3636         0 1031.0   0.0   1   1         0         0 1030.3   0.0     9   714  2923  3624  2918  3627 0.96 -
Cluster_56_aln       -            359 MN099164.1           -           3636  9.2e-213  698.2  18.7   1   1  3.8e-213  1.5e-212  697.4  18.0     1   359   924  1282   924  1282 1.00 -
Cluster_23_aln       -            347 MN099164.1           -           3636  7.3e-145  474.6   1.0   1   1  3.7e-145  1.5e-144  473.5   1.0     3   345  2076  2410  2074  2412 0.96 -
Cluster_61_aln       -            220 MN099164.1           -           3636  1.3e-128  419.2   0.0   1   1  5.5e-129  2.2e-128  418.5   0.0     1   219  2413  2631  2413  2632 0.99 -
Cluster_63_aln       -            180 MN099164.1           -           3636  9.9e-102  330.4   2.0   1   1  5.3e-102  2.2e-101  329.3   2.0     1   180     1   180     1   180 1.00 -
Cluster_26_aln       -            227 MN099164.1           -           3636   7.7e-85  276.4   0.3   1   1   3.7e-85   1.5e-84  275.5   0.3     3   211   294   498   292   510 0.95 -
Cluster_27_aln       -            198 MN099164.1           -           3636     2e-73  238.7   6.0   1   1     5e-74     2e-73  238.7   6.0     2   198   503   700   502   700 0.99 -
Cluster_24_aln       -            374 MN099164.1           -           3636   5.8e-56  182.7   6.3   1   1   1.4e-56   5.8e-56  182.7   6.3   100   372   699   940   695   942 0.90 -
Cluster_11_aln       -            627 MN099164.1           -           3636   5.3e-41  132.7   1.8   1   1   2.1e-41   8.6e-41  132.1   1.8    42   477  1372  1839  1357  1858 0.77 -
Cluster_21_aln       -            629 MN099164.1           -           3636     5e-38  122.9   0.8   1   1   1.9e-38   7.7e-38  122.3   0.8   129   486  1471  1845  1374  1862 0.76 -
Cluster_28_aln       -            101 MN099164.1           -           3636   2.6e-32  103.1   5.5   1   1   2.3e-32   9.3e-32  101.4   5.5     3    99   190   287   185   289 0.92 -
Cluster_29_aln       -             64 MN099164.1           -           3636   1.8e-27   87.5   0.0   1   1     1e-27   4.1e-27   86.4   0.0     1    61  2008  2068  2008  2072 0.94 -
Cluster_36_aln       -            498 MN099164.1           -           3636   1.1e-18   59.2   0.0   1   1   4.9e-19     2e-18   58.4   0.0     1   210  2413  2627  2413  2630 0.91 -
Cluster_19_aln       -            569 MN099164.1           -           3636   7.1e-18   56.3   0.0   1   1   2.8e-18   1.1e-17   55.6   0.0    43   411  3082  3478  3073  3490 0.77 -
Cluster_10_aln       -            594 MN099164.1           -           3636   8.2e-17   52.9   0.0   1   1   3.6e-17   1.5e-16   52.1   0.0   117   331  3152  3371  3143  3413 0.79 -
Cluster_1_aln        -            621 MN099164.1           -           3636   1.8e-15   48.4   0.2   1   1   4.5e-16   1.8e-15   48.4   0.2   119   481  1464  1842  1368  1865 0.73 -
Cluster_20_aln       -            683 MN099165.1           -           3636         0 1095.8   5.2   1   1         0         0 1095.5   5.2     1   683  1320  2006  1320  2006 0.99 -
Cluster_18_aln       -            717 MN099165.1           -           3636         0 1029.7   0.0   1   1         0         0 1029.0   0.0     9   706  2923  3624  2918  3633 0.95 -
Cluster_56_aln       -            359 MN099165.1           -           3636  2.3e-211  693.6  19.5   1   1    9e-212  3.9e-211  692.8  18.7     1   359   924  1282   924  1282 1.00 -
Cluster_23_aln       -            347 MN099165.1           -           3636  2.9e-144  472.6   0.9   1   1  1.4e-144  5.9e-144  471.6   0.9     3   345  2076  2410  2074  2412 0.96 -
Cluster_61_aln       -            220 MN099165.1           -           3636    3e-128  418.1   0.0   1   1  1.2e-128    5e-128  417.3   0.0     1   219  2413  2631  2413  2632 0.99 -
Cluster_63_aln       -            180 MN099165.1           -           3636  2.8e-101  328.9   2.4   1   1  1.3e-101  5.7e-101  327.9   2.4     1   180     1   180     1   180 1.00 -
Cluster_26_aln       -            227 MN099165.1           -           3636   3.6e-84  274.2   0.2   1   1   1.6e-84     7e-84  273.3   0.2     3   212   294   499   292   510 0.96 -
Cluster_27_aln       -            198 MN099165.1           -           3636     2e-73  238.7   6.0   1   1   4.7e-74     2e-73  238.7   6.0     2   198   503   700   502   700 0.99 -
Cluster_24_aln       -            374 MN099165.1           -           3636     3e-56  183.6   7.2   1   1   6.9e-57     3e-56  183.6   7.2   100   372   699   940   695   942 0.90 -
Cluster_11_aln       -            627 MN099165.1           -           3636   2.6e-41  133.8   1.7   1   1   9.8e-42   4.2e-41  133.1   1.7    42   477  1372  1839  1357  1858 0.77 -
Cluster_21_aln       -            629 MN099165.1           -           3636   4.3e-38  123.1   0.7   1   1   1.6e-38   6.8e-38  122.4   0.7   129   486  1471  1845  1374  1862 0.76 -
Cluster_28_aln       -            101 MN099165.1           -           3636   2.5e-32  103.2   5.8   1   1   2.1e-32   9.1e-32  101.4   5.8     3    99   190   287   185   289 0.93 -
Cluster_29_aln       -             64 MN099165.1           -           3636   1.8e-27   87.5   0.0   1   1   9.7e-28   4.1e-27   86.4   0.0     1    61  2008  2068  2008  2072 0.94 -
Cluster_36_aln       -            498 MN099165.1           -           3636   1.3e-18   59.1   0.0   1   1   5.2e-19   2.2e-18   58.3   0.0     1   210  2413  2627  2413  2635 0.91 -
Cluster_19_aln       -            569 MN099165.1           -           3636   9.9e-18   55.8   0.0   1   1   3.8e-18   1.6e-17   55.2   0.0    43   411  3082  3478  3073  3491 0.77 -
Cluster_10_aln       -            594 MN099165.1           -           3636     7e-17   53.2   0.0   1   1     3e-17   1.3e-16   52.3   0.0   117   331  3152  3371  3143  3413 0.80 -
Cluster_1_aln        -            621 MN099165.1           -           3636   1.9e-15   48.4   0.2   1   1   4.4e-16   1.9e-15   48.4   0.2   119   481  1464  1842  1368  1865 0.73 -
Cluster_20_aln       -            683 MN099166.1           -           3636         0 1095.7   5.4   1   1         0         0 1095.4   5.4     1   683  1320  2006  1320  2006 0.99 -
Cluster_18_aln       -            717 MN099166.1           -           3636         0 1030.3   0.0   1   1         0         0 1029.6   0.0     9   694  2923  3610  2918  3629 0.96 -
Cluster_56_aln       -            359 MN099166.1           -           3636  6.1e-212  695.5  19.1   1   1  2.5e-212    1e-211  694.7  18.4     1   359   924  1282   924  1282 1.00 -
Cluster_23_aln       -            347 MN099166.1           -           3636  1.9e-145  476.5   0.9   1   1  9.7e-146  3.9e-145  475.4   0.9     3   345  2076  2410  2074  2412 0.96 -
Cluster_61_aln       -            220 MN099166.1           -           3636  6.4e-128  417.0   0.0   1   1  2.7e-128  1.1e-127  416.2   0.0     1   219  2413  2631  2413  2632 0.99 -
Cluster_63_aln       -            180 MN099166.1           -           3636  1.8e-101  329.5   1.9   1   1    1e-101    4e-101  328.4   1.9     1   180     1   180     1   180 1.00 -
Cluster_26_aln       -            227 MN099166.1           -           3636   1.6e-84  275.4   0.2   1   1   7.4e-85     3e-84  274.5   0.2     3   212   294   499   292   510 0.96 -
Cluster_27_aln       -            198 MN099166.1           -           3636   3.1e-73  238.1   5.4   1   1   7.6e-74   3.1e-73  238.1   5.4     2   198   503   700   502   700 0.99 -
Cluster_24_aln       -            374 MN099166.1           -           3636   4.5e-56  183.0   5.4   1   1   1.1e-56   4.5e-56  183.0   5.4   101   372   700   940   695   942 0.89 -
Cluster_11_aln       -            627 MN099166.1           -           3636   5.3e-41  132.7   1.8   1   1   2.1e-41   8.6e-41  132.1   1.8    42   477  1372  1839  1357  1858 0.77 -
Cluster_21_aln       -            629 MN099166.1           -           3636   4.9e-38  122.9   0.8   1   1   1.9e-38   7.7e-38  122.3   0.8   129   486  1471  1845  1374  1862 0.76 -
Cluster_28_aln       -            101 MN099166.1           -           3636   2.5e-32  103.2   5.8   1   1   2.2e-32   9.1e-32  101.4   5.8     3    99   190   287   185   289 0.93 -
Cluster_29_aln       -             64 MN099166.1           -           3636   1.8e-27   87.5   0.0   1   1     1e-27   4.1e-27   86.4   0.0     1    61  2008  2068  2008  2072 0.94 -
Cluster_36_aln       -            498 MN099166.1           -           3636   1.4e-18   59.0   0.0   1   1     6e-19   2.4e-18   58.1   0.0     1   210  2413  2627  2413  2635 0.91 -
Cluster_19_aln       -            569 MN099166.1           -           3636   9.9e-18   55.9   0.0   1   1   3.9e-18   1.6e-17   55.2   0.0    43   411  3082  3478  3073  3490 0.77 -
Cluster_10_aln       -            594 MN099166.1           -           3636   7.2e-17   53.1   0.0   1   1   3.2e-17   1.3e-16   52.3   0.0   117   331  3152  3371  3142  3413 0.80 -
Cluster_1_aln        -            621 MN099166.1           -           3636   1.8e-15   48.4   0.2   1   1   4.5e-16   1.8e-15   48.4   0.2   119   481  1464  1842  1368  1865 0.73 -
Cluster_20_aln       -            683 MN099167.1           -           3636         0 1095.7   5.4   1   1         0         0 1095.4   5.4     1   683  1320  2006  1320  2006 0.99 -
Cluster_18_aln       -            717 MN099167.1           -           3636         0 1030.8   0.0   1   1         0         0 1030.1   0.0     9   694  2923  3610  2918  3629 0.96 -
Cluster_56_aln       -            359 MN099167.1           -           3636  2.3e-212  696.8  19.9   1   1  9.5e-213  3.9e-212  696.1  19.2     1   359   924  1282   924  1282 1.00 -
Cluster_23_aln       -            347 MN099167.1           -           3636  1.9e-145  476.5   0.9   1   1  9.7e-146  3.9e-145  475.4   0.9     3   345  2076  2410  2074  2412 0.96 -
Cluster_61_aln       -            220 MN099167.1           -           3636    3e-128  418.1   0.0   1   1  1.2e-128    5e-128  417.3   0.0     1   219  2413  2631  2413  2632 0.99 -
Cluster_63_aln       -            180 MN099167.1           -           3636  1.4e-102  333.2   1.6   1   1  7.7e-103  3.1e-102  332.0   1.6     1   180     1   180     1   180 1.00 -
Cluster_26_aln       -            227 MN099167.1           -           3636   1.6e-84  275.4   0.2   1   1   7.4e-85     3e-84  274.5   0.2     3   212   294   499   292   510 0.96 -
Cluster_27_aln       -            198 MN099167.1           -           3636     2e-73  238.7   6.0   1   1     5e-74     2e-73  238.7   6.0     2   198   503   700   502   700 0.99 -
Cluster_24_aln       -            374 MN099167.1           -           3636   1.3e-55  181.5   6.1   1   1   3.3e-56   1.3e-55  181.5   6.1   100   372   699   940   695   942 0.89 -
Cluster_11_aln       -            627 MN099167.1           -           3636   5.3e-41  132.7   1.8   1   1   2.1e-41   8.6e-41  132.1   1.8    42   477  1372  1839  1357  1858 0.77 -
Cluster_21_aln       -            629 MN099167.1           -           3636   4.9e-38  122.9   0.8   1   1   1.9e-38   7.7e-38  122.3   0.8   129   486  1471  1845  1374  1862 0.76 -
Cluster_28_aln       -            101 MN099167.1           -           3636   1.7e-32  103.8   5.1   1   1   1.6e-32   6.5e-32  101.9   5.1     3    99   190   287   186   289 0.93 -
Cluster_29_aln       -             64 MN099167.1           -           3636   1.8e-27   87.5   0.0   1   1     1e-27   4.1e-27   86.4   0.0     1    61  2008  2068  2008  2072 0.94 -
Cluster_36_aln       -            498 MN099167.1           -           3636   1.3e-18   59.1   0.0   1   1   5.4e-19   2.2e-18   58.3   0.0     1   210  2413  2627  2413  2635 0.91 -
Cluster_19_aln       -            569 MN099167.1           -           3636   4.2e-18   57.1   0.0   1   1   1.7e-18   6.8e-18   56.4   0.0    43   411  3082  3478  3073  3491 0.77 -
Cluster_10_aln       -            594 MN099167.1           -           3636   3.4e-17   54.2   0.0   1   1   1.5e-17   6.2e-17   53.3   0.0   117   331  3152  3371  3141  3413 0.80 -
Cluster_1_aln        -            621 MN099167.1           -           3636   1.8e-15   48.4   0.2   1   1   4.5e-16   1.8e-15   48.4   0.2   119   481  1464  1842  1368  1865 0.73 -
Cluster_20_aln       -            683 MN099168.1           -           3636         0 1095.7   5.4   1   1         0         0 1095.4   5.4     1   683  1320  2006  1320  2006 0.99 -
Cluster_18_aln       -            717 MN099168.1           -           3636         0 1029.7   0.0   1   1         0         0 1029.0   0.0     9   706  2923  3624  2918  3633 0.95 -
Cluster_56_aln       -            359 MN099168.1           -           3636  3.4e-212  696.3  19.4   1   1  1.3e-212  5.7e-212  695.6  18.7     1   359   924  1282   924  1282 1.00 -
Cluster_23_aln       -            347 MN099168.1           -           3636  6.6e-145  474.7   1.0   1   1  3.1e-145  1.3e-144  473.7   1.0     3   345  2076  2410  2074  2412 0.96 -
Cluster_61_aln       -            220 MN099168.1           -           3636  3.3e-128  417.9   0.0   1   1  1.3e-128  5.6e-128  417.2   0.0     1   219  2413  2631  2413  2632 0.99 -
Cluster_63_aln       -            180 MN099168.1           -           3636  4.2e-102  331.6   2.3   1   1  2.1e-102  9.1e-102  330.5   2.3     1   180     1   180     1   180 1.00 -
Cluster_26_aln       -            227 MN099168.1           -           3636   3.5e-84  274.2   0.2   1   1   1.6e-84     7e-84  273.3   0.2     3   212   294   499   292   510 0.96 -
Cluster_27_aln       -            198 MN099168.1           -           3636   3.1e-73  238.1   5.8   1   1   7.2e-74   3.1e-73  238.1   5.8     2   198   503   700   502   700 0.99 -
Cluster_24_aln       -            374 MN099168.1           -           3636   2.7e-56  183.7   7.6   1   1   6.3e-57   2.7e-56  183.7   7.6   100   372   699   940   695   942 0.90 -
Cluster_11_aln       -            627 MN099168.1           -           3636   5.3e-41  132.7   1.8   1   1     2e-41   8.6e-41  132.1   1.8    42   477  1372  1839  1357  1858 0.77 -
Cluster_21_aln       -            629 MN099168.1           -           3636   4.9e-38  122.9   0.8   1   1   1.8e-38   7.7e-38  122.3   0.8   129   486  1471  1845  1374  1862 0.76 -
Cluster_28_aln       -            101 MN099168.1           -           3636   2.5e-32  103.2   5.8   1   1   2.1e-32   9.1e-32  101.4   5.8     3    99   190   287   185   289 0.93 -
Cluster_29_aln       -             64 MN099168.1           -           3636   1.8e-27   87.5   0.0   1   1   9.7e-28   4.1e-27   86.4   0.0     1    61  2008  2068  2008  2072 0.94 -
Cluster_36_aln       -            498 MN099168.1           -           3636   1.5e-18   58.8   0.0   1   1     6e-19   2.6e-18   58.1   0.0     1   210  2413  2627  2413  2635 0.91 -
Cluster_19_aln       -            569 MN099168.1           -           3636     1e-17   55.8   0.0   1   1   3.8e-18   1.6e-17   55.2   0.0    43   411  3082  3478  3073  3491 0.77 -
Cluster_10_aln       -            594 MN099168.1           -           3636   7.1e-17   53.2   0.0   1   1     3e-17   1.3e-16   52.3   0.0   117   331  3152  3371  3143  3413 0.80 -
Cluster_1_aln        -            621 MN099168.1           -           3636   1.8e-15   48.4   0.2   1   1   4.3e-16   1.8e-15   48.4   0.2   119   481  1464  1842  1368  1865 0.73 -
Cluster_20_aln       -            683 MN099169.1           -           3636         0 1095.7   5.4   1   1         0         0 1095.4   5.4     1   683  1320  2006  1320  2006 0.99 -
Cluster_18_aln       -            717 MN099169.1           -           3636         0 1029.5   0.0   1   1         0         0 1028.8   0.0     9   693  2923  3609  2918  3630 0.96 -
Cluster_56_aln       -            359 MN099169.1           -           3636  2.3e-211  693.6  19.3   1   1  8.2e-212  3.3e-211  693.0  18.5     1   359   924  1282   924  1282 1.00 -
Cluster_23_aln       -            347 MN099169.1           -           3636  1.9e-145  476.5   0.9   1   1  9.7e-146  3.9e-145  475.4   0.9     3   345  2076  2410  2074  2412 0.96 -
Cluster_61_aln       -            220 MN099169.1           -           3636  6.5e-128  417.0   0.0   1   1  2.7e-128  1.1e-127  416.2   0.0     1   219  2413  2631  2413  2632 0.99 -
Cluster_63_aln       -            180 MN099169.1           -           3636  3.6e-101  328.6   2.1   1   1    2e-101  7.9e-101  327.4   2.1     1   180     1   180     1   180 1.00 -
Cluster_26_aln       -            227 MN099169.1           -           3636   2.3e-84  274.8   0.2   1   1   1.1e-84   4.5e-84  273.9   0.2     3   212   294   499   292   510 0.96 -
Cluster_27_aln       -            198 MN099169.1           -           3636   3.1e-73  238.1   5.4   1   1   7.6e-74   3.1e-73  238.1   5.4     2   198   503   700   502   700 0.99 -
Cluster_24_aln       -            374 MN099169.1           -           3636   8.4e-57  185.4   6.1   1   1   1.5e-56   6.1e-56  182.6   6.1   100   372   699   940   695   942 0.90 -
Cluster_11_aln       -            627 MN099169.1           -           3636   5.3e-41  132.7   1.8   1   1   2.1e-41   8.6e-41  132.1   1.8    42   477  1372  1839  1357  1858 0.77 -
Cluster_21_aln       -            629 MN099169.1           -           3636   4.9e-38  122.9   0.8   1   1   1.9e-38   7.7e-38  122.3   0.8   129   486  1471  1845  1374  1862 0.76 -
Cluster_28_aln       -            101 MN099169.1           -           3636   2.5e-32  103.2   5.8   1   1   2.2e-32   9.1e-32  101.4   5.8     3    99   190   287   185   289 0.93 -
Cluster_29_aln       -             64 MN099169.1           -           3636   1.8e-27   87.5   0.0   1   1     1e-27   4.1e-27   86.4   0.0     1    61  2008  2068  2008  2072 0.94 -
Cluster_36_aln       -            498 MN099169.1           -           3636   1.2e-18   59.2   0.0   1   1   5.1e-19   2.1e-18   58.4   0.0     1   210  2413  2627  2413  2637 0.90 -
Cluster_19_aln       -            569 MN099169.1           -           3636   9.9e-18   55.9   0.0   1   1   3.9e-18   1.6e-17   55.2   0.0    43   411  3082  3478  3073  3490 0.77 -
Cluster_10_aln       -            594 MN099169.1           -           3636   7.1e-17   53.1   0.0   1   1   3.2e-17   1.3e-16   52.3   0.0   117   331  3152  3371  3142  3413 0.80 -
Cluster_1_aln        -            621 MN099169.1           -           3636   1.8e-15   48.4   0.2   1   1   4.5e-16   1.8e-15   48.4   0.2   119   481  1464  1842  1368  1865 0.73 -
Cluster_20_aln       -            683 MN099170.1           -           3636         0 1093.2   5.0   1   1         0         0 1092.8   5.0     1   683  1320  2006  1320  2006 0.99 -
Cluster_18_aln       -            717 MN099170.1           -           3636         0 1029.5   0.1   1   1         0         0 1028.9   0.1     9   706  2923  3624  2918  3633 0.95 -
Cluster_56_aln       -            359 MN099170.1           -           3636  3.4e-212  696.3  19.4   1   1  1.3e-212  5.7e-212  695.6  18.7     1   359   924  1282   924  1282 1.00 -
Cluster_23_aln       -            347 MN099170.1           -           3636  6.4e-145  474.7   1.0   1   1  3.1e-145  1.3e-144  473.7   1.0     3   345  2076  2410  2074  2412 0.96 -
Cluster_61_aln       -            220 MN099170.1           -           3636  3.3e-128  417.9   0.0   1   1  1.3e-128  5.6e-128  417.2   0.0     1   219  2413  2631  2413  2632 0.99 -
Cluster_63_aln       -            180 MN099170.1           -           3636  1.7e-101  329.6   1.8   1   1  8.6e-102  3.7e-101  328.5   1.8     1   180     1   180     1   180 1.00 -
Cluster_26_aln       -            227 MN099170.1           -           3636   3.5e-84  274.2   0.2   1   1   1.6e-84     7e-84  273.3   0.2     3   212   294   499   292   510 0.96 -
Cluster_27_aln       -            198 MN099170.1           -           3636   3.1e-73  238.1   5.8   1   1   7.2e-74   3.1e-73  238.1   5.8     2   198   503   700   502   700 0.99 -
Cluster_24_aln       -            374 MN099170.1           -           3636   2.4e-56  183.9   7.5   1   1   5.7e-57   2.4e-56  183.9   7.5   100   372   699   940   695   942 0.90 -
Cluster_11_aln       -            627 MN099170.1           -           3636   6.8e-41  132.4   1.5   1   1   2.6e-41   1.1e-40  131.7   1.5    42   477  1372  1839  1357  1858 0.76 -
Cluster_21_aln       -            629 MN099170.1           -           3636   6.7e-38  122.5   0.7   1   1   2.5e-38   1.1e-37  121.8   0.7   129   486  1471  1845  1374  1862 0.76 -
Cluster_28_aln       -            101 MN099170.1           -           3636   2.5e-32  103.2   5.8   1   1   2.1e-32   9.1e-32  101.4   5.8     3    99   190   287   185   289 0.93 -
Cluster_29_aln       -             64 MN099170.1           -           3636   1.8e-27   87.5   0.0   1   1   9.7e-28   4.1e-27   86.4   0.0     1    61  2008  2068  2008  2072 0.94 -
Cluster_36_aln       -            498 MN099170.1           -           3636   1.5e-18   58.8   0.0   1   1     6e-19   2.6e-18   58.1   0.0     1   210  2413  2627  2413  2635 0.91 -
Cluster_19_aln       -            569 MN099170.1           -           3636   6.9e-18   56.4   0.0   1   1   2.6e-18   1.1e-17   55.7   0.0    43   411  3082  3478  3073  3491 0.77 -
Cluster_10_aln       -            594 MN099170.1           -           3636     5e-17   53.6   0.0   1   1   2.1e-17   9.1e-17   52.8   0.0   117   331  3152  3371  3143  3413 0.80 -
Cluster_1_aln        -            621 MN099170.1           -           3636   2.2e-15   48.2   0.2   1   1     5e-16   2.2e-15   48.2   0.2   119   481  1464  1842  1368  1865 0.73 -
Cluster_20_aln       -            683 MF590069.1           -           3636         0 1094.2   5.4   1   1         0         0 1093.9   5.4     1   683  1320  2006  1320  2006 0.99 -
Cluster_18_aln       -            717 MF590069.1           -           3636         0 1028.2   0.0   1   1         0         0 1027.5   0.0     9   713  2923  3623  2918  3627 0.96 -
Cluster_56_aln       -            359 MF590069.1           -           3636    1e-209  688.1  17.4   1   1  1.1e-209  4.2e-209  686.1  17.7     1   359   924  1282   924  1282 1.00 -
Cluster_23_aln       -            347 MF590069.1           -           3636  1.6e-145  476.8   0.6   1   1  9.1e-146  3.5e-145  475.6   0.6     3   345  2076  2410  2074  2412 0.96 -
Cluster_61_aln       -            220 MF590069.1           -           3636    5e-127  414.1   0.0   1   1  2.2e-127  8.4e-127  413.3   0.0     1   219  2413  2631  2413  2632 0.99 -
Cluster_63_aln       -            180 MF590069.1           -           3636    5e-100  324.8   1.1   1   1  2.9e-100   1.1e-99  323.7   1.1     1   180     1   180     1   180 1.00 -
Cluster_26_aln       -            227 MF590069.1           -           3636   6.9e-85  276.5   0.3   1   1   3.5e-85   1.3e-84  275.6   0.3     3   211   294   498   292   510 0.95 -
Cluster_27_aln       -            198 MF590069.1           -           3636   3.2e-73  238.1   5.8   1   1   8.2e-74   3.2e-73  238.1   5.8     2   198   503   700   502   700 0.99 -
Cluster_24_aln       -            374 MF590069.1           -           3636   2.3e-54  177.4   7.5   1   1     6e-55   2.3e-54  177.4   7.5   100   372   699   940   695   942 0.90 -
Cluster_11_aln       -            627 MF590069.1           -           3636   1.2e-40  131.6   1.9   1   1   4.9e-41   1.9e-40  130.9   1.9    44   477  1374  1839  1358  1857 0.77 -
Cluster_21_aln       -            629 MF590069.1           -           3636   3.1e-38  123.6   0.8   1   1   1.2e-38   4.8e-38  122.9   0.8   129   486  1471  1845  1371  1862 0.75 -
Cluster_28_aln       -            101 MF590069.1           -           3636   1.7e-32  103.8   4.8   1   1   1.7e-32   6.6e-32  101.9   4.8     3    99   190   287   185   289 0.92 -
Cluster_29_aln       -             64 MF590069.1           -           3636   8.2e-27   85.4   0.0   1   1     5e-27   1.9e-26   84.2   0.0     1    61  2008  2068  2008  2072 0.94 -
Cluster_36_aln       -            498 MF590069.1           -           3636   1.7e-19   62.0   0.0   1   1   7.6e-20   2.9e-19   61.2   0.0     1   210  2413  2627  2413  2630 0.87 -
Cluster_19_aln       -            569 MF590069.1           -           3636   2.8e-19   61.0   0.0   1   1   1.2e-19   4.6e-19   60.3   0.0    43   411  3082  3478  3073  3491 0.77 -
Cluster_10_aln       -            594 MF590069.1           -           3636   9.5e-17   52.7   0.0   1   1   4.5e-17   1.7e-16   51.9   0.0   117   331  3152  3371  3138  3418 0.80 -
Cluster_1_aln        -            621 MF590069.1           -           3636     2e-15   48.3   0.3   1   1   5.1e-16     2e-15   48.3   0.3   119   481  1464  1842  1365  1862 0.71 -
Cluster_58_aln       -            487 MF590069.1           -           3636   3.4e-09   27.7   0.0   1   1   1.6e-09   6.1e-09   26.9   0.0     5   210  2416  2626  2413  2635 0.80 -
Cluster_20_aln       -            683 MK378658.1           -           3596         0 1091.0   6.0   1   1         0         0 1090.7   6.0     1   683  1320  2006  1320  2006 0.99 -
Cluster_18_aln       -            717 MK378658.1           -           3596         0 1012.3   0.0   1   1         0         0 1011.7   0.0    10   681  2924  3595  2918  3596 0.98 -
Cluster_56_aln       -            359 MK378658.1           -           3596    5e-211  692.4  17.8   1   1  2.3e-211    1e-210  691.4  17.8     1   359   924  1282   924  1282 1.00 -
Cluster_23_aln       -            347 MK378658.1           -           3596    9e-144  471.0   1.2   1   1  3.9e-144  1.8e-143  470.0   1.2    28   345  2094  2410  2074  2412 0.96 -
Cluster_61_aln       -            220 MK378658.1           -           3596  2.2e-120  392.3   0.0   1   1  8.6e-121  3.9e-120  391.5   0.0     1   219  2413  2631  2413  2632 0.99 -
Cluster_63_aln       -            180 MK378658.1           -           3596     2e-96  313.1   0.6   1   1   8.8e-97     4e-96  312.1   0.6     1   180     1   180     1   180 1.00 -
Cluster_26_aln       -            227 MK378658.1           -           3596   9.6e-85  276.1   0.5   1   1   4.1e-85   1.9e-84  275.1   0.5     3   212   294   499   292   510 0.95 -
Cluster_27_aln       -            198 MK378658.1           -           3596   4.4e-72  234.4   7.0   1   1   9.7e-73   4.4e-72  234.4   7.0     2   198   503   700   502   700 0.99 -
Cluster_24_aln       -            374 MK378658.1           -           3596   1.7e-56  184.4   8.5   1   1   3.9e-57   1.7e-56  184.4   8.5   100   372   699   940   695   942 0.91 -
Cluster_11_aln       -            627 MK378658.1           -           3596   1.5e-40  131.2   2.0   1   1   5.4e-41   2.5e-40  130.5   2.0    44   477  1374  1839  1357  1859 0.76 -
Cluster_21_aln       -            629 MK378658.1           -           3596   5.8e-38  122.7   1.0   1   1   2.1e-38   9.5e-38  122.0   1.0   129   486  1471  1845  1367  1862 0.75 -
Cluster_28_aln       -            101 MK378658.1           -           3596   6.7e-32  101.8   7.3   1   1   4.7e-32   2.1e-31  100.2   7.3     3    97   190   285   185   289 0.92 -
Cluster_29_aln       -             64 MK378658.1           -           3596   2.5e-27   87.1   0.0   1   1   1.3e-27   5.9e-27   85.9   0.0     1    62  2008  2069  2008  2072 0.95 -
Cluster_36_aln       -            498 MK378658.1           -           3596   2.9e-19   61.2   0.0   1   1   1.1e-19   4.8e-19   60.5   0.0     1   210  2413  2627  2413  2631 0.88 -
Cluster_19_aln       -            569 MK378658.1           -           3596   3.1e-18   57.5   0.0   1   1   1.2e-18   5.2e-18   56.8   0.0    43   411  3082  3478  3078  3491 0.77 -
Cluster_10_aln       -            594 MK378658.1           -           3596   4.8e-16   50.4   0.0   1   1     2e-16   9.2e-16   49.5   0.0   140   331  3172  3371  3117  3418 0.79 -
Cluster_1_aln        -            621 MK378658.1           -           3596     8e-16   49.6   0.4   1   1   3.1e-16   1.4e-15   48.8   0.4   119   481  1464  1842  1365  1868 0.72 -
Cluster_20_aln       -            683 MK216749.1           -           3636         0 1088.7   4.4   1   1         0         0 1088.4   4.4     1   683  1320  2006  1320  2006 0.99 -
Cluster_18_aln       -            717 MK216749.1           -           3636         0 1030.1   0.1   1   1         0         0 1029.5   0.1    10   690  2924  3604  2918  3629 0.96 -
Cluster_56_aln       -            359 MK216749.1           -           3636  2.7e-208  683.5  18.4   1   1  2.4e-208  9.3e-208  681.7  18.5     1   359   924  1282   924  1282 1.00 -
Cluster_23_aln       -            347 MK216749.1           -           3636  5.9e-144  471.6   1.1   1   1  1.5e-144  5.9e-144  471.6   1.1     5   345  2078  2410  2074  2412 0.95 -
Cluster_61_aln       -            220 MK216749.1           -           3636  4.7e-125  407.6   0.0   1   1    2e-125  7.8e-125  406.9   0.0     1   219  2413  2631  2413  2632 0.99 -
Cluster_63_aln       -            180 MK216749.1           -           3636   4.8e-91  295.6   1.0   1   1   2.6e-91   9.8e-91  294.6   1.0     1   180     1   180     1   180 1.00 -
Cluster_26_aln       -            227 MK216749.1           -           3636   2.9e-84  274.5   0.4   1   1   1.6e-84     6e-84  273.5   0.4     3   211   294   498   292   509 0.95 -
Cluster_27_aln       -            198 MK216749.1           -           3636   1.4e-72  236.0   6.6   1   1   3.5e-73   1.4e-72  236.0   6.6     3   198   504   700   502   700 0.99 -
Cluster_24_aln       -            374 MK216749.1           -           3636   1.5e-55  181.3   7.0   1   1   3.8e-56   1.5e-55  181.3   7.0   100   372   699   940   695   942 0.89 -
Cluster_11_aln       -            627 MK216749.1           -           3636   2.1e-40  130.7   2.3   1   1     9e-41   3.5e-40  130.0   2.3    44   477  1374  1839  1358  1857 0.77 -
Cluster_21_aln       -            629 MK216749.1           -           3636     5e-38  122.9   1.1   1   1     2e-38   7.7e-38  122.3   1.1   129   486  1471  1845  1371  1862 0.76 -
Cluster_28_aln       -            101 MK216749.1           -           3636   1.9e-31  100.4   4.8   1   1   1.6e-31   6.4e-31   98.7   4.8     5    98   189   286   185   289 0.91 -
Cluster_29_aln       -             64 MK216749.1           -           3636   6.8e-27   85.7   0.1   1   1   4.3e-27   1.6e-26   84.4   0.1     1    61  2008  2068  2008  2072 0.94 -
Cluster_36_aln       -            498 MK216749.1           -           3636   1.7e-20   65.2   0.0   1   1   8.8e-21   3.4e-20   64.2   0.0     1   210  2413  2627  2413  2631 0.87 -
Cluster_19_aln       -            569 MK216749.1           -           3636   6.2e-19   59.8   0.0   1   1   2.6e-19     1e-18   59.1   0.0    43   411  3082  3478  3073  3490 0.77 -
Cluster_10_aln       -            594 MK216749.1           -           3636   1.7e-16   51.9   0.0   1   1     8e-17   3.1e-16   51.1   0.0   116   330  3151  3370  3138  3419 0.79 -
Cluster_1_aln        -            621 MK216749.1           -           3636   1.5e-15   48.7   0.3   1   1   6.5e-16   2.5e-15   48.0   0.3   128   481  1472  1842  1365  1862 0.70 -
Cluster_58_aln       -            487 MK216749.1           -           3636   1.3e-09   29.1   0.0   1   1   7.8e-10     3e-09   27.9   0.0     5   211  2416  2627  2413  2635 0.78 -
Cluster_20_aln       -            683 MK216750.1           -           3636         0 1088.7   4.4   1   1         0         0 1088.4   4.4     1   683  1320  2006  1320  2006 0.99 -
Cluster_18_aln       -            717 MK216750.1           -           3636         0 1030.1   0.1   1   1         0         0 1029.5   0.1    10   690  2924  3604  2918  3629 0.96 -
Cluster_56_aln       -            359 MK216750.1           -           3636    3e-208  683.3  18.6   1   1  2.7e-208  1.1e-207  681.5  18.7     1   359   924  1282   924  1282 1.00 -
Cluster_23_aln       -            347 MK216750.1           -           3636  5.9e-144  471.6   1.1   1   1  1.5e-144  5.9e-144  471.6   1.1     5   345  2078  2410  2074  2412 0.95 -
Cluster_61_aln       -            220 MK216750.1           -           3636  4.7e-125  407.6   0.0   1   1    2e-125  7.8e-125  406.9   0.0     1   219  2413  2631  2413  2632 0.99 -
Cluster_63_aln       -            180 MK216750.1           -           3636   8.6e-92  298.0   1.0   1   1   4.5e-92   1.7e-91  297.0   1.0     1   180     1   180     1   180 1.00 -
Cluster_26_aln       -            227 MK216750.1           -           3636   2.8e-84  274.5   0.4   1   1   1.5e-84   5.9e-84  273.5   0.4     3   211   294   498   292   509 0.95 -
Cluster_27_aln       -            198 MK216750.1           -           3636   1.4e-72  236.0   6.6   1   1   3.5e-73   1.4e-72  236.0   6.6     3   198   504   700   502   700 0.99 -
Cluster_24_aln       -            374 MK216750.1           -           3636   2.9e-55  180.4   7.6   1   1   7.5e-56   2.9e-55  180.4   7.6   101   372   700   940   695   942 0.87 -
Cluster_11_aln       -            627 MK216750.1           -           3636   2.1e-40  130.7   2.3   1   1     9e-41   3.5e-40  130.0   2.3    44   477  1374  1839  1358  1857 0.77 -
Cluster_21_aln       -            629 MK216750.1           -           3636     5e-38  122.9   1.1   1   1     2e-38   7.7e-38  122.3   1.1   129   486  1471  1845  1371  1862 0.76 -
Cluster_28_aln       -            101 MK216750.1           -           3636   1.9e-31  100.4   4.8   1   1   1.6e-31   6.4e-31   98.7   4.8     5    98   189   286   185   289 0.91 -
Cluster_29_aln       -             64 MK216750.1           -           3636   7.1e-27   85.6   0.1   1   1   4.3e-27   1.6e-26   84.4   0.1     1    61  2008  2068  2008  2072 0.94 -
Cluster_36_aln       -            498 MK216750.1           -           3636   1.7e-20   65.2   0.0   1   1   8.8e-21   3.4e-20   64.2   0.0     1   210  2413  2627  2413  2631 0.87 -
Cluster_19_aln       -            569 MK216750.1           -           3636   6.2e-19   59.8   0.0   1   1   2.6e-19     1e-18   59.1   0.0    43   411  3082  3478  3073  3490 0.77 -
Cluster_10_aln       -            594 MK216750.1           -           3636   1.7e-16   51.9   0.0   1   1     8e-17   3.1e-16   51.1   0.0   116   330  3151  3370  3138  3419 0.79 -
Cluster_1_aln        -            621 MK216750.1           -           3636   1.5e-15   48.7   0.3   1   1   6.5e-16   2.5e-15   48.0   0.3   128   481  1472  1842  1365  1862 0.70 -
Cluster_58_aln       -            487 MK216750.1           -           3636   1.3e-09   29.1   0.0   1   1   7.8e-10     3e-09   27.9   0.0     5   211  2416  2627  2413  2635 0.78 -
Cluster_20_aln       -            683 MK216751.1           -           3636         0 1088.5   4.6   1   1         0         0 1088.2   4.6     1   683  1320  2006  1320  2006 0.99 -
Cluster_18_aln       -            717 MK216751.1           -           3636         0 1031.2   0.1   1   1         0         0 1030.5   0.1    10   690  2924  3604  2918  3629 0.96 -
Cluster_56_aln       -            359 MK216751.1           -           3636  2.7e-208  683.5  18.4   1   1  2.3e-208  9.3e-208  681.7  18.5     1   359   924  1282   924  1282 1.00 -
Cluster_23_aln       -            347 MK216751.1           -           3636  5.9e-144  471.6   1.1   1   1  1.5e-144  5.9e-144  471.6   1.1     5   345  2078  2410  2074  2412 0.95 -
Cluster_61_aln       -            220 MK216751.1           -           3636    2e-123  402.3   0.0   1   1    8e-124  3.3e-123  401.6   0.0     1   219  2413  2631  2413  2632 0.99 -
Cluster_63_aln       -            180 MK216751.1           -           3636   8.6e-92  298.0   1.0   1   1   4.3e-92   1.7e-91  297.0   1.0     1   180     1   180     1   180 1.00 -
Cluster_26_aln       -            227 MK216751.1           -           3636   3.7e-84  274.2   0.4   1   1   1.9e-84   7.5e-84  273.2   0.4     3   211   294   498   292   509 0.95 -
Cluster_27_aln       -            198 MK216751.1           -           3636   9.5e-73  236.5   6.5   1   1   2.3e-73   9.5e-73  236.5   6.5     3   198   504   700   502   700 0.99 -
Cluster_24_aln       -            374 MK216751.1           -           3636   1.6e-55  181.2   8.1   1   1     4e-56   1.6e-55  181.2   8.1   101   372   700   940   695   942 0.88 -
Cluster_11_aln       -            627 MK216751.1           -           3636   1.8e-40  131.0   2.1   1   1     7e-41   2.8e-40  130.3   2.1    44   477  1374  1839  1358  1858 0.76 -
Cluster_21_aln       -            629 MK216751.1           -           3636   5.2e-38  122.8   1.0   1   1     2e-38   8.2e-38  122.2   1.0   129   486  1471  1845  1371  1862 0.76 -
Cluster_28_aln       -            101 MK216751.1           -           3636   1.9e-31  100.4   4.8   1   1   1.6e-31   6.4e-31   98.7   4.8     5    98   189   286   185   289 0.91 -
Cluster_29_aln       -             64 MK216751.1           -           3636     7e-27   85.6   0.1   1   1   4.1e-27   1.6e-26   84.4   0.1     1    61  2008  2068  2008  2072 0.94 -
Cluster_36_aln       -            498 MK216751.1           -           3636   2.2e-20   64.9   0.0   1   1   1.5e-20     6e-20   63.4   0.0     1   210  2413  2627  2413  2630 0.90 -
Cluster_19_aln       -            569 MK216751.1           -           3636   2.2e-19   61.3   0.0   1   1     9e-20   3.7e-19   60.6   0.0    43   411  3082  3478  3073  3490 0.77 -
Cluster_10_aln       -            594 MK216751.1           -           3636   1.7e-16   51.9   0.0   1   1   7.5e-17     3e-16   51.1   0.0   116   330  3151  3370  3138  3419 0.79 -
Cluster_1_aln        -            621 MK216751.1           -           3636   1.4e-15   48.8   0.2   1   1   5.6e-16   2.3e-15   48.1   0.2   128   482  1472  1843  1365  1862 0.70 -
Cluster_58_aln       -            487 MK216751.1           -           3636   8.1e-09   26.4   0.0   1   1   4.9e-09     2e-08   25.1   0.0     5   211  2416  2627  2413  2636 0.76 -
Cluster_20_aln       -            683 MK216752.1           -           3636         0 1088.7   4.4   1   1         0         0 1088.4   4.4     1   683  1320  2006  1320  2006 0.99 -
Cluster_18_aln       -            717 MK216752.1           -           3636         0 1030.1   0.1   1   1         0         0 1029.5   0.1    10   691  2924  3605  2918  3631 0.96 -
Cluster_56_aln       -            359 MK216752.1           -           3636  2.6e-208  683.5  18.4   1   1  2.4e-208  9.3e-208  681.7  18.5     1   359   924  1282   924  1282 1.00 -
Cluster_23_aln       -            347 MK216752.1           -           3636  5.9e-144  471.6   1.1   1   1  1.5e-144  5.9e-144  471.6   1.1     5   345  2078  2410  2074  2412 0.95 -
Cluster_61_aln       -            220 MK216752.1           -           3636  6.6e-125  407.1   0.0   1   1  2.9e-125  1.1e-124  406.4   0.0     1   219  2413  2631  2413  2632 0.99 -
Cluster_63_aln       -            180 MK216752.1           -           3636     8e-92  298.1   0.9   1   1   4.3e-92   1.6e-91  297.1   0.9     1   180     1   180     1   180 1.00 -
Cluster_26_aln       -            227 MK216752.1           -           3636   2.4e-83  271.5   0.5   1   1   1.3e-83   4.9e-83  270.5   0.5     3   211   294   498   292   509 0.95 -
Cluster_27_aln       -            198 MK216752.1           -           3636   5.8e-72  234.0   6.4   1   1   1.5e-72   5.8e-72  234.0   6.4     3   198   504   700   502   700 0.99 -
Cluster_24_aln       -            374 MK216752.1           -           3636   1.5e-55  181.3   8.0   1   1   3.9e-56   1.5e-55  181.3   8.0   100   372   699   940   695   942 0.89 -
Cluster_11_aln       -            627 MK216752.1           -           3636   2.1e-40  130.7   2.3   1   1     9e-41   3.5e-40  130.0   2.3    44   477  1374  1839  1358  1857 0.77 -
Cluster_21_aln       -            629 MK216752.1           -           3636     5e-38  122.9   1.1   1   1     2e-38   7.7e-38  122.3   1.1   129   486  1471  1845  1371  1862 0.76 -
Cluster_28_aln       -            101 MK216752.1           -           3636   1.9e-31  100.4   4.8   1   1   1.6e-31   6.4e-31   98.7   4.8     5    98   189   286   185   289 0.91 -
Cluster_29_aln       -             64 MK216752.1           -           3636   7.1e-27   85.6   0.1   1   1   4.3e-27   1.6e-26   84.4   0.1     1    61  2008  2068  2008  2072 0.94 -
Cluster_36_aln       -            498 MK216752.1           -           3636   2.1e-20   65.0   0.0   1   1   1.1e-20   4.1e-20   64.0   0.0     1   210  2413  2627  2413  2631 0.87 -
Cluster_19_aln       -            569 MK216752.1           -           3636   4.1e-19   60.4   0.0   1   1   1.7e-19   6.7e-19   59.7   0.0    43   411  3082  3478  3073  3490 0.77 -
Cluster_10_aln       -            594 MK216752.1           -           3636   1.4e-16   52.2   0.0   1   1   6.5e-17   2.5e-16   51.3   0.0   116   331  3151  3371  3138  3421 0.79 -
Cluster_1_aln        -            621 MK216752.1           -           3636   1.5e-15   48.7   0.3   1   1   6.5e-16   2.5e-15   48.0   0.3   128   481  1472  1842  1365  1862 0.70 -
Cluster_58_aln       -            487 MK216752.1           -           3636   4.6e-09   27.3   0.0   1   1   2.7e-09     1e-08   26.1   0.0     5   211  2416  2627  2413  2636 0.77 -
Cluster_20_aln       -            683 MK216753.1           -           3636         0 1086.4   4.0   1   1         0         0 1086.0   4.0     1   683  1320  2006  1320  2006 0.99 -
Cluster_18_aln       -            717 MK216753.1           -           3636         0 1032.1   0.2   1   1         0         0 1031.5   0.2    10   691  2924  3605  2918  3631 0.96 -
Cluster_56_aln       -            359 MK216753.1           -           3636  7.2e-209  685.4  18.3   1   1  6.6e-209  2.5e-208  683.6  18.5     1   359   924  1282   924  1282 1.00 -
Cluster_23_aln       -            347 MK216753.1           -           3636  5.9e-144  471.6   1.1   1   1  1.5e-144  5.9e-144  471.6   1.1     5   345  2078  2410  2074  2412 0.95 -
Cluster_61_aln       -            220 MK216753.1           -           3636  3.1e-125  408.2   0.0   1   1  1.4e-125  5.2e-125  407.5   0.0     1   219  2413  2631  2413  2632 0.99 -
Cluster_63_aln       -            180 MK216753.1           -           3636     8e-92  298.1   0.9   1   1   4.3e-92   1.6e-91  297.1   0.9     1   180     1   180     1   180 1.00 -
Cluster_26_aln       -            227 MK216753.1           -           3636   2.4e-83  271.5   0.5   1   1   1.3e-83   4.9e-83  270.5   0.5     3   211   294   498   292   509 0.95 -
Cluster_27_aln       -            198 MK216753.1           -           3636   5.8e-72  234.0   6.4   1   1   1.5e-72   5.8e-72  234.0   6.4     3   198   504   700   502   700 0.99 -
Cluster_24_aln       -            374 MK216753.1           -           3636   4.4e-56  183.1   8.0   1   1   1.1e-56   4.4e-56  183.1   8.0   100   372   699   940   695   942 0.89 -
Cluster_11_aln       -            627 MK216753.1           -           3636     1e-39  128.5   2.0   1   1   4.4e-40   1.7e-39  127.8   2.0    44   477  1374  1839  1358  1857 0.76 -
Cluster_21_aln       -            629 MK216753.1           -           3636   3.4e-37  120.1   0.9   1   1   1.4e-37   5.3e-37  119.5   0.9   129   486  1471  1845  1371  1862 0.75 -
Cluster_28_aln       -            101 MK216753.1           -           3636   1.9e-31  100.4   4.8   1   1   1.6e-31   6.4e-31   98.7   4.8     5    98   189   286   185   289 0.91 -
Cluster_29_aln       -             64 MK216753.1           -           3636   7.1e-27   85.6   0.1   1   1   4.3e-27   1.6e-26   84.4   0.1     1    61  2008  2068  2008  2072 0.94 -
Cluster_36_aln       -            498 MK216753.1           -           3636   1.8e-20   65.2   0.0   1   1   1.2e-20   4.6e-20   63.8   0.0     1   210  2413  2627  2413  2631 0.87 -
Cluster_19_aln       -            569 MK216753.1           -           3636   2.2e-19   61.3   0.0   1   1   9.5e-20   3.7e-19   60.6   0.0    43   411  3082  3478  3073  3490 0.77 -
Cluster_10_aln       -            594 MK216753.1           -           3636   1.7e-16   51.9   0.0   1   1   7.9e-17     3e-16   51.1   0.0   116   330  3151  3370  3138  3419 0.79 -
Cluster_1_aln        -            621 MK216753.1           -           3636   3.6e-15   47.4   0.2   1   1   1.5e-15   5.9e-15   46.7   0.2   128   481  1472  1842  1365  1862 0.70 -
Cluster_58_aln       -            487 MK216753.1           -           3636   1.6e-09   28.8   0.0   1   1   9.8e-10   3.8e-09   27.5   0.0     5   211  2416  2627  2413  2636 0.78 -
Cluster_20_aln       -            683 MK216754.1           -           3636         0 1087.8   4.2   1   1         0         0 1087.4   4.2     1   683  1320  2006  1320  2006 0.99 -
Cluster_18_aln       -            717 MK216754.1           -           3636         0 1031.2   0.1   1   1         0         0 1030.5   0.1    10   690  2924  3604  2918  3629 0.96 -
Cluster_56_aln       -            359 MK216754.1           -           3636  9.1e-208  681.7  19.0   1   1  8.3e-208  3.2e-207  679.9  19.2     1   359   924  1282   924  1282 1.00 -
Cluster_23_aln       -            347 MK216754.1           -           3636  5.9e-144  471.6   1.1   1   1  1.5e-144  5.9e-144  471.6   1.1     5   345  2078  2410  2074  2412 0.95 -
Cluster_61_aln       -            220 MK216754.1           -           3636  1.9e-125  408.9   0.0   1   1  8.1e-126  3.1e-125  408.2   0.0     1   219  2413  2631  2413  2632 0.99 -
Cluster_63_aln       -            180 MK216754.1           -           3636   3.1e-91  296.2   0.9   1   1   1.7e-91   6.4e-91  295.2   0.9     1   180     1   180     1   180 1.00 -
Cluster_26_aln       -            227 MK216754.1           -           3636   2.9e-84  274.5   0.4   1   1   1.6e-84     6e-84  273.5   0.4     3   211   294   498   292   509 0.95 -
Cluster_27_aln       -            198 MK216754.1           -           3636   2.4e-72  235.2   6.6   1   1   6.2e-73   2.4e-72  235.2   6.6     3   198   504   700   502   700 0.99 -
Cluster_24_aln       -            374 MK216754.1           -           3636   2.2e-55  180.7   8.4   1   1   5.7e-56   2.2e-55  180.7   8.4   100   372   699   940   695   942 0.90 -
Cluster_11_aln       -            627 MK216754.1           -           3636   1.9e-40  130.9   2.4   1   1   8.1e-41   3.1e-40  130.2   2.4    44   477  1374  1839  1358  1857 0.77 -
Cluster_21_aln       -            629 MK216754.1           -           3636   5.5e-38  122.8   1.2   1   1   2.2e-38   8.5e-38  122.1   1.2   129   486  1471  1845  1371  1862 0.76 -
Cluster_28_aln       -            101 MK216754.1           -           3636   1.7e-31  100.5   4.6   1   1   1.5e-31   5.7e-31   98.9   4.6     5    98   189   286   185   289 0.91 -
Cluster_29_aln       -             64 MK216754.1           -           3636   7.1e-27   85.6   0.1   1   1   4.3e-27   1.6e-26   84.4   0.1     1    61  2008  2068  2008  2072 0.94 -
Cluster_36_aln       -            498 MK216754.1           -           3636   9.9e-21   66.0   0.0   1   1   6.7e-21   2.6e-20   64.7   0.0     1   210  2413  2627  2413  2631 0.87 -
Cluster_19_aln       -            569 MK216754.1           -           3636   1.5e-19   61.9   0.0   1   1   6.3e-20   2.4e-19   61.2   0.0    43   411  3082  3478  3073  3490 0.77 -
Cluster_10_aln       -            594 MK216754.1           -           3636   1.4e-16   52.2   0.0   1   1   6.5e-17   2.5e-16   51.3   0.0   116   331  3151  3371  3138  3421 0.79 -
Cluster_1_aln        -            621 MK216754.1           -           3636     2e-15   48.3   0.2   1   1   8.6e-16   3.3e-15   47.6   0.2   128   481  1472  1842  1365  1862 0.70 -
Cluster_58_aln       -            487 MK216754.1           -           3636   1.8e-09   28.6   0.0   1   1   1.2e-09   4.4e-09   27.3   0.0     5   211  2416  2627  2413  2635 0.78 -
Cluster_20_aln       -            683 MH885413.1           -           3636         0 1091.4   4.7   1   1         0         0 1091.1   4.7     1   683  1320  2006  1320  2006 0.99 -
Cluster_18_aln       -            717 MH885413.1           -           3636         0 1026.4   0.0   1   1         0         0 1025.7   0.0     9   713  2923  3623  2918  3628 0.96 -
Cluster_56_aln       -            359 MH885413.1           -           3636    9e-214  701.5  18.5   1   1  2.2e-214    9e-214  701.5  18.5     1   359   924  1282   924  1282 1.00 -
Cluster_23_aln       -            347 MH885413.1           -           3636  4.8e-145  475.2   0.8   1   1  2.4e-145  9.6e-145  474.2   0.8     3   345  2076  2410  2074  2412 0.96 -
Cluster_61_aln       -            220 MH885413.1           -           3636  2.2e-129  421.8   0.0   1   1  8.8e-130  3.6e-129  421.1   0.0     1   219  2413  2631  2413  2632 0.99 -
Cluster_63_aln       -            180 MH885413.1           -           3636  3.7e-104  338.3   0.9   1   1    2e-104  8.1e-104  337.2   0.9     1   180     1   180     1   180 1.00 -
Cluster_26_aln       -            227 MH885413.1           -           3636   8.1e-85  276.3   0.5   1   1   3.9e-85   1.6e-84  275.4   0.5     3   212   294   499   292   510 0.96 -
Cluster_27_aln       -            198 MH885413.1           -           3636   4.7e-73  237.5   6.5   1   1   1.2e-73   4.7e-73  237.5   6.5     2   198   503   700   502   700 0.99 -
Cluster_24_aln       -            374 MH885413.1           -           3636   1.4e-56  184.7   7.4   1   1   3.4e-57   1.4e-56  184.7   7.4   100   372   699   940   695   942 0.90 -
Cluster_11_aln       -            627 MH885413.1           -           3636   1.3e-40  131.5   1.7   1   1   5.1e-41   2.1e-40  130.8   1.7    43   477  1373  1839  1358  1857 0.76 -
Cluster_21_aln       -            629 MH885413.1           -           3636   7.7e-38  122.3   0.9   1   1     3e-38   1.2e-37  121.6   0.9   129   486  1471  1845  1376  1862 0.77 -
Cluster_28_aln       -            101 MH885413.1           -           3636   7.6e-33  104.9   4.4   1   1   6.8e-33   2.8e-32  103.1   4.4     3    99   190   287   186   289 0.94 -
Cluster_29_aln       -             64 MH885413.1           -           3636   1.9e-27   87.4   0.0   1   1   1.1e-27   4.3e-27   86.3   0.0     1    61  2008  2068  2008  2072 0.94 -
Cluster_36_aln       -            498 MH885413.1           -           3636   1.5e-18   58.8   0.0   1   1   6.2e-19   2.5e-18   58.1   0.0     1   210  2413  2627  2413  2630 0.91 -
Cluster_19_aln       -            569 MH885413.1           -           3636   3.7e-17   54.0   0.0   1   1   1.4e-17   5.8e-17   53.3   0.0    43   411  3082  3478  3069  3491 0.75 -
Cluster_1_aln        -            621 MH885413.1           -           3636   1.2e-15   49.0   0.2   1   1     5e-16     2e-15   48.3   0.2   119   481  1464  1842  1370  1862 0.74 -
Cluster_10_aln       -            594 MH885413.1           -           3636   2.3e-15   48.2   0.0   1   1   9.9e-16     4e-15   47.4   0.0   118   329  3153  3369  3143  3412 0.79 -
Cluster_58_aln       -            487 MH885413.1           -           3636   1.8e-07   22.0   0.0   1   1   8.4e-08   3.4e-07   21.1   0.0     5   210  2416  2626  2413  2636 0.74 -
Cluster_20_aln       -            683 MK347474.1           -           3636         0 1089.0   4.1   1   1         0         0 1088.7   4.1     1   683  1320  2006  1320  2006 0.99 -
Cluster_18_aln       -            717 MK347474.1           -           3636         0 1031.2   0.1   1   1         0         0 1030.5   0.1    10   690  2924  3604  2918  3629 0.96 -
Cluster_56_aln       -            359 MK347474.1           -           3636  7.1e-209  685.4  18.7   1   1  6.2e-209  2.5e-208  683.6  18.9     1   359   924  1282   924  1282 1.00 -
Cluster_23_aln       -            347 MK347474.1           -           3636  5.9e-144  471.6   1.1   1   1  1.5e-144  5.9e-144  471.6   1.1     5   345  2078  2410  2074  2412 0.95 -
Cluster_61_aln       -            220 MK347474.1           -           3636  4.6e-125  407.6   0.0   1   1  1.9e-125  7.8e-125  406.9   0.0     1   219  2413  2631  2413  2632 0.99 -
Cluster_63_aln       -            180 MK347474.1           -           3636   2.4e-92  299.8   1.1   1   1   1.2e-92   4.7e-92  298.9   1.1     1   180     1   180     1   180 1.00 -
Cluster_26_aln       -            227 MK347474.1           -           3636   2.9e-84  274.5   0.4   1   1   1.5e-84     6e-84  273.5   0.4     3   211   294   498   292   509 0.95 -
Cluster_27_aln       -            198 MK347474.1           -           3636   2.4e-72  235.2   6.6   1   1   5.9e-73   2.4e-72  235.2   6.6     3   198   504   700   502   700 0.99 -
Cluster_24_aln       -            374 MK347474.1           -           3636   4.1e-56  183.1   8.1   1   1     1e-56   4.1e-56  183.1   8.1   100   372   699   940   695   942 0.89 -
Cluster_11_aln       -            627 MK347474.1           -           3636   1.5e-40  131.3   2.4   1   1   5.8e-41   2.4e-40  130.6   2.4    44   477  1374  1839  1358  1857 0.77 -
Cluster_21_aln       -            629 MK347474.1           -           3636     4e-38  123.2   1.2   1   1   1.5e-38   6.2e-38  122.6   1.2   129   486  1471  1845  1371  1862 0.76 -
Cluster_28_aln       -            101 MK347474.1           -           3636   1.7e-31  100.6   4.6   1   1   1.4e-31   5.7e-31   98.9   4.6     5    98   189   286   185   289 0.91 -
Cluster_29_aln       -             64 MK347474.1           -           3636   7.1e-27   85.6   0.1   1   1   4.1e-27   1.6e-26   84.4   0.1     1    61  2008  2068  2008  2072 0.94 -
Cluster_36_aln       -            498 MK347474.1           -           3636   1.3e-20   65.6   0.0   1   1   8.4e-21   3.4e-20   64.2   0.0     1   210  2413  2627  2413  2631 0.87 -
Cluster_19_aln       -            569 MK347474.1           -           3636   1.5e-19   61.9   0.0   1   1     6e-20   2.4e-19   61.2   0.0    43   411  3082  3478  3073  3490 0.77 -
Cluster_10_aln       -            594 MK347474.1           -           3636   1.4e-16   52.2   0.0   1   1   6.1e-17   2.5e-16   51.3   0.0   116   331  3151  3371  3138  3421 0.79 -
Cluster_1_aln        -            621 MK347474.1           -           3636     1e-15   49.2   0.3   1   1   4.2e-16   1.7e-15   48.5   0.3   128   481  1472  1842  1365  1862 0.70 -
Cluster_58_aln       -            487 MK347474.1           -           3636   1.2e-09   29.2   0.0   1   1   7.3e-10   2.9e-09   27.9   0.0     5   211  2416  2627  2413  2636 0.78 -
Cluster_20_aln       -            683 MK347475.1           -           3636         0 1091.7   6.0   1   1         0         0 1091.4   6.0     1   683  1320  2006  1320  2006 0.99 -
Cluster_18_aln       -            717 MK347475.1           -           3636         0 1024.3   0.0   1   1         0         0 1023.7   0.0    10   691  2924  3605  2918  3627 0.96 -
Cluster_56_aln       -            359 MK347475.1           -           3636  5.4e-211  692.3  17.2   1   1  3.1e-211  1.3e-210  691.1  17.2     1   359   924  1282   924  1282 1.00 -
Cluster_23_aln       -            347 MK347475.1           -           3636  3.4e-144  472.4   1.4   1   1  1.5e-144  6.4e-144  471.5   1.4    21   345  2091  2410  2074  2412 0.95 -
Cluster_61_aln       -            220 MK347475.1           -           3636  1.4e-122  399.5   0.0   1   1  6.3e-123  2.7e-122  398.6   0.0     1   219  2413  2631  2413  2632 0.99 -
Cluster_63_aln       -            180 MK347475.1           -           3636   5.3e-97  315.0   0.6   1   1   2.3e-97     1e-96  314.1   0.6     1   180     1   180     1   180 1.00 -
Cluster_26_aln       -            227 MK347475.1           -           3636   1.3e-84  275.7   0.2   1   1     6e-85   2.6e-84  274.7   0.2     3   212   294   499   292   510 0.95 -
Cluster_27_aln       -            198 MK347475.1           -           3636   1.5e-72  235.9   7.5   1   1   3.6e-73   1.5e-72  235.9   7.5     2   198   503   700   502   700 0.99 -
Cluster_24_aln       -            374 MK347475.1           -           3636   8.9e-57  185.3   8.7   1   1   2.1e-57   8.9e-57  185.3   8.7   100   372   699   940   695   942 0.90 -
Cluster_11_aln       -            627 MK347475.1           -           3636   1.2e-40  131.6   2.2   1   1   4.5e-41   1.9e-40  130.9   2.2    44   477  1374  1839  1357  1859 0.76 -
Cluster_21_aln       -            629 MK347475.1           -           3636   4.6e-38  123.0   1.1   1   1   1.7e-38   7.4e-38  122.3   1.1   129   486  1471  1845  1367  1862 0.75 -
Cluster_28_aln       -            101 MK347475.1           -           3636   1.5e-31  100.7   6.7   1   1   3.5e-32   1.5e-31  100.7   6.7     3    97   190   285   185   289 0.92 -
Cluster_29_aln       -             64 MK347475.1           -           3636   3.8e-27   86.5   0.0   1   1   2.1e-27   8.9e-27   85.3   0.0     1    62  2008  2069  2008  2072 0.95 -
Cluster_36_aln       -            498 MK347475.1           -           3636   5.7e-19   60.2   0.0   1   1   2.3e-19   9.6e-19   59.5   0.0     1   210  2413  2627  2413  2633 0.88 -
Cluster_19_aln       -            569 MK347475.1           -           3636   9.3e-18   55.9   0.0   1   1   3.6e-18   1.5e-17   55.2   0.0    43   411  3082  3478  3078  3490 0.77 -
Cluster_1_aln        -            621 MK347475.1           -           3636   7.5e-16   49.7   0.4   1   1     3e-16   1.3e-15   48.9   0.4   119   481  1464  1842  1365  1868 0.72 -
Cluster_10_aln       -            594 MK347475.1           -           3636   4.7e-15   47.1   0.0   1   1   2.1e-15     9e-15   46.2   0.0   140   330  3172  3370  3147  3413 0.78 -
Cluster_58_aln       -            487 MK347475.1           -           3636   1.4e-06   19.0   0.0   1   1   6.1e-07   2.6e-06   18.2   0.0     3   210  2415  2626  2413  2632 0.74 -
Cluster_20_aln       -            683 MK347476.1           -           3636         0 1091.7   6.0   1   1         0         0 1091.4   6.0     1   683  1320  2006  1320  2006 0.99 -
Cluster_18_aln       -            717 MK347476.1           -           3636         0 1024.3   0.0   1   1         0         0 1023.7   0.0    10   691  2924  3605  2918  3627 0.96 -
Cluster_56_aln       -            359 MK347476.1           -           3636  5.4e-211  692.3  17.2   1   1  3.1e-211  1.3e-210  691.1  17.2     1   359   924  1282   924  1282 1.00 -
Cluster_23_aln       -            347 MK347476.1           -           3636  3.4e-144  472.4   1.4   1   1  1.5e-144  6.4e-144  471.5   1.4    21   345  2091  2410  2074  2412 0.95 -
Cluster_61_aln       -            220 MK347476.1           -           3636  1.1e-122  399.9   0.0   1   1  4.9e-123  2.1e-122  399.0   0.0     1   219  2413  2631  2413  2632 0.99 -
Cluster_63_aln       -            180 MK347476.1           -           3636   5.2e-97  315.0   0.6   1   1   2.3e-97     1e-96  314.1   0.6     1   180     1   180     1   180 1.00 -
Cluster_26_aln       -            227 MK347476.1           -           3636   1.3e-84  275.7   0.2   1   1     6e-85   2.6e-84  274.7   0.2     3   212   294   499   292   510 0.95 -
Cluster_27_aln       -            198 MK347476.1           -           3636   1.5e-72  235.9   7.5   1   1   3.6e-73   1.5e-72  235.9   7.5     2   198   503   700   502   700 0.99 -
Cluster_24_aln       -            374 MK347476.1           -           3636   8.9e-57  185.3   8.7   1   1   2.1e-57   8.9e-57  185.3   8.7   100   372   699   940   695   942 0.90 -
Cluster_11_aln       -            627 MK347476.1           -           3636   1.2e-40  131.6   2.2   1   1   4.5e-41   1.9e-40  130.9   2.2    44   477  1374  1839  1357  1859 0.76 -
Cluster_21_aln       -            629 MK347476.1           -           3636   4.6e-38  123.0   1.1   1   1   1.7e-38   7.4e-38  122.3   1.1   129   486  1471  1845  1367  1862 0.75 -
Cluster_28_aln       -            101 MK347476.1           -           3636   5.2e-31   99.0   7.0   1   1   1.2e-31   5.2e-31   99.0   7.0     3    97   190   285   185   289 0.92 -
Cluster_29_aln       -             64 MK347476.1           -           3636   3.8e-27   86.5   0.0   1   1   2.1e-27   8.9e-27   85.3   0.0     1    62  2008  2069  2008  2072 0.95 -
Cluster_36_aln       -            498 MK347476.1           -           3636   6.4e-19   60.0   0.0   1   1   2.6e-19   1.1e-18   59.3   0.0     1   210  2413  2627  2413  2630 0.88 -
Cluster_19_aln       -            569 MK347476.1           -           3636   9.3e-18   55.9   0.0   1   1   3.6e-18   1.5e-17   55.2   0.0    43   411  3082  3478  3078  3490 0.77 -
Cluster_1_aln        -            621 MK347476.1           -           3636   7.3e-16   49.7   0.4   1   1     3e-16   1.3e-15   48.9   0.4   119   481  1464  1842  1365  1868 0.72 -
Cluster_10_aln       -            594 MK347476.1           -           3636   4.7e-15   47.1   0.0   1   1   2.1e-15     9e-15   46.2   0.0   140   330  3172  3370  3147  3413 0.78 -
Cluster_58_aln       -            487 MK347476.1           -           3636   1.2e-06   19.2   0.0   1   1   5.4e-07   2.3e-06   18.4   0.0     3   210  2415  2626  2413  2637 0.74 -
Cluster_20_aln       -            683 MH221022.1           -           3636         0 1091.1   5.8   1   1         0         0 1090.8   5.8     1   683  1320  2006  1320  2006 0.99 -
Cluster_18_aln       -            717 MH221022.1           -           3636         0 1019.0   0.0   1   1         0         0 1018.3   0.0    10   691  2924  3605  2918  3630 0.96 -
Cluster_56_aln       -            359 MH221022.1           -           3636  1.7e-209  687.4  16.6   1   1  1.1e-209  4.5e-209  686.0  16.6     1   359   924  1282   924  1282 1.00 -
Cluster_23_aln       -            347 MH221022.1           -           3636  3.4e-144  472.4   1.4   1   1  1.6e-144  6.4e-144  471.5   1.4    21   345  2091  2410  2074  2412 0.95 -
Cluster_61_aln       -            220 MH221022.1           -           3636    1e-123  403.2   0.0   1   1    5e-124    2e-123  402.3   0.0     1   219  2413  2631  2413  2632 0.99 -
Cluster_63_aln       -            180 MH221022.1           -           3636     2e-97  316.3   0.5   1   1     1e-97     4e-97  315.4   0.5     1   180     1   180     1   180 1.00 -
Cluster_26_aln       -            227 MH221022.1           -           3636   2.9e-84  274.5   0.2   1   1   1.4e-84   5.7e-84  273.5   0.2     3   212   294   499   292   510 0.95 -
Cluster_27_aln       -            198 MH221022.1           -           3636   8.5e-73  236.7   7.6   1   1   2.1e-73   8.5e-73  236.7   7.6     2   198   503   700   502   700 0.99 -
Cluster_24_aln       -            374 MH221022.1           -           3636   2.7e-57  187.0   7.6   1   1   6.6e-58   2.7e-57  187.0   7.6   101   372   700   940   695   942 0.90 -
Cluster_11_aln       -            627 MH221022.1           -           3636   1.6e-40  131.2   2.0   1   1   6.2e-41   2.5e-40  130.5   2.0    44   477  1374  1839  1357  1859 0.76 -
Cluster_21_aln       -            629 MH221022.1           -           3636     6e-38  122.6   1.0   1   1   2.4e-38   9.6e-38  121.9   1.0   129   486  1471  1845  1367  1862 0.75 -
Cluster_28_aln       -            101 MH221022.1           -           3636   1.5e-31  100.7   6.7   1   1   3.7e-32   1.5e-31  100.7   6.7     3    97   190   285   185   289 0.92 -
Cluster_29_aln       -             64 MH221022.1           -           3636   3.7e-27   86.5   0.0   1   1   2.2e-27   8.9e-27   85.3   0.0     1    62  2008  2069  2008  2072 0.95 -
Cluster_36_aln       -            498 MH221022.1           -           3636   2.5e-19   61.4   0.0   1   1     1e-19   4.2e-19   60.7   0.0     1   210  2413  2627  2413  2630 0.88 -
Cluster_19_aln       -            569 MH221022.1           -           3636   4.9e-18   56.9   0.0   1   1     2e-18     8e-18   56.2   0.0    43   411  3082  3478  3078  3490 0.76 -
Cluster_1_aln        -            621 MH221022.1           -           3636   8.4e-16   49.5   0.4   1   1   3.5e-16   1.4e-15   48.8   0.4   119   481  1464  1842  1365  1868 0.72 -
Cluster_10_aln       -            594 MH221022.1           -           3636   3.7e-15   47.5   0.0   1   1   1.9e-15   7.9e-15   46.4   0.0   140   330  3172  3370  3147  3414 0.78 -
Cluster_58_aln       -            487 MH221022.1           -           3636   4.8e-07   20.6   0.0   1   1   2.2e-07     9e-07   19.7   0.0     8   210  2419  2626  2413  2637 0.74 -
Cluster_20_aln       -            683 MH221023.1           -           3636         0 1083.7   6.1   1   1         0         0 1083.3   6.1     1   683  1320  2006  1320  2006 0.99 -
Cluster_18_aln       -            717 MH221023.1           -           3636         0 1018.1   0.0   1   1         0         0 1017.4   0.0    10   691  2924  3605  2918  3630 0.96 -
Cluster_56_aln       -            359 MH221023.1           -           3636  2.5e-210  690.1  17.4   1   1  1.4e-210    6e-210  688.9  17.4     1   359   924  1282   924  1282 1.00 -
Cluster_23_aln       -            347 MH221023.1           -           3636  3.1e-144  472.5   0.9   1   1  1.4e-144  5.8e-144  471.6   0.9    21   345  2091  2410  2074  2412 0.95 -
Cluster_61_aln       -            220 MH221023.1           -           3636    1e-123  403.2   0.0   1   1  4.7e-124    2e-123  402.3   0.0     1   219  2413  2631  2413  2632 0.99 -
Cluster_63_aln       -            180 MH221023.1           -           3636   4.4e-96  312.0   0.4   1   1     2e-96   8.7e-96  311.0   0.4     1   180     1   180     1   180 1.00 -
Cluster_26_aln       -            227 MH221023.1           -           3636   2.1e-84  274.9   0.2   1   1   9.9e-85   4.2e-84  274.0   0.2     3   212   294   499   292   510 0.95 -
Cluster_27_aln       -            198 MH221023.1           -           3636   8.8e-73  236.7   6.9   1   1   2.1e-73   8.8e-73  236.7   6.9     2   198   503   700   502   700 0.99 -
Cluster_24_aln       -            374 MH221023.1           -           3636   8.6e-58  188.7   7.6   1   1     2e-58   8.6e-58  188.7   7.6   100   372   699   940   695   942 0.90 -
Cluster_11_aln       -            627 MH221023.1           -           3636   5.1e-41  132.8   2.5   1   1   1.9e-41   8.2e-41  132.1   2.5    44   477  1374  1839  1357  1859 0.76 -
Cluster_21_aln       -            629 MH221023.1           -           3636   1.8e-38  124.4   1.3   1   1   6.7e-39   2.9e-38  123.7   1.3   129   486  1471  1845  1367  1862 0.75 -
Cluster_28_aln       -            101 MH221023.1           -           3636   2.5e-31  100.0   6.8   1   1   5.9e-32   2.5e-31  100.0   6.8     3    97   190   285   185   289 0.92 -
Cluster_29_aln       -             64 MH221023.1           -           3636   3.8e-27   86.5   0.0   1   1   2.1e-27   8.9e-27   85.3   0.0     1    62  2008  2069  2008  2072 0.95 -
Cluster_36_aln       -            498 MH221023.1           -           3636   2.6e-19   61.4   0.0   1   1   9.8e-20   4.2e-19   60.7   0.0     1   210  2413  2627  2413  2630 0.88 -
Cluster_19_aln       -            569 MH221023.1           -           3636   8.3e-18   56.1   0.0   1   1   3.2e-18   1.4e-17   55.4   0.0    43   411  3082  3478  3078  3493 0.76 -
Cluster_1_aln        -            621 MH221023.1           -           3636   1.6e-16   51.9   0.5   1   1   6.3e-17   2.7e-16   51.1   0.5   119   481  1464  1842  1365  1868 0.72 -
Cluster_10_aln       -            594 MH221023.1           -           3636   3.6e-15   47.5   0.0   1   1   1.8e-15   7.5e-15   46.5   0.0   140   330  3172  3370  3147  3417 0.77 -
Cluster_58_aln       -            487 MH221023.1           -           3636   4.8e-07   20.6   0.0   1   1   2.1e-07     9e-07   19.7   0.0     8   210  2419  2626  2413  2637 0.74 -
Cluster_20_aln       -            683 MH221024.1           -           3636         0 1085.2   6.2   1   1         0         0 1084.9   6.2     1   683  1320  2006  1320  2006 0.99 -
Cluster_18_aln       -            717 MH221024.1           -           3636         0 1020.1   0.0   1   1         0         0 1019.5   0.0    10   691  2924  3605  2918  3627 0.95 -
Cluster_56_aln       -            359 MH221024.1           -           3636  9.5e-211  691.5  17.1   1   1  5.4e-211  2.3e-210  690.3  17.1     1   359   924  1282   924  1282 1.00 -
Cluster_23_aln       -            347 MH221024.1           -           3636  3.4e-144  472.4   1.4   1   1  1.5e-144  6.4e-144  471.5   1.4    21   345  2091  2410  2074  2412 0.95 -
Cluster_61_aln       -            220 MH221024.1           -           3636  3.1e-120  391.9   0.0   1   1  1.4e-120  5.8e-120  391.0   0.0     1   219  2413  2631  2413  2632 0.99 -
Cluster_63_aln       -            180 MH221024.1           -           3636   3.4e-97  315.6   0.7   1   1   1.5e-97   6.4e-97  314.7   0.7     1   180     1   180     1   180 1.00 -
Cluster_26_aln       -            227 MH221024.1           -           3636   1.3e-84  275.7   0.2   1   1     6e-85   2.6e-84  274.7   0.2     3   212   294   499   292   510 0.95 -
Cluster_27_aln       -            198 MH221024.1           -           3636   4.4e-72  234.4   8.0   1   1     1e-72   4.4e-72  234.4   8.0     2   198   503   700   502   700 0.98 -
Cluster_24_aln       -            374 MH221024.1           -           3636   1.4e-56  184.7   8.4   1   1   3.2e-57   1.4e-56  184.7   8.4   100   372   699   940   695   942 0.90 -
Cluster_11_aln       -            627 MH221024.1           -           3636   1.1e-40  131.7   2.2   1   1   4.3e-41   1.8e-40  131.0   2.2    44   477  1374  1839  1357  1858 0.76 -
Cluster_21_aln       -            629 MH221024.1           -           3636   4.6e-38  123.0   1.1   1   1   1.7e-38   7.4e-38  122.3   1.1   129   486  1471  1845  1367  1862 0.75 -
Cluster_28_aln       -            101 MH221024.1           -           3636   1.5e-31  100.7   6.7   1   1   3.5e-32   1.5e-31  100.7   6.7     3    97   190   285   185   289 0.92 -
Cluster_29_aln       -             64 MH221024.1           -           3636   3.8e-27   86.5   0.0   1   1   2.1e-27   8.9e-27   85.3   0.0     1    62  2008  2069  2008  2072 0.95 -
Cluster_36_aln       -            498 MH221024.1           -           3636   3.9e-19   60.7   0.0   1   1   1.5e-19   6.6e-19   60.0   0.0     1   210  2413  2627  2413  2630 0.89 -
Cluster_19_aln       -            569 MH221024.1           -           3636   2.8e-17   54.4   0.0   1   1   1.1e-17   4.5e-17   53.7   0.0    43   411  3082  3478  3078  3490 0.77 -
Cluster_1_aln        -            621 MH221024.1           -           3636   7.2e-16   49.7   0.3   1   1   2.9e-16   1.2e-15   49.0   0.3   119   481  1464  1842  1365  1865 0.72 -
Cluster_10_aln       -            594 MH221024.1           -           3636   9.4e-15   46.1   0.0   1   1     4e-15   1.7e-14   45.3   0.0   140   330  3172  3370  3147  3413 0.78 -
Cluster_58_aln       -            487 MH221024.1           -           3636   4.9e-07   20.6   0.0   1   1     2e-07   8.6e-07   19.8   0.0     3   210  2415  2626  2413  2637 0.76 -
Cluster_20_aln       -            683 MH221025.1           -           3636         0 1091.7   6.0   1   1         0         0 1091.4   6.0     1   683  1320  2006  1320  2006 0.99 -
Cluster_18_aln       -            717 MH221025.1           -           3636         0 1019.8   0.0   1   1         0         0 1019.1   0.0    10   691  2924  3605  2918  3627 0.96 -
Cluster_56_aln       -            359 MH221025.1           -           3636  5.4e-211  692.3  17.2   1   1  3.1e-211  1.3e-210  691.1  17.2     1   359   924  1282   924  1282 1.00 -
Cluster_23_aln       -            347 MH221025.1           -           3636  3.4e-144  472.4   1.4   1   1  1.5e-144  6.4e-144  471.5   1.4    21   345  2091  2410  2074  2412 0.95 -
Cluster_61_aln       -            220 MH221025.1           -           3636  1.1e-122  399.8   0.0   1   1  4.9e-123  2.1e-122  399.0   0.0     1   219  2413  2631  2413  2632 0.99 -
Cluster_63_aln       -            180 MH221025.1           -           3636   3.6e-97  315.5   0.6   1   1   1.6e-97   6.8e-97  314.6   0.6     1   180     1   180     1   180 1.00 -
Cluster_26_aln       -            227 MH221025.1           -           3636   1.8e-83  271.9   0.1   1   1   8.2e-84   3.5e-83  271.0   0.1     3   212   294   499   292   510 0.95 -
Cluster_27_aln       -            198 MH221025.1           -           3636   1.5e-72  235.9   7.5   1   1   3.6e-73   1.5e-72  235.9   7.5     2   198   503   700   502   700 0.99 -
Cluster_24_aln       -            374 MH221025.1           -           3636   1.5e-57  187.9   8.7   1   1   2.1e-57   8.9e-57  185.3   8.7   100   372   699   940   695   942 0.90 -
Cluster_11_aln       -            627 MH221025.1           -           3636   1.2e-40  131.6   2.2   1   1   4.5e-41   1.9e-40  130.9   2.2    44   477  1374  1839  1357  1859 0.76 -
Cluster_21_aln       -            629 MH221025.1           -           3636   4.6e-38  123.0   1.1   1   1   1.7e-38   7.4e-38  122.3   1.1   129   486  1471  1845  1367  1862 0.75 -
Cluster_28_aln       -            101 MH221025.1           -           3636   1.5e-31  100.7   6.7   1   1   3.5e-32   1.5e-31  100.7   6.7     3    97   190   285   185   289 0.92 -
Cluster_29_aln       -             64 MH221025.1           -           3636   3.8e-27   86.5   0.0   1   1   2.1e-27   8.9e-27   85.3   0.0     1    62  2008  2069  2008  2072 0.95 -
Cluster_36_aln       -            498 MH221025.1           -           3636   6.5e-19   60.0   0.0   1   1   2.6e-19   1.1e-18   59.3   0.0     1   210  2413  2627  2413  2630 0.88 -
Cluster_19_aln       -            569 MH221025.1           -           3636   4.5e-17   53.7   0.0   1   1   1.7e-17   7.3e-17   53.0   0.0    46   411  3085  3478  3079  3490 0.74 -
Cluster_1_aln        -            621 MH221025.1           -           3636   7.5e-16   49.7   0.4   1   1     3e-16   1.3e-15   48.9   0.4   119   481  1464  1842  1365  1868 0.72 -
Cluster_10_aln       -            594 MH221025.1           -           3636   5.3e-15   47.0   0.0   1   1   2.1e-15     9e-15   46.2   0.0   140   330  3172  3370  3147  3413 0.78 -
Cluster_58_aln       -            487 MH221025.1           -           3636   1.2e-06   19.2   0.0   1   1   5.4e-07   2.3e-06   18.4   0.0     3   210  2415  2626  2413  2637 0.74 -
Cluster_20_aln       -            683 MH221026.1           -           3636         0 1091.1   5.8   1   1         0         0 1090.8   5.8     1   683  1320  2006  1320  2006 0.99 -
Cluster_18_aln       -            717 MH221026.1           -           3636         0 1017.4   0.0   1   1         0         0 1016.7   0.0    10   691  2924  3605  2918  3630 0.96 -
Cluster_56_aln       -            359 MH221026.1           -           3636  3.2e-210  689.8  17.4   1   1    2e-210  8.2e-210  688.5  17.4     1   359   924  1282   924  1282 1.00 -
Cluster_23_aln       -            347 MH221026.1           -           3636  3.3e-144  472.4   1.4   1   1  1.6e-144  6.4e-144  471.5   1.4    21   345  2091  2410  2074  2412 0.95 -
Cluster_61_aln       -            220 MH221026.1           -           3636    1e-123  403.3   0.0   1   1    5e-124    2e-123  402.3   0.0     1   219  2413  2631  2413  2632 0.99 -
Cluster_63_aln       -            180 MH221026.1           -           3636   1.1e-96  314.0   0.4   1   1   5.1e-97   2.1e-96  313.0   0.4     1   180     1   180     1   180 1.00 -
Cluster_26_aln       -            227 MH221026.1           -           3636   2.9e-84  274.5   0.2   1   1   1.4e-84   5.7e-84  273.5   0.2     3   212   294   499   292   510 0.95 -
Cluster_27_aln       -            198 MH221026.1           -           3636   8.5e-73  236.7   7.6   1   1   2.1e-73   8.5e-73  236.7   7.6     2   198   503   700   502   700 0.99 -
Cluster_24_aln       -            374 MH221026.1           -           3636   2.9e-57  186.9   7.6   1   1   7.2e-58   2.9e-57  186.9   7.6   101   372   700   940   695   942 0.90 -
Cluster_11_aln       -            627 MH221026.1           -           3636   1.6e-40  131.2   2.0   1   1   6.2e-41   2.5e-40  130.5   2.0    44   477  1374  1839  1357  1859 0.76 -
Cluster_21_aln       -            629 MH221026.1           -           3636     6e-38  122.6   1.0   1   1   2.4e-38   9.6e-38  121.9   1.0   129   486  1471  1845  1367  1862 0.75 -
Cluster_28_aln       -            101 MH221026.1           -           3636   1.5e-31  100.7   6.7   1   1   3.7e-32   1.5e-31  100.7   6.7     3    97   190   285   185   289 0.92 -
Cluster_29_aln       -             64 MH221026.1           -           3636   3.7e-27   86.5   0.0   1   1   2.2e-27   8.9e-27   85.3   0.0     1    62  2008  2069  2008  2072 0.95 -
Cluster_36_aln       -            498 MH221026.1           -           3636   2.5e-19   61.4   0.0   1   1     1e-19   4.2e-19   60.7   0.0     1   210  2413  2627  2413  2630 0.88 -
Cluster_19_aln       -            569 MH221026.1           -           3636   6.4e-18   56.5   0.0   1   1   2.6e-18     1e-17   55.8   0.0    43   411  3082  3478  3078  3490 0.76 -
Cluster_1_aln        -            621 MH221026.1           -           3636   8.4e-16   49.5   0.4   1   1   3.5e-16   1.4e-15   48.8   0.4   119   481  1464  1842  1365  1868 0.72 -
Cluster_10_aln       -            594 MH221026.1           -           3636   3.7e-15   47.5   0.0   1   1   1.9e-15   7.9e-15   46.4   0.0   140   330  3172  3370  3147  3414 0.78 -
Cluster_58_aln       -            487 MH221026.1           -           3636   4.8e-07   20.6   0.0   1   1   2.2e-07     9e-07   19.7   0.0     8   210  2419  2626  2413  2637 0.74 -
Cluster_20_aln       -            683 MH221027.1           -           3636         0 1087.4   5.5   1   1         0         0 1087.0   5.5     1   683  1320  2006  1320  2006 0.99 -
Cluster_18_aln       -            717 MH221027.1           -           3636         0 1018.3   0.0   1   1         0         0 1017.6   0.0    10   691  2924  3605  2918  3630 0.96 -
Cluster_56_aln       -            359 MH221027.1           -           3636    2e-209  687.2  18.1   1   1  1.3e-209  5.1e-209  685.8  18.1     1   359   924  1282   924  1282 1.00 -
Cluster_23_aln       -            347 MH221027.1           -           3636  3.4e-144  472.4   1.4   1   1  1.6e-144  6.4e-144  471.5   1.4    21   345  2091  2410  2074  2412 0.95 -
Cluster_61_aln       -            220 MH221027.1           -           3636    1e-123  403.2   0.0   1   1    5e-124    2e-123  402.3   0.0     1   219  2413  2631  2413  2632 0.99 -
Cluster_63_aln       -            180 MH221027.1           -           3636     2e-97  316.3   0.5   1   1     1e-97     4e-97  315.4   0.5     1   180     1   180     1   180 1.00 -
Cluster_26_aln       -            227 MH221027.1           -           3636   2.3e-84  274.8   0.2   1   1   1.1e-84   4.6e-84  273.9   0.2     3   212   294   499   292   510 0.95 -
Cluster_27_aln       -            198 MH221027.1           -           3636   7.3e-73  236.9   7.7   1   1   1.8e-73   7.3e-73  236.9   7.7     2   198   503   700   502   700 0.99 -
Cluster_24_aln       -            374 MH221027.1           -           3636   7.5e-57  185.6   6.7   1   1   1.9e-57   7.5e-57  185.6   6.7   101   372   700   940   695   942 0.91 -
Cluster_11_aln       -            627 MH221027.1           -           3636   4.1e-41  133.1   1.6   1   1   1.6e-41   6.6e-41  132.4   1.6    44   477  1374  1839  1357  1859 0.76 -
Cluster_21_aln       -            629 MH221027.1           -           3636   1.3e-38  124.8   0.8   1   1   5.3e-39   2.1e-38  124.1   0.8   129   486  1471  1845  1367  1862 0.75 -
Cluster_28_aln       -            101 MH221027.1           -           3636   1.5e-31  100.7   6.7   1   1   3.7e-32   1.5e-31  100.7   6.7     3    97   190   285   185   289 0.92 -
Cluster_29_aln       -             64 MH221027.1           -           3636   3.6e-27   86.5   0.0   1   1   2.2e-27   8.9e-27   85.3   0.0     1    62  2008  2069  2008  2072 0.95 -
Cluster_36_aln       -            498 MH221027.1           -           3636   2.5e-19   61.4   0.0   1   1     1e-19   4.2e-19   60.7   0.0     1   210  2413  2627  2413  2630 0.88 -
Cluster_19_aln       -            569 MH221027.1           -           3636   4.1e-18   57.1   0.0   1   1   1.6e-18   6.6e-18   56.4   0.0    43   411  3082  3478  3078  3490 0.76 -
Cluster_1_aln        -            621 MH221027.1           -           3636   1.1e-16   52.5   0.3   1   1   4.5e-17   1.8e-16   51.7   0.3   119   481  1464  1842  1365  1868 0.72 -
Cluster_10_aln       -            594 MH221027.1           -           3636   2.9e-15   47.9   0.0   1   1   1.5e-15   6.1e-15   46.8   0.0   139   330  3171  3370  3147  3414 0.78 -
Cluster_58_aln       -            487 MH221027.1           -           3636   4.8e-07   20.6   0.0   1   1   2.2e-07     9e-07   19.7   0.0     8   210  2419  2626  2413  2637 0.74 -
Cluster_20_aln       -            683 MK453045.1           -           3636         0 1093.3   5.4   1   1         0         0 1093.0   5.4     1   683  1320  2006  1320  2006 0.99 -
Cluster_18_aln       -            717 MK453045.1           -           3636         0 1031.8   0.0   1   1         0         0 1031.1   0.0    10   714  2924  3624  2918  3627 0.96 -
Cluster_56_aln       -            359 MK453045.1           -           3636  6.2e-215  705.3  19.9   1   1  5.5e-215  2.2e-214  703.5  19.8     1   359   924  1282   924  1282 1.00 -
Cluster_23_aln       -            347 MK453045.1           -           3636  3.7e-145  475.5   0.9   1   1  1.9e-145  7.9e-145  474.5   0.9     3   345  2076  2410  2074  2412 0.96 -
Cluster_61_aln       -            220 MK453045.1           -           3636  1.3e-128  419.3   0.0   1   1  5.5e-129  2.2e-128  418.5   0.0     1   219  2413  2631  2413  2632 0.99 -
Cluster_63_aln       -            180 MK453045.1           -           3636  1.1e-102  333.5   1.2   1   1  5.9e-103  2.4e-102  332.4   1.2     1   180     1   180     1   180 0.99 -
Cluster_26_aln       -            227 MK453045.1           -           3636   3.3e-85  277.6   0.2   1   1   1.6e-85   6.6e-85  276.6   0.2     3   212   294   499   292   510 0.96 -
Cluster_27_aln       -            198 MK453045.1           -           3636   2.1e-73  238.7   6.2   1   1   5.1e-74   2.1e-73  238.7   6.2     2   198   503   700   502   700 0.99 -
Cluster_24_aln       -            374 MK453045.1           -           3636   3.6e-58  189.9   7.3   1   1   7.6e-58   3.1e-57  186.9   7.3   100   372   699   940   695   942 0.90 -
Cluster_11_aln       -            627 MK453045.1           -           3636   7.8e-41  132.2   1.7   1   1   3.2e-41   1.3e-40  131.5   1.7    42   477  1372  1839  1357  1857 0.77 -
Cluster_21_aln       -            629 MK453045.1           -           3636   1.4e-37  121.4   0.6   1   1   5.5e-38   2.2e-37  120.7   0.6   129   480  1471  1840  1374  1862 0.76 -
Cluster_28_aln       -            101 MK453045.1           -           3636     1e-32  104.5   6.4   1   1   9.4e-33   3.8e-32  102.6   6.4     3    99   190   287   186   289 0.93 -
Cluster_29_aln       -             64 MK453045.1           -           3636   4.1e-27   86.4   0.0   1   1   2.3e-27   9.4e-27   85.2   0.0     1    61  2008  2068  2008  2072 0.94 -
Cluster_36_aln       -            498 MK453045.1           -           3636   4.4e-19   60.6   0.0   1   1   1.9e-19   7.6e-19   59.8   0.0     1   210  2413  2627  2413  2630 0.90 -
Cluster_19_aln       -            569 MK453045.1           -           3636   1.5e-18   58.5   0.0   1   1   6.1e-19   2.5e-18   57.8   0.0    42   411  3081  3478  3069  3491 0.77 -
Cluster_10_aln       -            594 MK453045.1           -           3636   1.4e-16   52.2   0.0   1   1   6.2e-17   2.5e-16   51.3   0.0   117   331  3152  3371  3140  3413 0.79 -
Cluster_1_aln        -            621 MK453045.1           -           3636   2.9e-15   47.7   0.2   1   1   1.3e-15   5.2e-15   46.9   0.2   119   483  1464  1844  1368  1860 0.73 -
Cluster_58_aln       -            487 MK453045.1           -           3636   1.9e-08   25.2   0.0   1   1   8.7e-09   3.5e-08   24.3   0.0     5   210  2416  2626  2413  2636 0.75 -
Cluster_20_aln       -            683 MH520668.1           -           3636         0 1087.2   6.4   1   1         0         0 1086.9   6.4     1   683  1320  2006  1320  2006 0.99 -
Cluster_18_aln       -            717 MH520668.1           -           3636         0 1023.8   0.0   1   1         0         0 1023.1   0.0    10   691  2924  3605  2918  3627 0.96 -
Cluster_56_aln       -            359 MH520668.1           -           3636  7.5e-210  688.6  16.3   1   1  4.2e-210  1.8e-209  687.3  16.3     1   359   924  1282   924  1282 1.00 -
Cluster_23_aln       -            347 MH520668.1           -           3636  6.4e-144  471.5   1.3   1   1  2.9e-144  1.2e-143  470.5   1.3    21   345  2091  2410  2074  2412 0.95 -
Cluster_61_aln       -            220 MH520668.1           -           3636  1.1e-122  399.9   0.0   1   1  4.9e-123  2.1e-122  399.0   0.0     1   219  2413  2631  2413  2632 0.99 -
Cluster_63_aln       -            180 MH520668.1           -           3636   1.4e-97  316.8   0.7   1   1   6.5e-98   2.8e-97  315.9   0.7     1   180     1   180     1   180 1.00 -
Cluster_26_aln       -            227 MH520668.1           -           3636   4.1e-84  274.0   0.2   1   1   1.9e-84     8e-84  273.1   0.2     3   212   294   499   292   510 0.95 -
Cluster_27_aln       -            198 MH520668.1           -           3636   1.5e-72  235.9   7.5   1   1   3.6e-73   1.5e-72  235.9   7.5     2   198   503   700   502   700 0.99 -
Cluster_24_aln       -            374 MH520668.1           -           3636   5.3e-57  186.1   8.5   1   1   1.2e-57   5.3e-57  186.1   8.5   100   372   699   940   695   942 0.90 -
Cluster_11_aln       -            627 MH520668.1           -           3636   8.8e-40  128.7   2.6   1   1   3.3e-40   1.4e-39  128.0   2.6    44   477  1374  1839  1357  1859 0.76 -
Cluster_21_aln       -            629 MH520668.1           -           3636   4.2e-37  119.8   1.3   1   1   1.6e-37   6.8e-37  119.1   1.3   129   486  1471  1845  1367  1862 0.75 -
Cluster_28_aln       -            101 MH520668.1           -           3636   1.5e-31  100.7   6.7   1   1   3.5e-32   1.5e-31  100.7   6.7     3    97   190   285   185   289 0.92 -
Cluster_29_aln       -             64 MH520668.1           -           3636   3.8e-27   86.5   0.0   1   1   2.1e-27   8.9e-27   85.3   0.0     1    62  2008  2069  2008  2072 0.95 -
Cluster_36_aln       -            498 MH520668.1           -           3636   6.4e-19   60.0   0.0   1   1   2.6e-19   1.1e-18   59.3   0.0     1   210  2413  2627  2413  2630 0.88 -
Cluster_19_aln       -            569 MH520668.1           -           3636   9.3e-18   55.9   0.0   1   1   3.6e-18   1.5e-17   55.2   0.0    43   411  3082  3478  3078  3490 0.77 -
Cluster_1_aln        -            621 MH520668.1           -           3636   2.4e-15   48.0   0.5   1   1   9.8e-16   4.2e-15   47.2   0.5   119   481  1464  1842  1366  1868 0.73 -
Cluster_10_aln       -            594 MH520668.1           -           3636   4.9e-15   47.1   0.0   1   1   2.1e-15     9e-15   46.2   0.0   140   330  3172  3370  3147  3413 0.78 -
Cluster_58_aln       -            487 MH520668.1           -           3636   1.2e-06   19.2   0.0   1   1   5.4e-07   2.3e-06   18.4   0.0     3   210  2415  2626  2413  2637 0.74 -
Cluster_20_aln       -            683 MH509410.1           -           3636         0 1083.2   3.6   1   1         0         0 1082.9   3.6     1   683  1320  2006  1320  2006 0.99 -
Cluster_18_aln       -            717 MH509410.1           -           3636         0 1028.0   0.0   1   1         0         0 1027.4   0.0     9   716  2923  3626  2918  3627 0.96 -
Cluster_56_aln       -            359 MH509410.1           -           3636  1.2e-216  711.0  19.5   1   1  6.3e-217  2.9e-216  709.7  19.2     1   359   924  1282   924  1282 1.00 -
Cluster_23_aln       -            347 MH509410.1           -           3636  6.9e-140  458.2   1.1   1   1    3e-140  1.4e-139  457.2   1.1     3   345  2076  2410  2074  2412 0.96 -
Cluster_61_aln       -            220 MH509410.1           -           3636  5.1e-130  423.9   0.0   1   1  1.8e-130  8.3e-130  423.2   0.0     1   219  2413  2631  2413  2632 0.99 -
Cluster_63_aln       -            180 MH509410.1           -           3636  2.8e-105  341.9   0.9   1   1  1.4e-105  6.2e-105  340.8   0.9     1   180     1   180     1   180 1.00 -
Cluster_26_aln       -            227 MH509410.1           -           3636     3e-85  277.8   0.5   1   1   1.3e-85   5.8e-85  276.8   0.5     3   211   294   498   292   510 0.95 -
Cluster_27_aln       -            198 MH509410.1           -           3636   5.1e-73  237.4   5.4   1   1   1.1e-73   5.1e-73  237.4   5.4     2   198   503   700   502   700 0.99 -
Cluster_24_aln       -            374 MH509410.1           -           3636   5.7e-56  182.7   7.9   1   1   1.3e-56   5.7e-56  182.7   7.9   100   372   699   940   695   942 0.90 -
Cluster_11_aln       -            627 MH509410.1           -           3636   9.5e-40  128.6   1.4   1   1   3.5e-40   1.6e-39  127.9   1.4    42   477  1372  1839  1358  1857 0.76 -
Cluster_21_aln       -            629 MH509410.1           -           3636   2.6e-37  120.5   0.6   1   1   8.7e-38   3.9e-37  119.9   0.6   129   486  1471  1845  1374  1862 0.75 -
Cluster_28_aln       -            101 MH509410.1           -           3636   5.3e-32  102.2   3.9   1   1   3.6e-32   1.6e-31  100.6   3.9     3    99   190   287   185   289 0.91 -
Cluster_29_aln       -             64 MH509410.1           -           3636   1.9e-26   84.2   0.0   1   1   8.8e-27     4e-26   83.2   0.0     1    62  2008  2069  2008  2073 0.94 -
Cluster_19_aln       -            569 MH509410.1           -           3636     5e-18   56.8   0.0   1   1   1.8e-18   8.1e-18   56.1   0.0    42   410  3081  3477  3072  3490 0.78 -
Cluster_36_aln       -            498 MH509410.1           -           3636   1.8e-17   55.2   0.0   1   1   7.9e-18   3.6e-17   54.3   0.0     1   210  2413  2627  2413  2635 0.88 -
Cluster_10_aln       -            594 MH509410.1           -           3636   7.6e-17   53.1   0.0   1   1   3.1e-17   1.4e-16   52.2   0.0   117   330  3152  3370  3142  3413 0.79 -
Cluster_1_aln        -            621 MH509410.1           -           3636   1.6e-15   48.6   0.2   1   1   7.8e-16   3.5e-15   47.5   0.2   119   480  1464  1841  1369  1856 0.74 -
Cluster_20_aln       -            683 MH493894.1           -           3636         0 1081.1   4.0   1   1         0         0 1080.8   4.0     1   683  1320  2006  1320  2006 0.99 -
Cluster_18_aln       -            717 MH493894.1           -           3636         0 1029.9   0.2   1   1         0         0 1029.2   0.2    10   690  2924  3604  2918  3630 0.96 -
Cluster_56_aln       -            359 MH493894.1           -           3636  3.8e-207  679.7  18.8   1   1  3.5e-207  1.3e-206  677.9  18.9     1   359   924  1282   924  1282 1.00 -
Cluster_23_aln       -            347 MH493894.1           -           3636  3.4e-143  469.1   0.9   1   1  8.8e-144  3.4e-143  469.1   0.9     5   345  2078  2410  2074  2412 0.95 -
Cluster_61_aln       -            220 MH493894.1           -           3636  3.1e-125  408.2   0.0   1   1  1.4e-125  5.2e-125  407.5   0.0     1   219  2413  2631  2413  2632 0.99 -
Cluster_63_aln       -            180 MH493894.1           -           3636   3.7e-91  296.0   0.8   1   1   1.9e-91   7.4e-91  295.0   0.8     1   180     1   180     1   180 1.00 -
Cluster_26_aln       -            227 MH493894.1           -           3636   3.7e-84  274.2   0.5   1   1   1.9e-84   7.5e-84  273.2   0.5     3   213   294   500   292   512 0.95 -
Cluster_27_aln       -            198 MH493894.1           -           3636     7e-73  237.0   6.4   1   1   1.8e-73     7e-73  237.0   6.4     2   198   503   700   502   700 0.99 -
Cluster_24_aln       -            374 MH493894.1           -           3636   1.7e-56  184.4   8.2   1   1   4.5e-57   1.7e-56  184.4   8.2   100   372   699   940   695   942 0.89 -
Cluster_11_aln       -            627 MH493894.1           -           3636   6.1e-40  129.2   2.0   1   1   2.6e-40   9.9e-40  128.5   2.0    44   477  1374  1839  1358  1857 0.76 -
Cluster_21_aln       -            629 MH493894.1           -           3636   8.6e-38  122.1   1.0   1   1   3.5e-38   1.3e-37  121.5   1.0   129   486  1471  1845  1371  1862 0.76 -
Cluster_28_aln       -            101 MH493894.1           -           3636   2.2e-31  100.2   4.8   1   1   1.6e-31   6.4e-31   98.7   4.8     5    98   189   286   185   289 0.91 -
Cluster_29_aln       -             64 MH493894.1           -           3636   7.1e-27   85.6   0.1   1   1   4.3e-27   1.6e-26   84.4   0.1     1    61  2008  2068  2008  2072 0.94 -
Cluster_36_aln       -            498 MH493894.1           -           3636   1.3e-20   65.7   0.0   1   1   7.8e-21     3e-20   64.4   0.0     1   210  2413  2627  2413  2631 0.89 -
Cluster_19_aln       -            569 MH493894.1           -           3636   1.3e-19   62.1   0.0   1   1   5.4e-20   2.1e-19   61.4   0.0    43   411  3082  3478  3073  3490 0.78 -
Cluster_10_aln       -            594 MH493894.1           -           3636   1.4e-16   52.2   0.0   1   1   6.4e-17   2.5e-16   51.4   0.0   117   334  3152  3374  3140  3420 0.79 -
Cluster_1_aln        -            621 MH493894.1           -           3636   2.9e-15   47.7   0.2   1   1   1.2e-15   4.8e-15   47.0   0.2   128   480  1472  1841  1365  1860 0.70 -
Cluster_58_aln       -            487 MH493894.1           -           3636   8.6e-10   29.7   0.0   1   1   4.9e-10   1.9e-09   28.5   0.0     5   211  2416  2627  2413  2636 0.79 -
Cluster_20_aln       -            683 MH493895.1           -           3636         0 1081.1   4.0   1   1         0         0 1080.8   4.0     1   683  1320  2006  1320  2006 0.99 -
Cluster_18_aln       -            717 MH493895.1           -           3636         0 1027.2   0.0   1   1         0         0 1026.5   0.0    10   691  2924  3605  2918  3627 0.96 -
Cluster_56_aln       -            359 MH493895.1           -           3636  3.2e-208  683.2  17.9   1   1  1.6e-208  6.7e-208  682.2  17.9     1   359   924  1282   924  1282 1.00 -
Cluster_23_aln       -            347 MH493895.1           -           3636  1.8e-143  470.0   0.9   1   1  8.3e-144  3.4e-143  469.1   0.9     5   345  2078  2410  2074  2412 0.95 -
Cluster_61_aln       -            220 MH493895.1           -           3636  3.1e-125  408.2   0.0   1   1  1.3e-125  5.2e-125  407.5   0.0     1   219  2413  2631  2413  2632 0.99 -
Cluster_63_aln       -            180 MH493895.1           -           3636   8.7e-92  298.0   1.0   1   1   4.3e-92   1.7e-91  297.0   1.0     1   180     1   180     1   180 1.00 -
Cluster_26_aln       -            227 MH493895.1           -           3636   1.1e-83  272.7   0.4   1   1   5.2e-84   2.1e-83  271.7   0.4     3   213   294   500   292   512 0.95 -
Cluster_27_aln       -            198 MH493895.1           -           3636     7e-73  237.0   6.4   1   1   1.7e-73     7e-73  237.0   6.4     2   198   503   700   502   700 0.99 -
Cluster_24_aln       -            374 MH493895.1           -           3636   3.4e-56  183.4   7.6   1   1   8.5e-57   3.4e-56  183.4   7.6   101   372   700   940   695   942 0.88 -
Cluster_11_aln       -            627 MH493895.1           -           3636   6.1e-40  129.2   2.0   1   1   2.4e-40   9.9e-40  128.5   2.0    44   477  1374  1839  1358  1857 0.76 -
Cluster_21_aln       -            629 MH493895.1           -           3636   8.3e-38  122.1   1.0   1   1   3.3e-38   1.3e-37  121.5   1.0   129   486  1471  1845  1371  1862 0.76 -
Cluster_28_aln       -            101 MH493895.1           -           3636   2.2e-31  100.2   4.8   1   1   1.6e-31   6.4e-31   98.7   4.8     5    98   189   286   185   289 0.91 -
Cluster_29_aln       -             64 MH493895.1           -           3636   7.2e-27   85.6   0.1   1   1   4.1e-27   1.6e-26   84.4   0.1     1    61  2008  2068  2008  2072 0.94 -
Cluster_36_aln       -            498 MH493895.1           -           3636   1.2e-20   65.7   0.0   1   1   7.4e-21     3e-20   64.4   0.0     1   210  2413  2627  2413  2631 0.89 -
Cluster_19_aln       -            569 MH493895.1           -           3636   6.4e-19   59.8   0.0   1   1   2.6e-19     1e-18   59.1   0.0    43   411  3082  3478  3073  3490 0.78 -
Cluster_10_aln       -            594 MH493895.1           -           3636   9.1e-16   49.5   0.0   1   1     4e-16   1.6e-15   48.7   0.0   117   330  3152  3370  3140  3413 0.80 -
Cluster_1_aln        -            621 MH493895.1           -           3636   2.9e-15   47.7   0.2   1   1   1.2e-15   4.8e-15   47.0   0.2   128   480  1472  1841  1365  1860 0.70 -
Cluster_58_aln       -            487 MH493895.1           -           3636   8.7e-10   29.6   0.0   1   1   4.7e-10   1.9e-09   28.5   0.0     5   211  2416  2627  2413  2636 0.79 -
Cluster_20_aln       -            683 MH493896.1           -           3636         0 1088.4   5.2   1   1         0         0 1088.0   5.2     1   683  1320  2006  1320  2006 0.99 -
Cluster_18_aln       -            717 MH493896.1           -           3636         0 1030.4   0.0   1   1         0         0 1029.7   0.0    10   708  2924  3618  2918  3627 0.96 -
Cluster_56_aln       -            359 MH493896.1           -           3636  1.6e-208  684.2  18.5   1   1  9.8e-209  3.8e-208  683.0  18.5     1   359   924  1282   924  1282 1.00 -
Cluster_23_aln       -            347 MH493896.1           -           3636  6.9e-144  471.4   0.9   1   1  3.3e-144  1.3e-143  470.5   0.9    28   345  2094  2410  2074  2412 0.96 -
Cluster_61_aln       -            220 MH493896.1           -           3636  1.1e-124  406.4   0.0   1   1  4.8e-125  1.8e-124  405.7   0.0     1   219  2413  2631  2413  2632 0.99 -
Cluster_63_aln       -            180 MH493896.1           -           3636   8.8e-92  298.0   1.0   1   1   4.5e-92   1.7e-91  297.0   1.0     1   180     1   180     1   180 1.00 -
Cluster_26_aln       -            227 MH493896.1           -           3636   8.2e-84  273.0   0.3   1   1   4.4e-84   1.7e-83  272.0   0.3     3   211   294   498   292   509 0.95 -
Cluster_27_aln       -            198 MH493896.1           -           3636   1.4e-72  236.0   6.6   1   1   3.5e-73   1.4e-72  236.0   6.6     3   198   504   700   502   700 0.99 -
Cluster_24_aln       -            374 MH493896.1           -           3636   1.7e-56  184.4   8.2   1   1   4.5e-57   1.7e-56  184.4   8.2   100   372   699   940   695   942 0.89 -
Cluster_11_aln       -            627 MH493896.1           -           3636   1.6e-40  131.2   1.5   1   1   6.5e-41   2.5e-40  130.5   1.5    44   477  1374  1839  1358  1859 0.76 -
Cluster_21_aln       -            629 MH493896.1           -           3636   5.2e-38  122.8   0.6   1   1   2.2e-38   8.6e-38  122.1   0.6   129   486  1471  1845  1373  1862 0.76 -
Cluster_28_aln       -            101 MH493896.1           -           3636   2.2e-31  100.2   4.8   1   1   1.6e-31   6.4e-31   98.7   4.8     5    98   189   286   185   289 0.91 -
Cluster_29_aln       -             64 MH493896.1           -           3636   3.8e-26   83.3   0.1   1   1   2.3e-26     9e-26   82.1   0.1     1    62  2008  2069  2008  2072 0.95 -
Cluster_36_aln       -            498 MH493896.1           -           3636     3e-20   64.4   0.0   1   1   1.4e-20   5.5e-20   63.6   0.0     1   210  2413  2627  2413  2631 0.87 -
Cluster_19_aln       -            569 MH493896.1           -           3636   1.4e-19   62.0   0.0   1   1     6e-20   2.3e-19   61.3   0.0    43   411  3082  3478  3073  3491 0.78 -
Cluster_10_aln       -            594 MH493896.1           -           3636   5.4e-17   53.5   0.0   1   1   2.5e-17   9.6e-17   52.7   0.0   116   331  3151  3371  3137  3419 0.79 -
Cluster_1_aln        -            621 MH493896.1           -           3636   7.2e-16   49.7   0.3   1   1   3.1e-16   1.2e-15   49.0   0.3   119   481  1464  1842  1364  1868 0.70 -
Cluster_58_aln       -            487 MH493896.1           -           3636   2.7e-09   28.0   0.0   1   1   1.5e-09   5.6e-09   27.0   0.0     5   211  2416  2627  2413  2635 0.78 -
Cluster_20_aln       -            683 MH715893.1           -           3636         0 1095.1   5.2   1   1         0         0 1094.7   5.2     1   683  1320  2006  1320  2006 0.99 -
Cluster_18_aln       -            717 MH715893.1           -           3636         0 1030.1   0.0   1   1         0         0 1029.4   0.0     9   691  2923  3605  2918  3629 0.95 -
Cluster_56_aln       -            359 MH715893.1           -           3636  2.1e-212  697.0  20.8   1   1    8e-213  3.4e-212  696.3  20.1     1   359   924  1282   924  1282 1.00 -
Cluster_23_aln       -            347 MH715893.1           -           3636  6.6e-145  474.7   0.6   1   1  3.2e-145  1.3e-144  473.7   0.6     4   345  2077  2410  2074  2412 0.96 -
Cluster_61_aln       -            220 MH715893.1           -           3636  2.4e-128  418.4   0.0   1   1  9.3e-129    4e-128  417.7   0.0     1   219  2413  2631  2413  2632 0.99 -
Cluster_63_aln       -            180 MH715893.1           -           3636    1e-100  327.1   1.0   1   1  5.2e-101  2.2e-100  326.0   1.0     1   180     1   180     1   180 1.00 -
Cluster_26_aln       -            227 MH715893.1           -           3636   1.5e-84  275.4   0.1   1   1     7e-85     3e-84  274.5   0.1     3   212   294   499   292   510 0.96 -
Cluster_27_aln       -            198 MH715893.1           -           3636     2e-73  238.8   6.9   1   1   4.6e-74     2e-73  238.8   6.9     2   198   503   700   502   700 0.99 -
Cluster_24_aln       -            374 MH715893.1           -           3636   1.4e-54  178.1   8.1   1   1   3.3e-55   1.4e-54  178.1   8.1   100   372   699   940   695   942 0.89 -
Cluster_11_aln       -            627 MH715893.1           -           3636   1.4e-41  134.6   2.0   1   1   5.3e-42   2.3e-41  134.0   2.0    42   477  1372  1839  1357  1857 0.77 -
Cluster_21_aln       -            629 MH715893.1           -           3636     3e-38  123.6   0.8   1   1   1.1e-38   4.7e-38  123.0   0.8   107   486  1445  1845  1373  1862 0.75 -
Cluster_28_aln       -            101 MH715893.1           -           3636   4.3e-33  105.7   6.0   1   1   3.7e-33   1.6e-32  103.8   6.0     6    99   190   287   185   289 0.92 -
Cluster_29_aln       -             64 MH715893.1           -           3636   4.1e-27   86.4   0.0   1   1   2.2e-27   9.4e-27   85.2   0.0     1    61  2008  2068  2008  2072 0.94 -
Cluster_19_aln       -            569 MH715893.1           -           3636   8.2e-19   59.4   0.0   1   1   3.1e-19   1.3e-18   58.7   0.0    43   411  3082  3478  3073  3490 0.77 -
Cluster_36_aln       -            498 MH715893.1           -           3636   5.7e-18   56.9   0.0   1   1   2.3e-18   9.8e-18   56.1   0.0     1   210  2413  2627  2413  2631 0.89 -
Cluster_10_aln       -            594 MH715893.1           -           3636   2.9e-17   54.4   0.0   1   1   1.2e-17     5e-17   53.7   0.0   117   331  3152  3371  3140  3419 0.80 -
Cluster_1_aln        -            621 MH715893.1           -           3636     5e-16   50.3   0.3   1   1   2.2e-16   9.4e-16   49.4   0.3    99   480  1434  1841  1365  1859 0.68 -
Cluster_20_aln       -            683 MH499642.2           -           3636         0 1090.3   5.5   1   1         0         0 1090.0   5.5     1   683  1320  2006  1320  2006 0.99 -
Cluster_18_aln       -            717 MH499642.2           -           3636         0 1016.2   0.0   1   1         0         0 1015.5   0.0    10   691  2924  3605  2918  3630 0.96 -
Cluster_56_aln       -            359 MH499642.2           -           3636  3.7e-210  689.6  16.9   1   1  2.1e-210  8.8e-210  688.4  16.9     1   359   924  1282   924  1282 1.00 -
Cluster_23_aln       -            347 MH499642.2           -           3636  3.4e-144  472.4   1.4   1   1  1.5e-144  6.4e-144  471.5   1.4    21   345  2091  2410  2074  2412 0.95 -
Cluster_61_aln       -            220 MH499642.2           -           3636  6.7e-123  400.6   0.0   1   1    3e-123  1.3e-122  399.6   0.0     1   219  2413  2631  2413  2632 0.99 -
Cluster_63_aln       -            180 MH499642.2           -           3636   8.9e-98  317.5   0.5   1   1   4.2e-98   1.8e-97  316.5   0.5     1   180     1   180     1   180 1.00 -
Cluster_26_aln       -            227 MH499642.2           -           3636   1.2e-84  275.8   0.2   1   1   5.5e-85   2.3e-84  274.8   0.2     3   212   294   499   292   510 0.95 -
Cluster_27_aln       -            198 MH499642.2           -           3636   5.1e-72  234.2   7.5   1   1   1.2e-72   5.1e-72  234.2   7.5     2   198   503   700   502   700 0.99 -
Cluster_24_aln       -            374 MH499642.2           -           3636   3.2e-56  183.5   7.5   1   1   7.4e-57   3.2e-56  183.5   7.5   101   372   700   940   695   942 0.90 -
Cluster_11_aln       -            627 MH499642.2           -           3636   1.5e-40  131.2   1.9   1   1   5.7e-41   2.4e-40  130.6   1.9    44   477  1374  1839  1357  1859 0.76 -
Cluster_21_aln       -            629 MH499642.2           -           3636   6.5e-38  122.5   0.8   1   1   2.4e-38     1e-37  121.8   0.8   129   486  1471  1845  1368  1862 0.76 -
Cluster_28_aln       -            101 MH499642.2           -           3636   2.1e-31  100.2   6.0   1   1     5e-32   2.1e-31  100.2   6.0     3    97   190   285   185   289 0.92 -
Cluster_29_aln       -             64 MH499642.2           -           3636   3.8e-27   86.5   0.0   1   1   2.1e-27   8.9e-27   85.3   0.0     1    62  2008  2069  2008  2072 0.95 -
Cluster_36_aln       -            498 MH499642.2           -           3636   3.7e-19   60.8   0.0   1   1   1.4e-19   6.1e-19   60.1   0.0     1   210  2413  2627  2413  2630 0.89 -
Cluster_19_aln       -            569 MH499642.2           -           3636   5.1e-17   53.5   0.0   1   1     2e-17   8.4e-17   52.8   0.0    43   411  3082  3478  3078  3491 0.76 -
Cluster_1_aln        -            621 MH499642.2           -           3636   9.2e-16   49.4   0.3   1   1   3.7e-16   1.6e-15   48.6   0.3   119   481  1464  1842  1368  1868 0.74 -
Cluster_10_aln       -            594 MH499642.2           -           3636     6e-13   40.2   0.0   1   1   2.8e-13   1.2e-12   39.2   0.0   154   330  3191  3370  3151  3415 0.79 -
Cluster_58_aln       -            487 MH499642.2           -           3636   9.9e-07   19.6   0.0   1   1   4.4e-07   1.9e-06   18.6   0.0     8   210  2419  2626  2413  2637 0.72 -
Cluster_20_aln       -            683 MH499643.1           -           3636         0 1094.3   4.9   1   1         0         0 1093.9   4.9     1   683  1320  2006  1320  2006 0.99 -
Cluster_18_aln       -            717 MH499643.1           -           3636         0 1029.6   0.0   1   1         0         0 1028.9   0.0     9   715  2923  3625  2918  3629 0.96 -
Cluster_56_aln       -            359 MH499643.1           -           3636  3.2e-208  683.2  14.5   1   1  1.6e-208  6.3e-208  682.3  14.5     1   359   924  1282   924  1282 1.00 -
Cluster_23_aln       -            347 MH499643.1           -           3636  3.1e-144  472.5   0.7   1   1  1.5e-144  5.7e-144  471.6   0.7     6   345  2079  2410  2074  2412 0.96 -
Cluster_61_aln       -            220 MH499643.1           -           3636  1.4e-128  419.2   0.0   1   1  5.9e-129  2.3e-128  418.4   0.0     1   219  2413  2631  2413  2632 0.99 -
Cluster_63_aln       -            180 MH499643.1           -           3636   2.2e-98  319.5   1.1   1   1   1.2e-98   4.7e-98  318.4   1.1     1   180     1   180     1   180 1.00 -
Cluster_26_aln       -            227 MH499643.1           -           3636   2.3e-84  274.9   0.2   1   1   1.2e-84   4.5e-84  273.9   0.2     3   212   294   499   292   510 0.96 -
Cluster_27_aln       -            198 MH499643.1           -           3636   2.5e-73  238.5   6.3   1   1   6.4e-74   2.5e-73  238.5   6.3     2   198   503   700   502   700 0.99 -
Cluster_24_aln       -            374 MH499643.1           -           3636   9.5e-57  185.2   7.3   1   1   1.6e-56   6.2e-56  182.6   7.3   100   372   699   940   695   942 0.90 -
Cluster_11_aln       -            627 MH499643.1           -           3636   5.6e-41  132.7   1.6   1   1   2.3e-41     9e-41  132.0   1.6    42   477  1372  1839  1357  1857 0.76 -
Cluster_21_aln       -            629 MH499643.1           -           3636   6.4e-38  122.5   0.9   1   1   2.5e-38   9.7e-38  121.9   0.9   130   486  1472  1845  1375  1862 0.77 -
Cluster_28_aln       -            101 MH499643.1           -           3636   2.1e-32  103.4   4.3   1   1     2e-32   7.8e-32  101.6   4.3     6    99   190   287   185   289 0.92 -
Cluster_29_aln       -             64 MH499643.1           -           3636   4.8e-27   86.1   0.0   1   1   2.9e-27   1.1e-26   85.0   0.0     1    60  2008  2067  2008  2072 0.94 -
Cluster_36_aln       -            498 MH499643.1           -           3636   3.5e-18   57.6   0.0   1   1   1.6e-18   6.2e-18   56.8   0.0     1   210  2413  2627  2413  2630 0.89 -
Cluster_19_aln       -            569 MH499643.1           -           3636   7.9e-18   56.2   0.0   1   1   3.3e-18   1.3e-17   55.5   0.0    43   411  3082  3478  3073  3490 0.77 -
Cluster_10_aln       -            594 MH499643.1           -           3636   2.2e-16   51.5   0.0   1   1   9.9e-17   3.8e-16   50.7   0.0   118   331  3153  3371  3141  3413 0.79 -
Cluster_1_aln        -            621 MH499643.1           -           3636   1.4e-15   48.8   0.2   1   1   3.7e-16   1.4e-15   48.8   0.2   119   481  1464  1842  1372  1862 0.76 -
Cluster_58_aln       -            487 MH499643.1           -           3636   5.9e-07   20.3   0.0   1   1   2.8e-07   1.1e-06   19.4   0.0    12   210  2420  2626  2413  2636 0.73 -
Cluster_20_aln       -            683 MH499644.1           -           3636         0 1077.8   5.5   1   1         0         0 1077.4   5.5     1   683  1320  2006  1320  2006 0.99 -
Cluster_18_aln       -            717 MH499644.1           -           3636         0 1021.8   0.0   1   1         0         0 1021.2   0.0    10   691  2924  3605  2918  3630 0.96 -
Cluster_56_aln       -            359 MH499644.1           -           3636  5.7e-210  689.0  16.5   1   1  3.2e-210  1.4e-209  687.7  16.5     1   359   924  1282   924  1282 1.00 -
Cluster_23_aln       -            347 MH499644.1           -           3636  6.8e-143  468.1   1.1   1   1  3.1e-143  1.3e-142  467.1   1.1    22   345  2092  2410  2074  2412 0.96 -
Cluster_61_aln       -            220 MH499644.1           -           3636  1.9e-123  402.4   0.0   1   1  7.8e-124  3.3e-123  401.6   0.0     1   219  2413  2631  2413  2632 0.99 -
Cluster_63_aln       -            180 MH499644.1           -           3636   1.4e-98  320.1   0.7   1   1   6.2e-99   2.7e-98  319.2   0.7     1   180     1   180     1   180 1.00 -
Cluster_26_aln       -            227 MH499644.1           -           3636   1.3e-84  275.6   0.2   1   1     6e-85   2.6e-84  274.7   0.2     3   212   294   499   292   510 0.95 -
Cluster_27_aln       -            198 MH499644.1           -           3636   2.7e-72  235.1   7.2   1   1   6.3e-73   2.7e-72  235.1   7.2     2   198   503   700   502   700 0.99 -
Cluster_24_aln       -            374 MH499644.1           -           3636   4.1e-57  186.4   7.9   1   1   9.6e-58   4.1e-57  186.4   7.9   100   372   699   940   695   942 0.90 -
Cluster_11_aln       -            627 MH499644.1           -           3636   6.3e-38  122.6   1.5   1   1   2.4e-38     1e-37  121.9   1.5    44   477  1374  1839  1357  1859 0.76 -
Cluster_21_aln       -            629 MH499644.1           -           3636   1.8e-35  114.4   0.6   1   1   6.9e-36     3e-35  113.7   0.6   129   486  1471  1845  1368  1862 0.76 -
Cluster_28_aln       -            101 MH499644.1           -           3636   9.4e-31   98.2   6.5   1   1   2.2e-31   9.4e-31   98.2   6.5     3    98   190   286   185   289 0.92 -
Cluster_29_aln       -             64 MH499644.1           -           3636   3.8e-27   86.5   0.0   1   1   2.1e-27   8.9e-27   85.3   0.0     1    62  2008  2069  2008  2072 0.95 -
Cluster_36_aln       -            498 MH499644.1           -           3636   7.8e-20   63.1   0.0   1   1   2.9e-20   1.2e-19   62.4   0.0     1   210  2413  2627  2413  2631 0.89 -
Cluster_19_aln       -            569 MH499644.1           -           3636   1.1e-17   55.7   0.0   1   1   4.2e-18   1.8e-17   55.0   0.0    43   411  3082  3478  3078  3491 0.76 -
Cluster_1_aln        -            621 MH499644.1           -           3636   4.6e-16   50.4   0.3   1   1   1.8e-16   7.9e-16   49.6   0.3   119   481  1464  1842  1368  1868 0.73 -
Cluster_10_aln       -            594 MH499644.1           -           3636   5.3e-15   47.0   0.0   1   1   2.4e-15     1e-14   46.0   0.0   154   330  3191  3370  3151  3419 0.78 -
Cluster_58_aln       -            487 MH499644.1           -           3636   5.5e-07   20.4   0.0   1   1   2.5e-07   1.1e-06   19.5   0.0     9   210  2417  2626  2412  2649 0.75 -
Cluster_20_aln       -            683 MH499645.1           -           3641         0 1079.4   5.0   1   1         0         0 1079.1   5.0     1   683  1320  2011  1320  2011 0.98 -
Cluster_18_aln       -            717 MH499645.1           -           3641         0 1025.6   0.0   1   1         0         0 1024.9   0.0     9   692  2928  3611  2923  3633 0.95 -
Cluster_56_aln       -            359 MH499645.1           -           3641  8.1e-213  698.4  20.6   1   1  3.1e-213  1.3e-212  697.6  19.9     1   359   924  1282   924  1282 1.00 -
Cluster_23_aln       -            347 MH499645.1           -           3641  6.9e-145  474.6   0.6   1   1  3.2e-145  1.4e-144  473.7   0.6     4   345  2082  2415  2079  2417 0.96 -
Cluster_61_aln       -            220 MH499645.1           -           3641  3.1e-129  421.3   0.0   1   1  1.2e-129  5.1e-129  420.6   0.0     1   219  2418  2636  2418  2637 0.99 -
Cluster_63_aln       -            180 MH499645.1           -           3641  9.4e-102  330.5   0.8   1   1  4.8e-102  2.1e-101  329.3   0.8     1   180     1   180     1   180 1.00 -
Cluster_26_aln       -            227 MH499645.1           -           3641   2.7e-84  274.6   0.1   1   1   1.2e-84   5.3e-84  273.7   0.1     3   212   294   499   292   510 0.96 -
Cluster_27_aln       -            198 MH499645.1           -           3641   7.4e-74  240.2   6.4   1   1   1.7e-74   7.4e-74  240.2   6.4     2   198   503   700   502   700 0.99 -
Cluster_24_aln       -            374 MH499645.1           -           3641   1.8e-55  181.1   8.1   1   1   4.2e-56   1.8e-55  181.1   8.1   100   372   699   940   695   942 0.89 -
Cluster_11_aln       -            627 MH499645.1           -           3641   6.3e-41  132.5   1.7   1   1   2.4e-41     1e-40  131.8   1.7    42   477  1372  1844  1357  1862 0.75 -
Cluster_21_aln       -            629 MH499645.1           -           3641   1.3e-36  118.2   0.7   1   1   4.6e-37     2e-36  117.6   0.7   107   486  1445  1850  1373  1867 0.73 -
Cluster_28_aln       -            101 MH499645.1           -           3641   6.2e-33  105.2   5.2   1   1   5.3e-33   2.3e-32  103.4   5.2     6    99   190   287   185   289 0.92 -
Cluster_29_aln       -             64 MH499645.1           -           3641   4.1e-27   86.4   0.0   1   1   2.2e-27   9.4e-27   85.2   0.0     1    61  2013  2073  2013  2077 0.94 -
Cluster_19_aln       -            569 MH499645.1           -           3641   1.2e-18   58.9   0.0   1   1   4.5e-19   1.9e-18   58.2   0.0    43   411  3087  3483  3078  3495 0.77 -
Cluster_36_aln       -            498 MH499645.1           -           3641   1.9e-18   58.5   0.0   1   1   7.8e-19   3.3e-18   57.7   0.0     1   210  2418  2632  2418  2636 0.89 -
Cluster_10_aln       -            594 MH499645.1           -           3641   4.6e-17   53.8   0.0   1   1   1.8e-17   7.7e-17   53.0   0.0   117   331  3157  3376  3145  3418 0.80 -
Cluster_1_aln        -            621 MH499645.1           -           3641   1.8e-14   45.1   0.3   1   1   7.7e-15   3.3e-14   44.2   0.3    99   480  1434  1846  1365  1864 0.67 -
Cluster_20_aln       -            683 MH499646.1           -           3636         0 1094.0   5.0   1   1         0         0 1093.6   5.0     1   683  1320  2006  1320  2006 0.99 -
Cluster_18_aln       -            717 MH499646.1           -           3636         0 1027.0   0.0   1   1         0         0 1026.3   0.0     9   708  2923  3618  2918  3628 0.95 -
Cluster_56_aln       -            359 MH499646.1           -           3636  8.7e-210  688.4  19.1   1   1  3.4e-210  1.4e-209  687.7  18.3     1   358   924  1281   924  1282 1.00 -
Cluster_23_aln       -            347 MH499646.1           -           3636  6.9e-145  474.6   0.6   1   1  3.2e-145  1.3e-144  473.7   0.6     4   345  2077  2410  2074  2412 0.96 -
Cluster_61_aln       -            220 MH499646.1           -           3636  3.1e-129  421.3   0.0   1   1  1.2e-129  5.1e-129  420.6   0.0     1   219  2413  2631  2413  2632 0.99 -
Cluster_63_aln       -            180 MH499646.1           -           3636  9.4e-102  330.5   0.8   1   1  4.8e-102  2.1e-101  329.3   0.8     1   180     1   180     1   180 1.00 -
Cluster_26_aln       -            227 MH499646.1           -           3636   1.4e-84  275.5   0.1   1   1   6.4e-85   2.7e-84  274.6   0.1     3   212   294   499   292   510 0.96 -
Cluster_27_aln       -            198 MH499646.1           -           3636   3.1e-74  241.4   6.2   1   1   7.3e-75   3.1e-74  241.4   6.2     2   198   503   700   502   700 0.99 -
Cluster_24_aln       -            374 MH499646.1           -           3636   1.9e-55  180.9   8.3   1   1   4.5e-56   1.9e-55  180.9   8.3   100   372   699   940   695   942 0.89 -
Cluster_11_aln       -            627 MH499646.1           -           3636   1.4e-41  134.6   2.0   1   1   5.3e-42   2.3e-41  134.0   2.0    42   477  1372  1839  1357  1857 0.77 -
Cluster_21_aln       -            629 MH499646.1           -           3636     3e-38  123.6   0.8   1   1   1.1e-38   4.6e-38  123.0   0.8   129   486  1471  1845  1374  1862 0.75 -
Cluster_28_aln       -            101 MH499646.1           -           3636   6.1e-33  105.2   5.2   1   1   5.3e-33   2.3e-32  103.4   5.2     6    99   190   287   185   289 0.92 -
Cluster_29_aln       -             64 MH499646.1           -           3636   4.1e-27   86.4   0.0   1   1   2.2e-27   9.4e-27   85.2   0.0     1    61  2008  2068  2008  2072 0.94 -
Cluster_19_aln       -            569 MH499646.1           -           3636   1.2e-18   58.9   0.0   1   1   4.5e-19   1.9e-18   58.2   0.0    43   411  3082  3478  3073  3490 0.77 -
Cluster_36_aln       -            498 MH499646.1           -           3636   1.9e-18   58.5   0.0   1   1   7.8e-19   3.3e-18   57.7   0.0     1   210  2413  2627  2413  2631 0.89 -
Cluster_10_aln       -            594 MH499646.1           -           3636   4.5e-17   53.8   0.0   1   1   1.8e-17   7.7e-17   53.0   0.0   117   331  3152  3371  3140  3413 0.80 -
Cluster_1_aln        -            621 MH499646.1           -           3636     5e-16   50.3   0.2   1   1   2.1e-16     9e-16   49.4   0.2    98   480  1433  1841  1364  1859 0.68 -
Cluster_20_aln       -            683 MH499647.1           -           3635         0 1094.3   5.2   1   1         0         0 1093.9   5.2     1   683  1319  2005  1319  2005 0.99 -
Cluster_18_aln       -            717 MH499647.1           -           3635         0 1031.9   0.0   1   1         0         0 1031.2   0.0     9   715  2922  3624  2917  3627 0.96 -
Cluster_56_aln       -            359 MH499647.1           -           3635  1.5e-190  625.1  12.2   1   1  7.9e-191    3e-190  624.1  12.2     1   359   924  1281   924  1281 0.98 -
Cluster_23_aln       -            347 MH499647.1           -           3635  6.2e-143  468.2   0.7   1   1  3.3e-143  1.3e-142  467.2   0.7     6   345  2078  2409  2073  2411 0.96 -
Cluster_61_aln       -            220 MH499647.1           -           3635  1.1e-127  416.2   0.0   1   1  4.9e-128  1.9e-127  415.4   0.0     1   219  2412  2630  2412  2631 0.99 -
Cluster_63_aln       -            180 MH499647.1           -           3635   2.2e-97  316.2   1.3   1   1   1.2e-97   4.7e-97  315.1   1.3     1   180     1   180     1   180 1.00 -
Cluster_26_aln       -            227 MH499647.1           -           3635   5.6e-85  276.9   0.3   1   1   2.8e-85   1.1e-84  275.9   0.3     3   212   294   499   292   510 0.96 -
Cluster_27_aln       -            198 MH499647.1           -           3635   2.6e-73  238.4   7.0   1   1   6.6e-74   2.6e-73  238.4   7.0     2   198   503   700   502   700 0.99 -
Cluster_24_aln       -            374 MH499647.1           -           3635   1.2e-56  185.0   8.4   1   1   1.9e-56   7.2e-56  182.3   8.4   100   370   699   939   695   943 0.89 -
Cluster_11_aln       -            627 MH499647.1           -           3635   5.7e-41  132.6   1.8   1   1   2.4e-41   9.3e-41  131.9   1.8    42   477  1371  1838  1356  1856 0.76 -
Cluster_21_aln       -            629 MH499647.1           -           3635   6.6e-38  122.5   0.9   1   1   2.6e-38     1e-37  121.9   0.9   130   486  1471  1844  1374  1861 0.77 -
Cluster_28_aln       -            101 MH499647.1           -           3635   2.5e-32  103.2   5.0   1   1   2.2e-32   8.3e-32  101.5   5.0     4    99   188   287   185   289 0.93 -
Cluster_29_aln       -             64 MH499647.1           -           3635   4.9e-27   86.1   0.0   1   1   2.9e-27   1.1e-26   85.0   0.0     1    60  2007  2066  2007  2071 0.94 -
Cluster_36_aln       -            498 MH499647.1           -           3635   2.1e-19   61.6   0.0   1   1   9.3e-20   3.6e-19   60.9   0.0     1   210  2412  2626  2412  2630 0.84 -
Cluster_19_aln       -            569 MH499647.1           -           3635   2.3e-17   54.6   0.0   1   1   9.9e-18   3.8e-17   53.9   0.0    43   411  3081  3477  3072  3489 0.76 -
Cluster_10_aln       -            594 MH499647.1           -           3635   5.3e-17   53.6   0.0   1   1   2.5e-17   9.7e-17   52.7   0.0   117   331  3151  3370  3139  3416 0.80 -
Cluster_1_aln        -            621 MH499647.1           -           3635   1.1e-15   49.1   0.2   1   1   2.8e-16   1.1e-15   49.1   0.2   119   481  1463  1841  1371  1861 0.75 -
Cluster_58_aln       -            487 MH499647.1           -           3635     1e-09   29.4   0.0   1   1     5e-10   1.9e-09   28.5   0.0    12   211  2419  2626  2412  2635 0.76 -
Cluster_20_aln       -            683 MH499648.1           -           3637         0 1091.1   5.8   1   1         0         0 1090.8   5.8     1   683  1321  2007  1321  2007 0.99 -
Cluster_18_aln       -            717 MH499648.1           -           3637         0 1020.7   0.0   1   1         0         0 1020.0   0.0    10   691  2925  3606  2919  3631 0.96 -
Cluster_56_aln       -            359 MH499648.1           -           3637  9.4e-210  688.3  16.9   1   1  5.1e-210  2.2e-209  687.1  16.9     1   359   925  1283   925  1283 1.00 -
Cluster_23_aln       -            347 MH499648.1           -           3637  2.9e-143  469.3   1.4   1   1  1.3e-143  5.5e-143  468.4   1.4    21   345  2092  2411  2075  2413 0.95 -
Cluster_61_aln       -            220 MH499648.1           -           3637  1.6e-122  399.3   0.0   1   1  7.2e-123  3.1e-122  398.4   0.0     1   219  2414  2632  2414  2633 0.99 -
Cluster_63_aln       -            180 MH499648.1           -           3637   1.6e-96  313.4   0.5   1   1   7.4e-97   3.1e-96  312.5   0.5     1   180     1   180     1   180 1.00 -
Cluster_26_aln       -            227 MH499648.1           -           3637   2.9e-84  274.5   0.2   1   1   1.3e-84   5.7e-84  273.5   0.2     3   212   294   499   292   510 0.95 -
Cluster_27_aln       -            198 MH499648.1           -           3637   2.8e-60  195.8   2.7   1   1   6.6e-61   2.8e-60  195.8   2.7     2   198   503   701   502   701 0.96 -
Cluster_24_aln       -            374 MH499648.1           -           3637   1.3e-57  188.1   7.1   1   1   3.1e-58   1.3e-57  188.1   7.1   101   372   701   941   696   943 0.91 -
Cluster_11_aln       -            627 MH499648.1           -           3637   1.5e-40  131.2   2.0   1   1   5.9e-41   2.5e-40  130.5   2.0    44   477  1375  1840  1358  1860 0.76 -
Cluster_21_aln       -            629 MH499648.1           -           3637     6e-38  122.6   1.0   1   1   2.3e-38   9.6e-38  121.9   1.0   129   486  1472  1846  1368  1863 0.75 -
Cluster_28_aln       -            101 MH499648.1           -           3637   1.5e-31  100.7   6.7   1   1   3.5e-32   1.5e-31  100.7   6.7     3    97   190   285   185   289 0.92 -
Cluster_29_aln       -             64 MH499648.1           -           3637   3.7e-27   86.5   0.0   1   1   2.1e-27   8.9e-27   85.3   0.0     1    62  2009  2070  2009  2073 0.95 -
Cluster_36_aln       -            498 MH499648.1           -           3637   4.9e-19   60.4   0.0   1   1   1.9e-19   8.3e-19   59.7   0.0     1   210  2414  2628  2414  2631 0.88 -
Cluster_19_aln       -            569 MH499648.1           -           3637   4.9e-18   56.9   0.0   1   1   1.9e-18     8e-18   56.2   0.0    43   411  3083  3479  3079  3491 0.76 -
Cluster_1_aln        -            621 MH499648.1           -           3637   8.4e-16   49.5   0.4   1   1   3.3e-16   1.4e-15   48.8   0.4   119   481  1465  1843  1366  1869 0.72 -
Cluster_10_aln       -            594 MH499648.1           -           3637   4.6e-15   47.2   0.0   1   1   1.8e-15   7.9e-15   46.4   0.0   140   330  3173  3371  3148  3415 0.78 -
Cluster_58_aln       -            487 MH499648.1           -           3637     5e-07   20.5   0.0   1   1   2.2e-07   9.4e-07   19.6   0.0     8   210  2420  2627  2414  2638 0.75 -
Cluster_20_aln       -            683 MF979135.1           -           3636         0 1090.5   3.9   1   1         0         0 1090.1   3.9     1   683  1320  2006  1320  2006 0.99 -
Cluster_18_aln       -            717 MF979135.1           -           3636         0 1026.0   0.0   1   1         0         0 1025.3   0.0     9   712  2923  3622  2918  3627 0.96 -
Cluster_56_aln       -            359 MF979135.1           -           3636  3.1e-209  686.5  19.2   1   1  1.1e-209  4.9e-209  685.9  18.4     1   359   924  1282   924  1282 1.00 -
Cluster_23_aln       -            347 MF979135.1           -           3636    1e-144  474.1   0.6   1   1  4.9e-145  2.1e-144  473.1   0.6     3   345  2076  2410  2074  2412 0.96 -
Cluster_61_aln       -            220 MF979135.1           -           3636  3.3e-130  424.5   0.0   1   1  1.3e-130  5.5e-130  423.7   0.0     1   219  2413  2631  2413  2632 0.99 -
Cluster_63_aln       -            180 MF979135.1           -           3636  1.8e-102  332.8   0.6   1   1  9.5e-103  4.1e-102  331.7   0.6     1   180     1   180     1   180 1.00 -
Cluster_26_aln       -            227 MF979135.1           -           3636   1.4e-84  275.6   0.2   1   1   6.3e-85   2.7e-84  274.6   0.2     3   212   294   499   292   510 0.96 -
Cluster_27_aln       -            198 MF979135.1           -           3636   9.7e-74  239.8   5.4   1   1   2.3e-74   9.7e-74  239.8   5.4     2   198   503   700   502   700 0.99 -
Cluster_24_aln       -            374 MF979135.1           -           3636   1.9e-55  181.0   6.5   1   1   4.4e-56   1.9e-55  181.0   6.5   100   372   699   940   695   942 0.90 -
Cluster_11_aln       -            627 MF979135.1           -           3636   1.6e-40  131.1   1.5   1   1   6.3e-41   2.7e-40  130.4   1.5    42   477  1372  1839  1357  1857 0.77 -
Cluster_21_aln       -            629 MF979135.1           -           3636   1.8e-37  121.0   0.7   1   1   6.8e-38   2.9e-37  120.4   0.7   130   486  1472  1845  1375  1862 0.77 -
Cluster_28_aln       -            101 MF979135.1           -           3636   1.4e-31  100.8   3.4   1   1   1.2e-31   5.3e-31   99.0   3.4     3    99   190   287   186   289 0.94 -
Cluster_29_aln       -             64 MF979135.1           -           3636   4.2e-27   86.3   0.0   1   1   2.2e-27   9.4e-27   85.2   0.0     1    60  2008  2067  2008  2072 0.94 -
Cluster_36_aln       -            498 MF979135.1           -           3636   5.3e-19   60.3   0.0   1   1   2.1e-19     9e-19   59.6   0.0     1   210  2413  2627  2413  2630 0.91 -
Cluster_19_aln       -            569 MF979135.1           -           3636   3.1e-17   54.2   0.0   1   1   1.2e-17     5e-17   53.5   0.0    43   411  3082  3478  3074  3491 0.75 -
Cluster_10_aln       -            594 MF979135.1           -           3636   1.6e-16   52.0   0.0   1   1   6.3e-17   2.7e-16   51.2   0.0   117   331  3152  3371  3142  3413 0.80 -
Cluster_58_aln       -            487 MF979135.1           -           3636   5.1e-07   20.5   0.0   1   1   2.3e-07   9.8e-07   19.6   0.0     5   210  2416  2626  2413  2635 0.73 -
Cluster_20_aln       -            683 MF377344.1           -           3636         0 1091.0   4.5   1   1         0         0 1090.7   4.5     1   683  1320  2006  1320  2006 0.99 -
Cluster_18_aln       -            717 MF377344.1           -           3636         0 1034.9   0.0   1   1         0         0 1034.2   0.0    10   714  2924  3624  2918  3629 0.96 -
Cluster_56_aln       -            359 MF377344.1           -           3636    1e-215  707.9  19.9   1   1    6e-216  2.4e-215  706.6  19.5     1   359   924  1282   924  1282 1.00 -
Cluster_23_aln       -            347 MF377344.1           -           3636  8.8e-145  474.3   0.9   1   1  4.5e-145  1.8e-144  473.3   0.9     3   345  2076  2410  2074  2412 0.96 -
Cluster_61_aln       -            220 MF377344.1           -           3636  1.7e-130  425.4   0.0   1   1  7.1e-131  2.9e-130  424.7   0.0     1   219  2413  2631  2413  2632 0.99 -
Cluster_63_aln       -            180 MF377344.1           -           3636  2.8e-105  341.9   0.9   1   1  1.5e-105  6.2e-105  340.8   0.9     1   180     1   180     1   180 1.00 -
Cluster_26_aln       -            227 MF377344.1           -           3636   4.8e-85  277.1   0.5   1   1   2.3e-85   9.3e-85  276.1   0.5     3   211   294   498   292   510 0.95 -
Cluster_27_aln       -            198 MF377344.1           -           3636   2.7e-73  238.3   5.8   1   1   6.7e-74   2.7e-73  238.3   5.8     2   198   503   700   502   700 0.99 -
Cluster_24_aln       -            374 MF377344.1           -           3636     1e-55  181.9   6.7   1   1   2.5e-56     1e-55  181.9   6.7   100   372   699   940   695   942 0.90 -
Cluster_11_aln       -            627 MF377344.1           -           3636   5.5e-41  132.7   1.4   1   1   2.3e-41   9.2e-41  132.0   1.4    42   477  1372  1839  1358  1859 0.77 -
Cluster_21_aln       -            629 MF377344.1           -           3636   6.8e-38  122.4   0.7   1   1   2.6e-38   1.1e-37  121.8   0.7   129   486  1471  1845  1374  1862 0.76 -
Cluster_28_aln       -            101 MF377344.1           -           3636   9.8e-33  104.5   4.2   1   1   7.9e-33   3.2e-32  102.9   4.2     3    99   190   287   185   289 0.92 -
Cluster_29_aln       -             64 MF377344.1           -           3636   1.7e-27   87.6   0.0   1   1   8.7e-28   3.5e-27   86.6   0.0     1    62  2008  2069  2008  2073 0.95 -
Cluster_19_aln       -            569 MF377344.1           -           3636   1.9e-18   58.2   0.0   1   1   7.5e-19     3e-18   57.5   0.0    42   410  3081  3477  3072  3490 0.78 -
Cluster_36_aln       -            498 MF377344.1           -           3636   2.6e-18   58.0   0.0   1   1   1.3e-18   5.1e-18   57.1   0.0     1   210  2413  2627  2413  2635 0.90 -
Cluster_10_aln       -            594 MF377344.1           -           3636   6.5e-17   53.3   0.0   1   1   2.9e-17   1.2e-16   52.4   0.0   117   330  3152  3370  3142  3413 0.79 -
Cluster_1_aln        -            621 MF377344.1           -           3636   8.3e-15   46.2   0.2   1   1   2.1e-15   8.3e-15   46.2   0.2   119   480  1464  1841  1369  1857 0.73 -
Cluster_20_aln       -            683 MH102210.1           -           3636         0 1090.7   4.6   1   1         0         0 1090.3   4.6     1   683  1320  2006  1320  2006 0.99 -
Cluster_18_aln       -            717 MH102210.1           -           3636         0 1036.3   0.0   1   1         0         0 1035.7   0.0     9   716  2923  3626  2918  3627 0.96 -
Cluster_56_aln       -            359 MH102210.1           -           3636  1.6e-214  704.0  17.9   1   1  9.6e-215  4.1e-214  702.6  17.6     1   359   924  1282   924  1282 1.00 -
Cluster_23_aln       -            347 MH102210.1           -           3636  1.4e-143  470.3   0.8   1   1  7.2e-144  3.1e-143  469.2   0.8     3   345  2076  2410  2074  2412 0.96 -
Cluster_61_aln       -            220 MH102210.1           -           3636  1.5e-130  425.5   0.0   1   1    6e-131  2.5e-130  424.8   0.0     1   219  2413  2631  2413  2632 0.99 -
Cluster_63_aln       -            180 MH102210.1           -           3636  9.4e-105  340.2   0.9   1   1  4.9e-105  2.1e-104  339.1   0.9     1   180     1   180     1   180 1.00 -
Cluster_26_aln       -            227 MH102210.1           -           3636   8.9e-85  276.2   0.4   1   1     4e-85   1.7e-84  275.2   0.4     3   211   294   498   292   510 0.95 -
Cluster_27_aln       -            198 MH102210.1           -           3636     3e-72  234.9   5.8   1   1     7e-73     3e-72  234.9   5.8     2   198   503   700   502   700 0.99 -
Cluster_24_aln       -            374 MH102210.1           -           3636   1.7e-55  181.1   6.6   1   1   3.9e-56   1.7e-55  181.1   6.6   100   372   699   940   695   942 0.89 -
Cluster_11_aln       -            627 MH102210.1           -           3636   5.7e-41  132.6   1.5   1   1   2.2e-41   9.6e-41  131.9   1.5    42   477  1372  1839  1358  1859 0.77 -
Cluster_21_aln       -            629 MH102210.1           -           3636   9.1e-38  122.0   0.7   1   1   3.3e-38   1.4e-37  121.4   0.7   129   486  1471  1845  1374  1862 0.76 -
Cluster_28_aln       -            101 MH102210.1           -           3636     1e-32  104.4   4.2   1   1   7.5e-33   3.2e-32  102.9   4.2     3    99   190   287   185   289 0.92 -
Cluster_29_aln       -             64 MH102210.1           -           3636   1.7e-27   87.6   0.0   1   1   8.2e-28   3.5e-27   86.6   0.0     1    62  2008  2069  2008  2073 0.95 -
Cluster_19_aln       -            569 MH102210.1           -           3636   1.9e-18   58.2   0.0   1   1     7e-19     3e-18   57.6   0.0    42   410  3081  3477  3072  3490 0.78 -
Cluster_36_aln       -            498 MH102210.1           -           3636   7.3e-18   56.6   0.0   1   1   3.3e-18   1.4e-17   55.6   0.0     1   210  2413  2627  2413  2635 0.90 -
Cluster_10_aln       -            594 MH102210.1           -           3636   6.8e-17   53.2   0.0   1   1     3e-17   1.3e-16   52.3   0.0   117   330  3152  3370  3141  3413 0.79 -
Cluster_1_aln        -            621 MH102210.1           -           3636     5e-15   47.0   0.2   1   1   1.2e-15     5e-15   47.0   0.2   119   480  1464  1841  1369  1857 0.73 -
Cluster_20_aln       -            683 MG792803.1           -           3637         0 1094.2   5.6   1   1         0         0 1093.9   5.6     1   683  1320  2006  1320  2006 0.99 -
Cluster_18_aln       -            717 MG792803.1           -           3637         0 1022.4   0.0   1   1         0         0 1021.7   0.0     9   707  2923  3618  2918  3628 0.96 -
Cluster_56_aln       -            359 MG792803.1           -           3637  3.9e-213  699.4  18.3   1   1    1e-213  3.9e-213  699.4  18.3     1   359   924  1282   924  1282 1.00 -
Cluster_23_aln       -            347 MG792803.1           -           3637  5.1e-145  475.1   0.8   1   1  2.5e-145  9.8e-145  474.1   0.8     4   345  2077  2410  2074  2412 0.96 -
Cluster_61_aln       -            220 MG792803.1           -           3637  3.6e-129  421.1   0.0   1   1  1.5e-129  5.9e-129  420.4   0.0     1   219  2413  2631  2413  2632 0.99 -
Cluster_63_aln       -            180 MG792803.1           -           3637  2.9e-104  338.7   0.9   1   1  1.6e-104  6.2e-104  337.6   0.9     1   180     1   180     1   180 1.00 -
Cluster_26_aln       -            227 MG792803.1           -           3637   1.4e-84  275.6   0.2   1   1   6.9e-85   2.7e-84  274.6   0.2     3   212   294   499   292   510 0.96 -
Cluster_27_aln       -            198 MG792803.1           -           3637   1.3e-73  239.4   6.2   1   1   3.3e-74   1.3e-73  239.4   6.2     2   198   503   700   502   700 0.99 -
Cluster_24_aln       -            374 MG792803.1           -           3637   1.8e-56  184.4   9.4   1   1   4.6e-57   1.8e-56  184.4   9.4   100   372   699   940   695   942 0.90 -
Cluster_11_aln       -            627 MG792803.1           -           3637   2.6e-41  133.7   2.0   1   1   1.1e-41   4.3e-41  133.0   2.0    42   477  1372  1839  1357  1859 0.77 -
Cluster_21_aln       -            629 MG792803.1           -           3637     4e-38  123.2   0.8   1   1   1.6e-38   6.2e-38  122.6   0.8   129   486  1471  1845  1374  1862 0.76 -
Cluster_28_aln       -            101 MG792803.1           -           3637   2.1e-32  103.4   5.7   1   1   2.2e-32   8.4e-32  101.5   5.7     3    99   190   287   185   289 0.92 -
Cluster_29_aln       -             64 MG792803.1           -           3637   4.1e-27   86.4   0.0   1   1   2.4e-27   9.4e-27   85.2   0.0     1    61  2008  2068  2008  2072 0.94 -
Cluster_36_aln       -            498 MG792803.1           -           3637   5.3e-18   57.0   0.0   1   1   2.4e-18   9.2e-18   56.2   0.0     1   210  2413  2627  2413  2631 0.90 -
Cluster_19_aln       -            569 MG792803.1           -           3637   6.8e-18   56.4   0.0   1   1   2.9e-18   1.1e-17   55.7   0.0    43   410  3082  3477  3073  3490 0.77 -
Cluster_10_aln       -            594 MG792803.1           -           3637   2.3e-16   51.4   0.0   1   1   1.2e-16   4.6e-16   50.5   0.0   117   330  3152  3370  3142  3413 0.79 -
Cluster_1_aln        -            621 MG792803.1           -           3637   8.1e-16   49.6   0.2   1   1   3.4e-16   1.3e-15   48.9   0.2   119   480  1464  1841  1368  1857 0.72 -
Cluster_58_aln       -            487 MG792803.1           -           3637   3.2e-06   17.9   0.0   1   1   1.6e-06   6.1e-06   17.0   0.0     5   210  2416  2626  2413  2635 0.70 -
Cluster_20_aln       -            683 MF167290.1           -           3636         0 1096.5   4.6   1   1         0         0 1096.2   4.6     1   683  1320  2006  1320  2006 0.99 -
Cluster_18_aln       -            717 MF167290.1           -           3636         0 1028.8   0.0   1   1         0         0 1028.2   0.0     9   715  2923  3625  2918  3627 0.97 -
Cluster_56_aln       -            359 MF167290.1           -           3636  3.4e-212  696.3  18.0   1   1  2.1e-212  8.1e-212  695.1  18.0     1   359   924  1282   924  1282 1.00 -
Cluster_23_aln       -            347 MF167290.1           -           3636  7.9e-145  474.4   0.9   1   1  4.3e-145  1.7e-144  473.4   0.9     3   345  2076  2410  2074  2412 0.96 -
Cluster_61_aln       -            220 MF167290.1           -           3636  6.7e-127  413.7   0.0   1   1    3e-127  1.1e-126  412.9   0.0     1   219  2413  2631  2413  2632 0.99 -
Cluster_63_aln       -            180 MF167290.1           -           3636  3.6e-103  335.1   1.4   1   1  1.9e-103  7.4e-103  334.1   1.4     1   180     1   180     1   180 1.00 -
Cluster_26_aln       -            227 MF167290.1           -           3636   2.2e-84  274.9   0.3   1   1   1.1e-84   4.1e-84  274.0   0.3     3   215   294   502   292   512 0.95 -
Cluster_27_aln       -            198 MF167290.1           -           3636   2.3e-73  238.6   6.4   1   1     6e-74   2.3e-73  238.6   6.4     2   198   503   700   502   700 0.99 -
Cluster_24_aln       -            374 MF167290.1           -           3636   2.5e-56  183.9   8.6   1   1   6.4e-57   2.5e-56  183.9   8.6   100   372   699   940   695   942 0.90 -
Cluster_11_aln       -            627 MF167290.1           -           3636   6.2e-41  132.5   1.6   1   1   2.6e-41     1e-40  131.8   1.6    43   477  1373  1839  1360  1857 0.77 -
Cluster_21_aln       -            629 MF167290.1           -           3636   4.9e-38  122.9   0.9   1   1     2e-38   7.7e-38  122.3   0.9   129   486  1471  1845  1375  1862 0.76 -
Cluster_28_aln       -            101 MF167290.1           -           3636   1.6e-32  103.8   4.7   1   1   1.5e-32   5.8e-32  102.1   4.7     3   100   190   288   185   289 0.92 -
Cluster_29_aln       -             64 MF167290.1           -           3636   5.2e-27   86.0   0.0   1   1   3.1e-27   1.2e-26   84.9   0.0     2    61  2009  2068  2008  2072 0.94 -
Cluster_36_aln       -            498 MF167290.1           -           3636     3e-19   61.1   0.0   1   1   1.4e-19   5.2e-19   60.3   0.0     1   210  2413  2627  2413  2630 0.90 -
Cluster_19_aln       -            569 MF167290.1           -           3636   1.4e-17   55.4   0.0   1   1     6e-18   2.3e-17   54.6   0.0    42   411  3081  3478  3072  3491 0.76 -
Cluster_10_aln       -            594 MF167290.1           -           3636   2.8e-16   51.2   0.0   1   1   1.2e-16   4.7e-16   50.4   0.0   121   331  3156  3371  3143  3416 0.77 -
Cluster_1_aln        -            621 MF167290.1           -           3636   8.9e-16   49.4   0.2   1   1   4.9e-16   1.9e-15   48.4   0.2   119   481  1464  1842  1369  1862 0.73 -
Cluster_58_aln       -            487 MF167290.1           -           3636   6.9e-08   23.4   0.0   1   1   3.3e-08   1.3e-07   22.5   0.0     5   210  2416  2626  2413  2636 0.72 -
Cluster_20_aln       -            683 MF167291.1           -           3636         0 1096.5   4.6   1   1         0         0 1096.2   4.6     1   683  1320  2006  1320  2006 0.99 -
Cluster_18_aln       -            717 MF167291.1           -           3636         0 1029.0   0.0   1   1         0         0 1028.4   0.0     9   716  2923  3626  2918  3627 0.97 -
Cluster_56_aln       -            359 MF167291.1           -           3636  3.5e-212  696.3  18.0   1   1  2.1e-212  8.1e-212  695.1  18.0     1   359   924  1282   924  1282 1.00 -
Cluster_23_aln       -            347 MF167291.1           -           3636  7.9e-145  474.4   0.9   1   1  4.3e-145  1.7e-144  473.4   0.9     3   345  2076  2410  2074  2412 0.96 -
Cluster_61_aln       -            220 MF167291.1           -           3636  6.7e-127  413.7   0.0   1   1    3e-127  1.1e-126  412.9   0.0     1   219  2413  2631  2413  2632 0.99 -
Cluster_63_aln       -            180 MF167291.1           -           3636  3.6e-103  335.1   1.4   1   1  1.9e-103  7.4e-103  334.1   1.4     1   180     1   180     1   180 1.00 -
Cluster_26_aln       -            227 MF167291.1           -           3636   2.2e-84  274.9   0.3   1   1   1.1e-84   4.1e-84  274.0   0.3     3   215   294   502   292   512 0.95 -
Cluster_27_aln       -            198 MF167291.1           -           3636   2.3e-73  238.6   6.4   1   1     6e-74   2.3e-73  238.6   6.4     2   198   503   700   502   700 0.99 -
Cluster_24_aln       -            374 MF167291.1           -           3636   2.7e-56  183.8   8.8   1   1     7e-57   2.7e-56  183.8   8.8   100   372   699   940   695   942 0.90 -
Cluster_11_aln       -            627 MF167291.1           -           3636   6.2e-41  132.5   1.6   1   1   2.6e-41     1e-40  131.8   1.6    43   477  1373  1839  1360  1857 0.77 -
Cluster_21_aln       -            629 MF167291.1           -           3636   4.9e-38  122.9   0.9   1   1     2e-38   7.7e-38  122.3   0.9   129   486  1471  1845  1375  1862 0.76 -
Cluster_28_aln       -            101 MF167291.1           -           3636   7.2e-32  101.8   5.2   1   1   6.7e-32   2.6e-31  100.0   5.2     3   100   190   288   185   289 0.92 -
Cluster_29_aln       -             64 MF167291.1           -           3636   5.2e-27   86.0   0.0   1   1   3.1e-27   1.2e-26   84.9   0.0     2    61  2009  2068  2008  2072 0.94 -
Cluster_36_aln       -            498 MF167291.1           -           3636     3e-19   61.1   0.0   1   1   1.4e-19   5.2e-19   60.3   0.0     1   210  2413  2627  2413  2630 0.90 -
Cluster_19_aln       -            569 MF167291.1           -           3636   1.4e-17   55.4   0.0   1   1     6e-18   2.3e-17   54.6   0.0    42   411  3081  3478  3072  3491 0.76 -
Cluster_10_aln       -            594 MF167291.1           -           3636   2.8e-16   51.2   0.0   1   1   1.2e-16   4.7e-16   50.4   0.0   121   331  3156  3371  3143  3416 0.77 -
Cluster_1_aln        -            621 MF167291.1           -           3636   8.8e-16   49.4   0.2   1   1   4.9e-16   1.9e-15   48.4   0.2   119   481  1464  1842  1369  1862 0.73 -
Cluster_58_aln       -            487 MF167291.1           -           3636   6.9e-08   23.4   0.0   1   1   3.3e-08   1.3e-07   22.5   0.0     5   210  2416  2626  2413  2636 0.72 -
Cluster_20_aln       -            683 MF167292.1           -           3605         0 1090.4   5.2   1   1         0         0 1090.1   5.2     1   683  1320  2006  1320  2006 0.99 -
Cluster_18_aln       -            717 MF167292.1           -           3605         0 1013.7   0.0   1   1         0         0 1012.9   0.0     9   707  2892  3586  2887  3597 0.95 -
Cluster_56_aln       -            359 MF167292.1           -           3605  9.2e-213  698.2  19.5   1   1  3.9e-213  1.7e-212  697.3  19.5     1   359   924  1282   924  1282 1.00 -
Cluster_23_aln       -            347 MF167292.1           -           3605  5.4e-145  475.0   0.8   1   1  2.7e-145  1.2e-144  473.9   0.8     4   345  2077  2410  2074  2412 0.96 -
Cluster_61_aln       -            220 MF167292.1           -           3605  2.6e-101  330.0   1.1   1   2   1.8e-83   7.9e-83  269.6   0.1     1   148  2413  2560  2413  2562 0.99 -
Cluster_61_aln       -            220 MF167292.1           -           3605  2.6e-101  330.0   1.1   2   2   4.9e-20   2.1e-19   62.2   0.1   176   219  2557  2600  2557  2601 0.96 -
Cluster_63_aln       -            180 MF167292.1           -           3605  6.3e-101  327.8   1.1   1   1  3.2e-101  1.4e-100  326.7   1.1     1   180     1   180     1   180 1.00 -
Cluster_26_aln       -            227 MF167292.1           -           3605   2.2e-83  271.7   0.1   1   1     1e-83   4.3e-83  270.7   0.1     3   212   294   499   292   510 0.96 -
Cluster_27_aln       -            198 MF167292.1           -           3605     1e-73  239.7   6.7   1   1   2.4e-74     1e-73  239.7   6.7     2   198   503   700   502   700 0.99 -
Cluster_24_aln       -            374 MF167292.1           -           3605   3.4e-56  183.4   7.5   1   1   6.6e-56   2.8e-55  180.4   7.5   100   372   699   940   695   942 0.88 -
Cluster_11_aln       -            627 MF167292.1           -           3605   3.1e-41  133.5   1.9   1   1   1.1e-41   4.9e-41  132.9   1.9    42   477  1372  1839  1357  1857 0.77 -
Cluster_21_aln       -            629 MF167292.1           -           3605   1.2e-37  121.7   0.7   1   1   4.3e-38   1.8e-37  121.0   0.7   129   486  1471  1845  1374  1862 0.76 -
Cluster_28_aln       -            101 MF167292.1           -           3605   5.5e-33  105.3   5.6   1   1   4.6e-33     2e-32  103.5   5.6     3    99   190   287   185   289 0.92 -
Cluster_29_aln       -             64 MF167292.1           -           3605     4e-27   86.4   0.0   1   1   2.2e-27   9.3e-27   85.2   0.0     1    61  2008  2068  2008  2072 0.94 -
Cluster_19_aln       -            569 MF167292.1           -           3605   2.8e-19   60.9   0.0   1   1   1.1e-19   4.5e-19   60.3   0.0    43   411  3051  3447  3042  3459 0.77 -
Cluster_10_aln       -            594 MF167292.1           -           3605   2.5e-17   54.7   0.0   1   1   9.7e-18   4.2e-17   53.9   0.0   117   331  3121  3340  3102  3388 0.80 -
Cluster_1_aln        -            621 MF167292.1           -           3605   7.1e-16   49.8   0.2   1   1   3.1e-16   1.3e-15   48.9   0.2   119   480  1464  1841  1368  1859 0.72 -
Cluster_36_aln       -            498 MF167292.1           -           3605   2.8e-12   38.1   0.1   1   1   1.2e-10   5.3e-10   30.6   0.0     1   114  2413  2529  2413  2557 0.79 -
Cluster_20_aln       -            683 KY475592.1           -           3636         0 1095.1   5.2   1   1         0         0 1094.7   5.2     1   683  1320  2006  1320  2006 0.99 -
Cluster_18_aln       -            717 KY475592.1           -           3636         0 1030.7   0.0   1   1         0         0 1030.0   0.0     9   708  2923  3618  2918  3628 0.95 -
Cluster_56_aln       -            359 KY475592.1           -           3636  3.3e-213  699.6  20.6   1   1  1.2e-213  5.1e-213  699.0  19.8     1   359   924  1282   924  1282 1.00 -
Cluster_23_aln       -            347 KY475592.1           -           3636    2e-144  473.1   0.4   1   1    1e-144  4.3e-144  472.0   0.4     4   345  2077  2410  2074  2412 0.96 -
Cluster_61_aln       -            220 KY475592.1           -           3636    3e-128  418.0   0.0   1   1  1.2e-128    5e-128  417.4   0.0     1   219  2413  2631  2413  2632 0.99 -
Cluster_63_aln       -            180 KY475592.1           -           3636  7.8e-102  330.7   1.2   1   1    4e-102  1.7e-101  329.6   1.2     1   180     1   180     1   180 1.00 -
Cluster_26_aln       -            227 KY475592.1           -           3636   7.6e-85  276.4   0.1   1   1   3.5e-85   1.5e-84  275.5   0.1     3   212   294   499   292   510 0.96 -
Cluster_27_aln       -            198 KY475592.1           -           3636   3.8e-73  237.8   6.5   1   1     9e-74   3.8e-73  237.8   6.5     2   198   503   700   502   700 0.99 -
Cluster_24_aln       -            374 KY475592.1           -           3636   3.1e-55  180.3   7.8   1   1   7.2e-56   3.1e-55  180.3   7.8   100   372   699   940   695   942 0.90 -
Cluster_11_aln       -            627 KY475592.1           -           3636   1.4e-41  134.6   2.0   1   1   5.3e-42   2.3e-41  134.0   2.0    42   477  1372  1839  1357  1857 0.77 -
Cluster_21_aln       -            629 KY475592.1           -           3636     3e-38  123.6   0.8   1   1   1.1e-38   4.7e-38  123.0   0.8   107   486  1445  1845  1373  1862 0.75 -
Cluster_28_aln       -            101 KY475592.1           -           3636   4.4e-33  105.6   6.0   1   1   3.7e-33   1.6e-32  103.8   6.0     6    99   190   287   185   289 0.92 -
Cluster_29_aln       -             64 KY475592.1           -           3636     4e-27   86.4   0.0   1   1   2.2e-27   9.4e-27   85.2   0.0     1    61  2008  2068  2008  2072 0.94 -
Cluster_19_aln       -            569 KY475592.1           -           3636   1.8e-18   58.3   0.0   1   1   6.9e-19   2.9e-18   57.6   0.0    43   411  3082  3478  3073  3490 0.77 -
Cluster_36_aln       -            498 KY475592.1           -           3636   2.3e-18   58.2   0.0   1   1   9.5e-19     4e-18   57.4   0.0     1   210  2413  2627  2413  2630 0.89 -
Cluster_10_aln       -            594 KY475592.1           -           3636   4.5e-17   53.8   0.0   1   1   1.8e-17   7.7e-17   53.0   0.0   117   331  3152  3371  3137  3419 0.80 -
Cluster_1_aln        -            621 KY475592.1           -           3636     5e-16   50.3   0.3   1   1   2.2e-16   9.4e-16   49.4   0.3    99   480  1434  1841  1365  1859 0.68 -
Cluster_20_aln       -            683 KY475593.1           -           3636         0 1088.4   5.5   1   1         0         0 1088.1   5.5     1   683  1320  2006  1320  2006 0.99 -
Cluster_18_aln       -            717 KY475593.1           -           3636  6.1e-306 1008.6   0.0   1   1  2.4e-306  9.6e-306 1008.0   0.0    10   691  2924  3605  2918  3630 0.96 -
Cluster_56_aln       -            359 KY475593.1           -           3636    1e-209  688.1  16.2   1   1  5.8e-210  2.3e-209  687.0  16.2     1   359   924  1282   924  1282 1.00 -
Cluster_23_aln       -            347 KY475593.1           -           3636  4.9e-144  471.9   1.3   1   1  2.2e-144  8.9e-144  471.0   1.3    28   345  2094  2410  2074  2412 0.96 -
Cluster_61_aln       -            220 KY475593.1           -           3636    1e-122  400.0   0.0   1   1  4.6e-123  1.9e-122  399.1   0.0     1   219  2413  2631  2413  2632 0.99 -
Cluster_63_aln       -            180 KY475593.1           -           3636   7.5e-98  317.7   1.1   1   1   3.7e-98   1.5e-97  316.8   1.1     1   180     1   180     1   180 1.00 -
Cluster_26_aln       -            227 KY475593.1           -           3636   3.2e-84  274.4   0.2   1   1   1.6e-84   6.3e-84  273.4   0.2     3   212   294   499   292   510 0.95 -
Cluster_27_aln       -            198 KY475593.1           -           3636   8.5e-72  233.4   7.1   1   1   2.1e-72   8.5e-72  233.4   7.1     2   198   503   700   502   700 0.99 -
Cluster_24_aln       -            374 KY475593.1           -           3636   1.2e-56  184.9   8.1   1   1   2.9e-57   1.2e-56  184.9   8.1   100   372   699   940   694   942 0.90 -
Cluster_11_aln       -            627 KY475593.1           -           3636   1.5e-40  131.3   1.7   1   1     6e-41   2.4e-40  130.6   1.7    45   477  1375  1839  1359  1859 0.77 -
Cluster_21_aln       -            629 KY475593.1           -           3636   9.3e-38  122.0   0.8   1   1   3.7e-38   1.5e-37  121.3   0.8   129   486  1471  1845  1371  1862 0.76 -
Cluster_28_aln       -            101 KY475593.1           -           3636   2.3e-31  100.1   6.6   1   1   5.7e-32   2.3e-31  100.1   6.6     3    97   190   285   185   289 0.92 -
Cluster_29_aln       -             64 KY475593.1           -           3636   8.6e-27   85.3   0.0   1   1     5e-27     2e-26   84.1   0.0     1    62  2008  2069  2008  2072 0.95 -
Cluster_36_aln       -            498 KY475593.1           -           3636   8.3e-19   59.7   0.0   1   1   3.4e-19   1.4e-18   58.9   0.0     1   210  2413  2627  2413  2630 0.89 -
Cluster_19_aln       -            569 KY475593.1           -           3636   1.8e-16   51.7   0.0   1   1   7.1e-17   2.9e-16   51.0   0.0    43   411  3082  3478  3078  3490 0.77 -
Cluster_1_aln        -            621 KY475593.1           -           3636     1e-15   49.2   0.3   1   1   4.4e-16   1.8e-15   48.5   0.3   119   481  1464  1842  1364  1868 0.70 -
Cluster_10_aln       -            594 KY475593.1           -           3636   6.4e-14   43.4   0.0   1   1   2.7e-14   1.1e-13   42.6   0.0   154   330  3191  3370  3151  3417 0.79 -
Cluster_58_aln       -            487 KY475593.1           -           3636     2e-06   18.6   0.0   1   1   9.3e-07   3.8e-06   17.6   0.0     8   210  2419  2626  2413  2637 0.72 -
Cluster_20_aln       -            683 KY612413.1           -           3636         0 1079.9   5.4   1   1         0         0 1079.5   5.4     1   683  1320  2006  1320  2006 0.99 -
Cluster_18_aln       -            717 KY612413.1           -           3636         0 1024.3   0.0   1   1         0         0 1023.7   0.0    10   691  2924  3605  2918  3627 0.96 -
Cluster_56_aln       -            359 KY612413.1           -           3636  1.3e-209  687.8  17.4   1   1  7.6e-210  3.3e-209  686.5  17.4     1   359   924  1282   924  1282 1.00 -
Cluster_23_aln       -            347 KY612413.1           -           3636  8.5e-143  467.8   1.5   1   1  3.9e-143  1.7e-142  466.8   1.5    21   345  2091  2410  2074  2412 0.95 -
Cluster_61_aln       -            220 KY612413.1           -           3636  1.1e-122  399.8   0.0   1   1  4.9e-123  2.1e-122  399.0   0.0     1   219  2413  2631  2413  2632 0.99 -
Cluster_63_aln       -            180 KY612413.1           -           3636   1.5e-97  316.8   0.7   1   1   6.5e-98   2.8e-97  315.9   0.7     1   180     1   180     1   180 1.00 -
Cluster_26_aln       -            227 KY612413.1           -           3636   9.6e-84  272.8   0.3   1   1   4.5e-84   1.9e-83  271.8   0.3     3   212   294   499   292   510 0.95 -
Cluster_27_aln       -            198 KY612413.1           -           3636   5.2e-72  234.1   7.5   1   1   1.2e-72   5.2e-72  234.1   7.5     2   198   503   700   502   700 0.99 -
Cluster_24_aln       -            374 KY612413.1           -           3636   8.9e-57  185.3   8.7   1   1   2.1e-57   8.9e-57  185.3   8.7   100   372   699   940   695   942 0.90 -
Cluster_11_aln       -            627 KY612413.1           -           3636   1.4e-40  131.3   2.2   1   1   5.3e-41   2.3e-40  130.6   2.2    44   477  1374  1839  1357  1859 0.76 -
Cluster_21_aln       -            629 KY612413.1           -           3636   4.3e-38  123.1   1.1   1   1   1.6e-38   6.9e-38  122.4   1.1   130   486  1472  1845  1371  1862 0.77 -
Cluster_28_aln       -            101 KY612413.1           -           3636   1.9e-31  100.4   7.3   1   1   4.3e-32   1.9e-31  100.4   7.3     3    98   190   286   185   289 0.92 -
Cluster_29_aln       -             64 KY612413.1           -           3636   4.2e-26   83.1   0.0   1   1   2.4e-26     1e-25   81.9   0.0     1    62  2008  2069  2008  2072 0.95 -
Cluster_36_aln       -            498 KY612413.1           -           3636   6.5e-19   60.0   0.0   1   1   2.6e-19   1.1e-18   59.3   0.0     1   210  2413  2627  2413  2630 0.88 -
Cluster_19_aln       -            569 KY612413.1           -           3636   9.3e-18   55.9   0.0   1   1   3.6e-18   1.5e-17   55.2   0.0    43   411  3082  3478  3078  3490 0.77 -
Cluster_1_aln        -            621 KY612413.1           -           3636   1.1e-15   49.1   0.3   1   1   4.6e-16     2e-15   48.3   0.3   126   481  1470  1842  1368  1868 0.76 -
Cluster_10_aln       -            594 KY612413.1           -           3636   4.6e-15   47.2   0.0   1   1   2.1e-15     9e-15   46.2   0.0   140   330  3172  3370  3147  3413 0.78 -
Cluster_58_aln       -            487 KY612413.1           -           3636   1.3e-06   19.2   0.0   1   1   5.6e-07   2.4e-06   18.3   0.0     3   210  2415  2626  2413  2635 0.74 -
Cluster_20_aln       -            683 KY624591.1           -           3636         0 1074.4   2.9   1   1         0         0 1074.1   2.9     1   683  1320  2006  1320  2006 0.99 -
Cluster_18_aln       -            717 KY624591.1           -           3636         0 1024.9   0.0   1   1         0         0 1024.3   0.0     9   713  2923  3623  2918  3628 0.96 -
Cluster_56_aln       -            359 KY624591.1           -           3636  1.2e-213  701.0  18.5   1   1  7.2e-214  2.9e-213  699.8  18.5     1   359   924  1282   924  1282 1.00 -
Cluster_23_aln       -            347 KY624591.1           -           3636  7.1e-143  468.0   0.4   1   1  3.5e-143  1.4e-142  467.0   0.4     3   345  2076  2410  2074  2412 0.96 -
Cluster_61_aln       -            220 KY624591.1           -           3636  2.2e-129  421.8   0.0   1   1  8.8e-130  3.6e-129  421.1   0.0     1   219  2413  2631  2413  2632 0.99 -
Cluster_63_aln       -            180 KY624591.1           -           3636  3.7e-104  338.3   0.9   1   1    2e-104  8.1e-104  337.2   0.9     1   180     1   180     1   180 1.00 -
Cluster_26_aln       -            227 KY624591.1           -           3636   8.1e-85  276.3   0.5   1   1   3.9e-85   1.6e-84  275.4   0.5     3   212   294   499   292   510 0.96 -
Cluster_27_aln       -            198 KY624591.1           -           3636   1.8e-73  238.9   6.5   1   1   1.2e-73   4.7e-73  237.5   6.5     2   198   503   700   502   700 0.99 -
Cluster_24_aln       -            374 KY624591.1           -           3636   8.8e-57  185.4   7.3   1   1   2.2e-57   8.8e-57  185.4   7.3   100   372   699   940   695   942 0.90 -
Cluster_11_aln       -            627 KY624591.1           -           3636   1.1e-40  131.8   1.4   1   1   4.2e-41   1.7e-40  131.1   1.4    42   477  1372  1839  1357  1857 0.77 -
Cluster_21_aln       -            629 KY624591.1           -           3636   9.3e-38  122.0   0.5   1   1   3.6e-38   1.5e-37  121.3   0.5   130   486  1472  1845  1396  1862 0.78 -
Cluster_28_aln       -            101 KY624591.1           -           3636   7.7e-33  104.9   4.4   1   1   6.8e-33   2.8e-32  103.1   4.4     3    99   190   287   186   289 0.94 -
Cluster_29_aln       -             64 KY624591.1           -           3636   1.5e-27   87.8   0.1   1   1   7.9e-28   3.2e-27   86.7   0.1     1    62  2008  2069  2008  2073 0.94 -
Cluster_36_aln       -            498 KY624591.1           -           3636   1.5e-18   58.8   0.0   1   1   6.2e-19   2.5e-18   58.1   0.0     1   210  2413  2627  2413  2630 0.91 -
Cluster_19_aln       -            569 KY624591.1           -           3636     5e-18   56.8   0.0   1   1     2e-18     8e-18   56.2   0.0    43   411  3082  3478  3069  3491 0.76 -
Cluster_1_aln        -            621 KY624591.1           -           3636     1e-15   49.2   0.1   1   1   4.5e-16   1.8e-15   48.4   0.1   119   481  1464  1842  1434  1861 0.73 -
Cluster_10_aln       -            594 KY624591.1           -           3636   2.3e-15   48.2   0.0   1   1   9.5e-16   3.9e-15   47.4   0.0   118   330  3153  3370  3143  3413 0.79 -
Cluster_58_aln       -            487 KY624591.1           -           3636   1.8e-07   22.0   0.0   1   1   8.4e-08   3.4e-07   21.1   0.0     5   210  2416  2626  2413  2636 0.74 -
Cluster_20_aln       -            683 KX950761.1           -           3636         0 1088.9   5.7   1   1         0         0 1088.6   5.7     1   683  1320  2006  1320  2006 0.99 -
Cluster_18_aln       -            717 KX950761.1           -           3636         0 1022.4   0.0   1   1         0         0 1021.7   0.0    10   691  2924  3605  2918  3627 0.96 -
Cluster_56_aln       -            359 KX950761.1           -           3636  1.8e-207  680.8  14.3   1   1    1e-207  4.2e-207  679.5  14.3     2   359   925  1282   924  1282 1.00 -
Cluster_23_aln       -            347 KX950761.1           -           3636  4.2e-144  472.1   1.3   1   1  1.8e-144  7.4e-144  471.3   1.3    21   345  2091  2410  2074  2412 0.95 -
Cluster_61_aln       -            220 KX950761.1           -           3636  1.1e-122  399.8   0.0   1   1  5.2e-123  2.1e-122  399.0   0.0     1   219  2413  2631  2413  2632 0.99 -
Cluster_63_aln       -            180 KX950761.1           -           3636   1.4e-97  316.8   0.7   1   1   6.9e-98   2.8e-97  315.9   0.7     1   180     1   180     1   180 1.00 -
Cluster_26_aln       -            227 KX950761.1           -           3636   1.3e-84  275.7   0.2   1   1   6.3e-85   2.6e-84  274.7   0.2     3   212   294   499   292   510 0.95 -
Cluster_27_aln       -            198 KX950761.1           -           3636     6e-72  233.9   7.2   1   1   1.5e-72     6e-72  233.9   7.2     2   198   503   700   502   700 0.99 -
Cluster_24_aln       -            374 KX950761.1           -           3636   2.1e-55  180.8   8.8   1   1   5.2e-56   2.1e-55  180.8   8.8   100   372   699   940   695   942 0.90 -
Cluster_11_aln       -            627 KX950761.1           -           3636   4.7e-40  129.6   2.3   1   1   1.9e-40   7.5e-40  128.9   2.3    44   477  1374  1839  1357  1859 0.76 -
Cluster_21_aln       -            629 KX950761.1           -           3636   1.2e-37  121.6   1.1   1   1   4.8e-38   1.9e-37  120.9   1.1   129   486  1471  1845  1367  1862 0.75 -
Cluster_28_aln       -            101 KX950761.1           -           3636   1.9e-31  100.4   7.0   1   1   4.8e-32   1.9e-31  100.4   7.0     3    97   190   285   185   289 0.92 -
Cluster_29_aln       -             64 KX950761.1           -           3636   3.8e-27   86.5   0.0   1   1   2.2e-27   8.9e-27   85.3   0.0     1    62  2008  2069  2008  2072 0.95 -
Cluster_36_aln       -            498 KX950761.1           -           3636   6.4e-19   60.0   0.0   1   1   2.7e-19   1.1e-18   59.3   0.0     1   210  2413  2627  2413  2630 0.88 -
Cluster_19_aln       -            569 KX950761.1           -           3636   3.2e-17   54.2   0.0   1   1   1.3e-17   5.2e-17   53.5   0.0    43   411  3082  3478  3078  3490 0.75 -
Cluster_1_aln        -            621 KX950761.1           -           3636   1.1e-15   49.1   0.4   1   1   4.8e-16   1.9e-15   48.3   0.4   119   481  1464  1842  1365  1868 0.72 -
Cluster_10_aln       -            594 KX950761.1           -           3636   4.5e-15   47.2   0.0   1   1   2.2e-15     9e-15   46.2   0.0   140   330  3172  3370  3147  3413 0.78 -
Cluster_58_aln       -            487 KX950761.1           -           3636   1.2e-06   19.2   0.0   1   1   5.7e-07   2.3e-06   18.4   0.0     3   210  2415  2626  2413  2637 0.74 -
Cluster_20_aln       -            683 KX950762.1           -           3636         0 1083.0   5.7   1   1         0         0 1082.6   5.7     1   683  1320  2006  1320  2006 0.99 -
Cluster_18_aln       -            717 KX950762.1           -           3636         0 1021.9   0.0   1   1         0         0 1021.3   0.0    10   691  2924  3605  2918  3627 0.96 -
Cluster_56_aln       -            359 KX950762.1           -           3636  5.4e-211  692.3  17.2   1   1  3.3e-211  1.3e-210  691.1  17.2     1   359   924  1282   924  1282 1.00 -
Cluster_23_aln       -            347 KX950762.1           -           3636  6.4e-144  471.4   1.3   1   1    3e-144  1.2e-143  470.5   1.3    21   345  2091  2410  2074  2412 0.95 -
Cluster_61_aln       -            220 KX950762.1           -           3636  1.1e-122  399.8   0.0   1   1  5.2e-123  2.1e-122  399.0   0.0     1   219  2413  2631  2413  2632 0.99 -
Cluster_63_aln       -            180 KX950762.1           -           3636   1.4e-97  316.8   0.7   1   1   6.9e-98   2.8e-97  315.9   0.7     1   180     1   180     1   180 1.00 -
Cluster_26_aln       -            227 KX950762.1           -           3636   1.3e-84  275.7   0.2   1   1   6.3e-85   2.6e-84  274.7   0.2     3   212   294   499   292   510 0.95 -
Cluster_27_aln       -            198 KX950762.1           -           3636   1.5e-72  235.9   7.5   1   1   3.8e-73   1.5e-72  235.9   7.5     2   198   503   700   502   700 0.99 -
Cluster_24_aln       -            374 KX950762.1           -           3636   1.2e-56  184.9   8.9   1   1   2.9e-57   1.2e-56  184.9   8.9   100   372   699   940   695   942 0.90 -
Cluster_11_aln       -            627 KX950762.1           -           3636   2.1e-40  130.7   2.2   1   1   8.6e-41   3.5e-40  130.0   2.2    44   477  1374  1839  1357  1859 0.76 -
Cluster_21_aln       -            629 KX950762.1           -           3636   4.3e-38  123.1   1.1   1   1   1.7e-38   6.9e-38  122.4   1.1   129   486  1471  1845  1369  1862 0.76 -
Cluster_28_aln       -            101 KX950762.1           -           3636   3.7e-31   99.5   6.7   1   1   9.1e-32   3.7e-31   99.5   6.7     3    97   190   285   185   289 0.92 -
Cluster_29_aln       -             64 KX950762.1           -           3636   3.8e-27   86.5   0.0   1   1   2.2e-27   8.9e-27   85.3   0.0     1    62  2008  2069  2008  2072 0.95 -
Cluster_36_aln       -            498 KX950762.1           -           3636   6.4e-19   60.0   0.0   1   1   2.7e-19   1.1e-18   59.3   0.0     1   210  2413  2627  2413  2630 0.88 -
Cluster_19_aln       -            569 KX950762.1           -           3636     6e-18   56.6   0.0   1   1   2.4e-18   9.8e-18   55.9   0.0    43   411  3082  3478  3078  3490 0.77 -
Cluster_10_aln       -            594 KX950762.1           -           3636   3.3e-16   50.9   0.0   1   1   1.7e-16   6.7e-16   49.9   0.0   140   330  3172  3370  3147  3413 0.79 -
Cluster_1_aln        -            621 KX950762.1           -           3636   1.9e-15   48.4   0.4   1   1   8.2e-16   3.3e-15   47.6   0.4   126   481  1470  1842  1365  1868 0.74 -
Cluster_58_aln       -            487 KX950762.1           -           3636   1.3e-06   19.2   0.0   1   1   5.7e-07   2.3e-06   18.4   0.0     3   210  2415  2626  2413  2637 0.74 -
Cluster_0_aln        -            903 KX950762.1           -           3636   1.5e-05   15.3   0.0   1   1   8.2e-06   3.3e-05   14.2   0.0   533   630  3256  3345  3241  3472 0.91 -
Cluster_20_aln       -            683 KY652092.1           -           3636         0 1093.7   5.2   1   1         0         0 1093.3   5.2     1   683  1320  2006  1320  2006 0.99 -
Cluster_18_aln       -            717 KY652092.1           -           3636         0 1028.2   0.0   1   1         0         0 1027.4   0.0     9   708  2923  3618  2918  3628 0.95 -
Cluster_56_aln       -            359 KY652092.1           -           3636  5.6e-213  698.9  20.6   1   1  2.4e-213  9.2e-213  698.2  19.9     1   359   924  1282   924  1282 1.00 -
Cluster_23_aln       -            347 KY652092.1           -           3636  7.6e-145  474.5   0.7   1   1  4.3e-145  1.6e-144  473.4   0.7     4   345  2077  2410  2074  2412 0.96 -
Cluster_61_aln       -            220 KY652092.1           -           3636  1.3e-127  416.0   0.0   1   1  5.5e-128  2.1e-127  415.3   0.0     1   219  2413  2631  2413  2632 0.99 -
Cluster_63_aln       -            180 KY652092.1           -           3636    9e-102  330.5   0.8   1   1    5e-102  1.9e-101  329.4   0.8     1   180     1   180     1   180 1.00 -
Cluster_26_aln       -            227 KY652092.1           -           3636   7.1e-85  276.5   0.1   1   1   3.5e-85   1.4e-84  275.6   0.1     3   213   294   500   292   512 0.95 -
Cluster_27_aln       -            198 KY652092.1           -           3636     1e-73  239.7   6.4   1   1   2.7e-74     1e-73  239.7   6.4     2   198   503   700   502   700 0.99 -
Cluster_24_aln       -            374 KY652092.1           -           3636   1.1e-54  178.5   6.7   1   1   2.8e-55   1.1e-54  178.5   6.7   100   372   699   940   695   942 0.86 -
Cluster_11_aln       -            627 KY652092.1           -           3636   2.2e-41  134.0   1.9   1   1   9.2e-42   3.6e-41  133.3   1.9    42   477  1372  1839  1357  1857 0.77 -
Cluster_21_aln       -            629 KY652092.1           -           3636   3.1e-38  123.6   0.7   1   1   1.3e-38   4.8e-38  122.9   0.7   129   486  1471  1845  1374  1862 0.76 -
Cluster_28_aln       -            101 KY652092.1           -           3636   5.5e-33  105.3   6.3   1   1   5.1e-33     2e-32  103.5   6.3     6    99   190   287   185   289 0.92 -
Cluster_29_aln       -             64 KY652092.1           -           3636     4e-27   86.4   0.0   1   1   2.4e-27   9.4e-27   85.2   0.0     1    61  2008  2068  2008  2072 0.94 -
Cluster_19_aln       -            569 KY652092.1           -           3636   8.1e-19   59.4   0.0   1   1   3.4e-19   1.3e-18   58.8   0.0    43   411  3082  3478  3072  3490 0.77 -
Cluster_36_aln       -            498 KY652092.1           -           3636   2.4e-17   54.8   0.0   1   1   1.1e-17   4.2e-17   54.0   0.0     1   210  2413  2627  2413  2630 0.88 -
Cluster_10_aln       -            594 KY652092.1           -           3636   2.9e-17   54.4   0.0   1   1   1.3e-17   4.9e-17   53.7   0.0   117   331  3152  3371  3139  3419 0.80 -
Cluster_1_aln        -            621 KY652092.1           -           3636   8.4e-16   49.5   0.2   1   1     4e-16   1.6e-15   48.6   0.2   119   480  1464  1841  1368  1859 0.72 -
Cluster_58_aln       -            487 KY652092.1           -           3636   3.1e-07   21.2   0.0   1   1   1.5e-07   5.9e-07   20.3   0.0     5   210  2416  2626  2413  2636 0.75 -
Cluster_20_aln       -            683 KX778724.1           -           3636         0 1093.3   5.3   1   1         0         0 1093.0   5.3     1   683  1320  2006  1320  2006 0.99 -
Cluster_18_aln       -            717 KX778724.1           -           3636         0 1024.0   0.0   1   1         0         0 1023.3   0.0    10   713  2924  3623  2918  3628 0.96 -
Cluster_56_aln       -            359 KX778724.1           -           3636  2.4e-210  690.2  18.2   1   1  6.2e-211  2.4e-210  690.2  18.2     1   359   924  1282   924  1282 1.00 -
Cluster_23_aln       -            347 KX778724.1           -           3636  3.8e-145  475.5   0.7   1   1  2.2e-145  8.5e-145  474.3   0.7     3   345  2076  2410  2072  2412 0.95 -
Cluster_61_aln       -            220 KX778724.1           -           3636  1.4e-130  425.7   0.0   1   1  6.1e-131  2.4e-130  424.9   0.0     1   219  2413  2631  2413  2632 0.99 -
Cluster_63_aln       -            180 KX778724.1           -           3636  2.8e-103  335.5   0.6   1   1  1.8e-103  6.9e-103  334.2   0.6     1   180     1   180     1   180 1.00 -
Cluster_26_aln       -            227 KX778724.1           -           3636   3.3e-83  271.0   0.6   1   1   1.7e-83   6.6e-83  270.1   0.6     3   212   294   499   292   510 0.95 -
Cluster_27_aln       -            198 KX778724.1           -           3636   1.5e-73  239.2   6.3   1   1   3.9e-74   1.5e-73  239.2   6.3     2   198   503   700   502   700 0.99 -
Cluster_24_aln       -            374 KX778724.1           -           3636   2.6e-56  183.8   6.7   1   1   6.8e-57   2.6e-56  183.8   6.7   100   372   699   940   695   942 0.91 -
Cluster_11_aln       -            627 KX778724.1           -           3636   1.9e-40  130.9   1.8   1   1   8.2e-41   3.1e-40  130.2   1.8    42   477  1372  1839  1357  1857 0.75 -
Cluster_21_aln       -            629 KX778724.1           -           3636   6.7e-38  122.5   0.7   1   1   2.7e-38     1e-37  121.8   0.7   129   486  1471  1845  1374  1862 0.76 -
Cluster_28_aln       -            101 KX778724.1           -           3636   3.8e-33  105.9   5.9   1   1   3.6e-33   1.4e-32  104.0   5.9     3    99   190   287   185   289 0.93 -
Cluster_29_aln       -             64 KX778724.1           -           3636   3.6e-27   86.5   0.0   1   1   2.2e-27   8.5e-27   85.3   0.0     1    61  2008  2068  2008  2072 0.94 -
Cluster_36_aln       -            498 KX778724.1           -           3636   4.8e-19   60.4   0.0   1   1   2.2e-19   8.3e-19   59.7   0.0     1   210  2413  2627  2413  2630 0.91 -
Cluster_10_aln       -            594 KX778724.1           -           3636   2.8e-16   51.2   0.0   1   1   1.3e-16   4.8e-16   50.4   0.0   117   331  3152  3371  3141  3414 0.79 -
Cluster_19_aln       -            569 KX778724.1           -           3636   3.9e-16   50.6   0.0   1   1   1.6e-16   6.2e-16   49.9   0.0    42   411  3081  3478  3071  3490 0.76 -
Cluster_1_aln        -            621 KX778724.1           -           3636   1.1e-15   49.2   0.2   1   1     5e-16   1.9e-15   48.3   0.2   119   481  1464  1842  1368  1862 0.73 -
Cluster_58_aln       -            487 KX778724.1           -           3636   4.5e-07   20.7   0.0   1   1   2.3e-07   8.7e-07   19.7   0.0     5   210  2416  2626  2413  2636 0.73 -
Cluster_20_aln       -            683 KX929062.1           -           3636         0 1094.0   5.1   1   1         0         0 1093.7   5.1     1   683  1320  2006  1320  2006 0.99 -
Cluster_18_aln       -            717 KX929062.1           -           3636         0 1027.0   0.0   1   1         0         0 1026.3   0.0     9   714  2923  3624  2918  3627 0.96 -
Cluster_56_aln       -            359 KX929062.1           -           3636  2.7e-213  699.9  19.2   1   1  1.3e-213  4.9e-213  699.1  18.6     1   359   924  1282   924  1282 1.00 -
Cluster_23_aln       -            347 KX929062.1           -           3636  1.4e-144  473.6   0.9   1   1  7.8e-145    3e-144  472.5   0.9     3   345  2076  2410  2074  2412 0.96 -
Cluster_61_aln       -            220 KX929062.1           -           3636  3.9e-129  421.0   0.0   1   1  1.7e-129  6.5e-129  420.2   0.0     1   219  2413  2631  2413  2632 0.99 -
Cluster_63_aln       -            180 KX929062.1           -           3636  2.6e-100  325.8   0.7   1   1  1.5e-100  5.9e-100  324.6   0.7     1   180     1   180     1   180 1.00 -
Cluster_26_aln       -            227 KX929062.1           -           3636   8.1e-85  276.3   0.3   1   1     4e-85   1.5e-84  275.4   0.3     3   212   294   499   292   510 0.95 -
Cluster_27_aln       -            198 KX929062.1           -           3636   4.6e-73  237.6   6.4   1   1   1.2e-73   4.6e-73  237.6   6.4     2   198   503   700   502   700 0.99 -
Cluster_24_aln       -            374 KX929062.1           -           3636   2.1e-54  177.5   6.1   1   1   5.6e-55   2.1e-54  177.5   6.1   100   372   699   940   695   942 0.89 -
Cluster_11_aln       -            627 KX929062.1           -           3636   1.6e-40  131.2   1.6   1   1   6.5e-41   2.5e-40  130.5   1.6    42   477  1372  1839  1357  1859 0.77 -
Cluster_21_aln       -            629 KX929062.1           -           3636   2.2e-38  124.1   0.6   1   1   8.6e-39   3.3e-38  123.5   0.6   129   486  1471  1845  1374  1862 0.76 -
Cluster_28_aln       -            101 KX929062.1           -           3636   8.1e-32  101.6   3.5   1   1   7.1e-32   2.7e-31   99.9   3.5     3    99   190   287   185   289 0.93 -
Cluster_29_aln       -             64 KX929062.1           -           3636   8.4e-27   85.4   0.0   1   1     5e-27   1.9e-26   84.2   0.0     1    61  2008  2068  2008  2072 0.94 -
Cluster_36_aln       -            498 KX929062.1           -           3636     3e-18   57.8   0.0   1   1   1.3e-18     5e-18   57.1   0.0     1   210  2413  2627  2413  2630 0.90 -
Cluster_19_aln       -            569 KX929062.1           -           3636   6.6e-18   56.4   0.0   1   1   2.7e-18   1.1e-17   55.8   0.0    43   411  3082  3478  3073  3491 0.77 -
Cluster_10_aln       -            594 KX929062.1           -           3636   4.4e-16   50.5   0.0   1   1     2e-16   7.6e-16   49.7   0.0   120   331  3155  3371  3144  3413 0.78 -
Cluster_1_aln        -            621 KX929062.1           -           3636   1.2e-15   49.0   0.2   1   1   5.6e-16   2.2e-15   48.2   0.2   119   481  1464  1842  1368  1869 0.73 -
Cluster_58_aln       -            487 KX929062.1           -           3636   3.8e-07   20.9   0.0   1   1   1.8e-07   6.9e-07   20.1   0.0     9   210  2420  2626  2413  2636 0.74 -
Cluster_20_aln       -            683 LT594521.1           -           3636         0 1096.5   4.6   1   1         0         0 1096.2   4.6     1   683  1320  2006  1320  2006 0.99 -
Cluster_18_aln       -            717 LT594521.1           -           3636         0 1025.7   0.1   1   1         0         0 1025.0   0.1     9   714  2923  3624  2918  3630 0.96 -
Cluster_56_aln       -            359 LT594521.1           -           3636  7.3e-213  698.5  18.6   1   1  2.9e-213  1.1e-212  697.9  17.9     1   359   924  1282   924  1282 1.00 -
Cluster_23_aln       -            347 LT594521.1           -           3636  6.4e-145  474.8   0.8   1   1  3.5e-145  1.4e-144  473.7   0.8     3   345  2076  2410  2074  2412 0.96 -
Cluster_61_aln       -            220 LT594521.1           -           3636  1.6e-127  415.7   0.0   1   1  7.2e-128  2.8e-127  414.9   0.0     1   219  2413  2631  2413  2632 0.99 -
Cluster_63_aln       -            180 LT594521.1           -           3636  2.8e-103  335.4   1.2   1   1  1.5e-103  5.8e-103  334.4   1.2     1   180     1   180     1   180 1.00 -
Cluster_26_aln       -            227 LT594521.1           -           3636   4.3e-84  273.9   0.3   1   1   2.1e-84   8.3e-84  273.0   0.3     3   215   294   502   292   512 0.95 -
Cluster_27_aln       -            198 LT594521.1           -           3636   4.1e-73  237.7   6.5   1   1   1.1e-73   4.1e-73  237.7   6.5     2   198   503   700   502   700 0.99 -
Cluster_24_aln       -            374 LT594521.1           -           3636   2.3e-56  184.0   8.5   1   1   5.9e-57   2.3e-56  184.0   8.5   100   372   699   940   695   942 0.90 -
Cluster_11_aln       -            627 LT594521.1           -           3636   6.2e-41  132.5   1.6   1   1   2.6e-41     1e-40  131.8   1.6    43   477  1373  1839  1360  1857 0.77 -
Cluster_21_aln       -            629 LT594521.1           -           3636   4.9e-38  122.9   0.9   1   1     2e-38   7.7e-38  122.3   0.9   129   486  1471  1845  1375  1862 0.76 -
Cluster_28_aln       -            101 LT594521.1           -           3636   1.9e-32  103.6   4.4   1   1   1.7e-32   6.7e-32  101.8   4.4     3    99   190   287   185   289 0.92 -
Cluster_29_aln       -             64 LT594521.1           -           3636   5.2e-27   86.0   0.0   1   1   3.1e-27   1.2e-26   84.9   0.0     2    61  2009  2068  2008  2072 0.94 -
Cluster_36_aln       -            498 LT594521.1           -           3636   1.5e-19   62.1   0.0   1   1   6.9e-20   2.7e-19   61.3   0.0     1   210  2413  2627  2413  2631 0.91 -
Cluster_19_aln       -            569 LT594521.1           -           3636   1.5e-17   55.2   0.0   1   1   6.5e-18   2.5e-17   54.5   0.0    43   411  3082  3478  3074  3491 0.76 -
Cluster_10_aln       -            594 LT594521.1           -           3636   2.8e-16   51.2   0.0   1   1   1.2e-16   4.7e-16   50.4   0.0   121   331  3156  3371  3143  3416 0.77 -
Cluster_1_aln        -            621 LT594521.1           -           3636   8.8e-16   49.5   0.2   1   1   4.9e-16   1.9e-15   48.4   0.2   119   481  1464  1842  1369  1862 0.73 -
Cluster_58_aln       -            487 LT594521.1           -           3636   7.3e-08   23.3   0.0   1   1   3.6e-08   1.4e-07   22.4   0.0     5   210  2416  2626  2413  2633 0.71 -
Cluster_20_aln       -            683 KU041639.1           -           3636         0 1094.6   5.5   1   1         0         0 1094.2   5.5     1   683  1320  2006  1320  2006 0.99 -
Cluster_18_aln       -            717 KU041639.1           -           3636         0 1027.0   0.0   1   1         0         0 1026.3   0.0    10   692  2924  3607  2918  3628 0.96 -
Cluster_56_aln       -            359 KU041639.1           -           3636  8.7e-214  701.5  19.1   1   1  4.6e-214  1.8e-213  700.5  18.7     1   359   924  1282   924  1282 1.00 -
Cluster_23_aln       -            347 KU041639.1           -           3636    8e-145  474.4   0.6   1   1  4.4e-145  1.7e-144  473.4   0.6     3   345  2076  2410  2074  2412 0.96 -
Cluster_61_aln       -            220 KU041639.1           -           3636  2.1e-129  421.9   0.0   1   1  8.9e-130  3.4e-129  421.1   0.0     1   219  2413  2631  2413  2632 0.99 -
Cluster_63_aln       -            180 KU041639.1           -           3636  1.2e-101  330.1   0.5   1   1  6.9e-102  2.6e-101  329.0   0.5     1   180     1   180     1   180 1.00 -
Cluster_26_aln       -            227 KU041639.1           -           3636   3.4e-85  277.5   0.5   1   1   1.7e-85   6.7e-85  276.6   0.5     3   212   294   499   292   510 0.96 -
Cluster_27_aln       -            198 KU041639.1           -           3636   3.2e-73  238.1   6.3   1   1   8.4e-74   3.2e-73  238.1   6.3     3   198   504   700   502   700 0.99 -
Cluster_24_aln       -            374 KU041639.1           -           3636   5.1e-56  182.8   7.0   1   1   1.3e-56   5.1e-56  182.8   7.0   100   372   699   940   695   942 0.90 -
Cluster_11_aln       -            627 KU041639.1           -           3636   9.8e-41  131.9   1.9   1   1   4.1e-41   1.6e-40  131.2   1.9    42   477  1372  1839  1357  1857 0.76 -
Cluster_21_aln       -            629 KU041639.1           -           3636   5.9e-38  122.6   0.7   1   1   2.4e-38   9.2e-38  122.0   0.7   129   486  1471  1845  1374  1862 0.76 -
Cluster_28_aln       -            101 KU041639.1           -           3636   5.5e-32  102.1   5.4   1   1   5.3e-32     2e-31  100.3   5.4     3    99   190   287   185   289 0.93 -
Cluster_29_aln       -             64 KU041639.1           -           3636   4.3e-27   86.3   0.0   1   1   2.5e-27   9.8e-27   85.2   0.0     1    61  2008  2068  2008  2072 0.94 -
Cluster_36_aln       -            498 KU041639.1           -           3636   1.2e-19   62.4   0.0   1   1   5.3e-20     2e-19   61.7   0.0     1   210  2413  2627  2413  2631 0.90 -
Cluster_19_aln       -            569 KU041639.1           -           3636   2.8e-17   54.3   0.0   1   1   1.2e-17   4.6e-17   53.7   0.0    43   411  3082  3478  3075  3491 0.75 -
Cluster_10_aln       -            594 KU041639.1           -           3636   2.6e-16   51.3   0.0   1   1   1.2e-16   4.7e-16   50.4   0.0   118   331  3153  3371  3143  3414 0.79 -
Cluster_1_aln        -            621 KU041639.1           -           3636   8.4e-16   49.5   0.2   1   1   3.9e-16   1.5e-15   48.7   0.2   119   481  1464  1842  1368  1862 0.73 -
Cluster_58_aln       -            487 KU041639.1           -           3636   1.8e-07   22.0   0.0   1   1   8.7e-08   3.3e-07   21.1   0.0     5   211  2416  2627  2413  2640 0.74 -
Cluster_20_aln       -            683 KU194229.1           -           3636         0 1097.1   5.8   1   1         0         0 1096.7   5.8     1   683  1320  2006  1320  2006 0.99 -
Cluster_18_aln       -            717 KU194229.1           -           3636         0 1029.2   0.1   1   1         0         0 1028.6   0.1     9   714  2923  3624  2918  3627 0.96 -
Cluster_56_aln       -            359 KU194229.1           -           3636  1.7e-211  694.0  18.8   1   1    1e-211    4e-211  692.8  18.8     1   359   924  1282   924  1282 1.00 -
Cluster_23_aln       -            347 KU194229.1           -           3636  3.4e-145  475.7   1.0   1   1  1.8e-145  6.8e-145  474.7   1.0     3   345  2076  2410  2074  2412 0.96 -
Cluster_61_aln       -            220 KU194229.1           -           3636  4.5e-128  417.5   0.0   1   1  1.9e-128  7.5e-128  416.8   0.0     1   219  2413  2631  2413  2632 0.99 -
Cluster_63_aln       -            180 KU194229.1           -           3636  7.3e-102  330.8   1.3   1   1  4.1e-102  1.6e-101  329.7   1.3     1   180     1   180     1   180 1.00 -
Cluster_26_aln       -            227 KU194229.1           -           3636   2.8e-85  277.8   0.3   1   1   1.5e-85   5.7e-85  276.8   0.3     3   212   294   499   292   510 0.96 -
Cluster_27_aln       -            198 KU194229.1           -           3636   3.8e-73  237.8   5.9   1   1   9.9e-74   3.8e-73  237.8   5.9     2   198   503   700   502   700 0.99 -
Cluster_24_aln       -            374 KU194229.1           -           3636   1.5e-54  178.0   7.8   1   1   3.9e-55   1.5e-54  178.0   7.8   100   372   699   940   695   942 0.88 -
Cluster_11_aln       -            627 KU194229.1           -           3636   7.3e-41  132.3   2.1   1   1   3.1e-41   1.2e-40  131.6   2.1    42   477  1372  1839  1357  1857 0.77 -
Cluster_21_aln       -            629 KU194229.1           -           3636   8.1e-38  122.2   0.8   1   1   3.3e-38   1.3e-37  121.6   0.8   129   486  1471  1845  1374  1862 0.76 -
Cluster_28_aln       -            101 KU194229.1           -           3636   2.7e-32  103.1   4.6   1   1   2.4e-32   9.1e-32  101.4   4.6     3    99   190   287   185   289 0.92 -
Cluster_29_aln       -             64 KU194229.1           -           3636   4.1e-27   86.4   0.0   1   1   2.5e-27   9.5e-27   85.2   0.0     1    61  2008  2068  2008  2072 0.94 -
Cluster_36_aln       -            498 KU194229.1           -           3636   6.2e-19   60.1   0.0   1   1   2.7e-19   1.1e-18   59.3   0.0     1   210  2413  2627  2413  2631 0.90 -
Cluster_19_aln       -            569 KU194229.1           -           3636   7.1e-18   56.3   0.0   1   1     3e-18   1.1e-17   55.6   0.0    43   411  3082  3478  3073  3491 0.77 -
Cluster_10_aln       -            594 KU194229.1           -           3636     9e-17   52.8   0.0   1   1     4e-17   1.5e-16   52.0   0.0   118   331  3153  3371  3141  3412 0.78 -
Cluster_1_aln        -            621 KU194229.1           -           3636   7.2e-16   49.7   0.2   1   1     4e-16   1.5e-15   48.7   0.2   119   481  1464  1842  1368  1862 0.73 -
Cluster_58_aln       -            487 KU194229.1           -           3636   3.4e-08   24.4   0.0   1   1   1.7e-08   6.4e-08   23.5   0.0     5   211  2416  2627  2413  2636 0.77 -
Cluster_20_aln       -            683 KR011347.1           -           3636         0 1095.8   5.4   1   1         0         0 1095.4   5.4     1   683  1320  2006  1320  2006 0.99 -
Cluster_18_aln       -            717 KR011347.1           -           3636         0 1038.6   0.0   1   1         0         0 1037.9   0.0     9   715  2923  3625  2918  3627 0.96 -
Cluster_56_aln       -            359 KR011347.1           -           3636  2.3e-222  729.8  19.5   1   1  1.8e-222  7.4e-222  728.1  19.5     1   359   924  1282   924  1282 1.00 -
Cluster_23_aln       -            347 KR011347.1           -           3636  2.3e-145  476.2   0.8   1   1    1e-145  4.1e-145  475.4   0.8     3   345  2076  2410  2074  2412 0.96 -
Cluster_61_aln       -            220 KR011347.1           -           3636  7.5e-135  439.7   0.0   1   1    3e-135  1.2e-134  438.9   0.0     1   219  2413  2631  2413  2632 0.99 -
Cluster_63_aln       -            180 KR011347.1           -           3636  1.1e-110  359.5   1.2   1   1    6e-111  2.5e-110  358.4   1.2     1   180     1   180     1   180 1.00 -
Cluster_26_aln       -            227 KR011347.1           -           3636   1.7e-85  278.5   0.4   1   1   8.6e-86   3.5e-85  277.5   0.4     3   211   294   498   292   509 0.96 -
Cluster_27_aln       -            198 KR011347.1           -           3636   5.1e-74  240.7   5.4   1   1   1.3e-74   5.1e-74  240.7   5.4     2   198   503   700   502   700 0.99 -
Cluster_24_aln       -            374 KR011347.1           -           3636   2.4e-59  193.8   9.3   1   1   5.9e-60   2.4e-59  193.8   9.3   100   372   699   940   695   942 0.93 -
Cluster_11_aln       -            627 KR011347.1           -           3636   2.6e-40  130.5   2.1   1   1     1e-40   4.2e-40  129.8   2.1    42   477  1372  1839  1358  1857 0.75 -
Cluster_21_aln       -            629 KR011347.1           -           3636   8.3e-38  122.2   1.1   1   1   3.1e-38   1.3e-37  121.5   1.1   129   486  1471  1845  1375  1862 0.76 -
Cluster_28_aln       -            101 KR011347.1           -           3636   2.6e-33  106.4   5.1   1   1   2.3e-33   9.3e-33  104.6   5.1     3    99   190   287   185   289 0.92 -
Cluster_29_aln       -             64 KR011347.1           -           3636   1.5e-27   87.8   0.0   1   1   8.7e-28   3.5e-27   86.6   0.0     1    62  2008  2069  2008  2073 0.95 -
Cluster_36_aln       -            498 KR011347.1           -           3636   2.6e-18   58.0   0.0   1   1     3e-18   1.2e-17   55.8   0.0     1   210  2413  2627  2413  2630 0.90 -
Cluster_19_aln       -            569 KR011347.1           -           3636   1.5e-17   55.3   0.0   1   1   5.9e-18   2.4e-17   54.6   0.0    43   409  3082  3476  3078  3491 0.76 -
Cluster_10_aln       -            594 KR011347.1           -           3636   1.2e-16   52.4   0.0   1   1   5.1e-17   2.1e-16   51.6   0.0   118   330  3153  3370  3144  3413 0.79 -
Cluster_1_aln        -            621 KR011347.1           -           3636   7.1e-16   49.8   0.2   1   1     3e-16   1.2e-15   49.0   0.2   119   481  1464  1842  1371  1862 0.74 -
Cluster_58_aln       -            487 KR011347.1           -           3636   1.7e-07   22.1   0.0   1   1   8.4e-08   3.4e-07   21.1   0.0     5   210  2416  2626  2413  2636 0.74 -
#
# Program:         hmmscan
# Version:         3.4 (Aug 2023)
# Pipeline mode:   SCAN
# Query file:      aa_porcine.fasta
# Target file:     PPHMMDB.hmm
# Option settings: ./src/hmmscan --domtblout porcine_dom.tbl --domE 1e-05 --cpu 4 PPHMMDB.hmm aa_porcine.fasta 
# Current dir:     /home/katya/Desktop/hmmer/hmmer-3.4
# Date:            Thu Feb  5 21:00:31 2026
# [ok]
