#                                                                                    --- full sequence --- -------------- this domain -------------   hmm coord   ali coord   env coord
# target name                accession   tlen query name           accession   qlen   E-value  score  bias   #  of  c-Evalue  i-Evalue  score  bias  from    to  from    to  from    to  acc description of target
#        ------------------- ---------- ----- -------------------- ---------- ----- --------- ------ ----- --- --- --------- --------- ------ ----- ----- ----- ----- ----- ----- ----- ---- ---------------------
NS3_Pestivirus_i=20_n=21     -            683 PV346698.1           -           3899         0 1289.9   0.1   1   1         0         0 1289.5   0.1     1   683  1590  2272  1590  2272 1.00 -
RdRp_Pestivirus_i=18_n=21    -            717 PV346698.1           -           3899         0 1267.0   0.1   1   1         0         0 1266.6   0.1     1   715  3180  3894  3180  3896 1.00 -
NS5A_Pestivirus_i=36_n=16    -            498 PV346698.1           -           3899  3.6e-227  747.0   0.0   1   1  1.2e-227  4.7e-227  746.6   0.0     1   498  2684  3179  2684  3179 0.99 -
NS2_Pestivirus_i=35_n=16     -            454 PV346698.1           -           3899  9.8e-205  672.5   3.4   1   1  3.4e-205  1.3e-204  672.1   3.4     7   454  1143  1589  1137  1589 0.99 -
NS4B_Pestivirus_i=23_n=21    -            347 PV346698.1           -           3899  1.1e-173  569.3   0.4   1   1  5.3e-174    2e-173  568.5   0.2     3   347  2339  2683  2337  2683 0.99 -
E2_Pestivirus_i=24_n=21      -            374 PV346698.1           -           3899  3.7e-160  525.6   2.6   1   1  1.9e-160  7.3e-160  524.6   2.6     3   373   695  1065   693  1066 0.99 -
RNAse_Pestivirus_i=26_n=21   -            227 PV346698.1           -           3899  5.8e-112  365.1   3.9   1   1  2.5e-112  9.6e-112  364.4   3.9     1   227   271   497   271   497 0.99 -
E1_Pestivirus_i=27_n=21      -            198 PV346698.1           -           3899   4.4e-92  299.6   0.7   1   1   2.1e-92   8.2e-92  298.8   0.7     1   198   498   692   498   692 0.99 -
N-Pro_Pestivirus_i=32_n=18   -            168 PV346698.1           -           3899     3e-80  260.0   0.1   1   1   1.3e-80   5.2e-80  259.3   0.1     1   168     1   168     1   168 1.00 -
C_Pestivirus_i=28_n=21       -            101 PV346698.1           -           3899   8.6e-45  143.2   6.3   1   1   4.7e-45   1.8e-44  142.2   6.3     2    98   171   267   167   270 0.94 -
NS4A_Pestivirus_i=29_n=21    -             64 PV346698.1           -           3899   1.2e-31  100.9   0.1   1   1   6.9e-32   2.7e-31   99.8   0.1     1    63  2273  2335  2273  2336 0.98 -
NS3_Pegivirus_i=21_n=21      -            629 PV346698.1           -           3899   1.3e-31  101.7   3.9   1   1   5.4e-32   2.1e-31  101.0   3.9   101   482  1710  2111  1649  2116 0.77 -
NS3_Hepacivirus_i=11_n=26    -            627 PV346698.1           -           3899     8e-28   89.2   5.2   1   1   3.2e-28   1.3e-27   88.6   5.2    47   482  1648  2113  1635  2119 0.73 -
NS5A_Pestivirus_i=58_n=3     -            487 PV346698.1           -           3899   5.8e-25   79.7   0.0   1   1   2.6e-25   9.9e-25   78.9   0.0     1   472  2684  3159  2684  3172 0.80 -
p7_Pestivirus_i=38_n=16      -             70 PV346698.1           -           3899   2.5e-24   77.2   3.0   1   1   1.5e-24   5.7e-24   76.1   3.0     2    70  1068  1136  1067  1136 0.97 -
NS2_Pestivirus_i=57_n=3      -            456 PV346698.1           -           3899   4.9e-22   70.4   0.5   1   1     2e-22   7.8e-22   69.7   0.5   215   456  1346  1589  1332  1589 0.82 -
NS3_Orthoflavivirus_i=1_n=57 -            621 PV346698.1           -           3899     1e-17   55.9   0.3   1   1   4.7e-18   1.8e-17   55.0   0.3   111   468  1725  2101  1711  2120 0.73 -
RdRp_Hepacivirus_i=10_n=26   -            594 PV346698.1           -           3899   2.2e-15   48.2   0.0   1   1   8.8e-16   3.4e-15   47.6   0.0   107   399  3407  3706  3343  3717 0.77 -
RdRp_Pegivirus_i=19_n=21     -            569 PV346698.1           -           3899   2.3e-13   41.4   0.0   1   1     1e-13   3.9e-13   40.7   0.0    42   413  3346  3748  3334  3761 0.74 -
NS5A_Pestivirus_i=61_n=2     -            220 PV346698.1           -           3899   9.5e-06   17.5   0.1   1   1   5.6e-06   2.1e-05   16.4   0.1    29   218  2712  2896  2686  2898 0.78 -
NS3_Pestivirus_i=20_n=21     -            683 PV626349.1           -           3907         0 1360.0   0.1   1   1         0         0 1357.3   0.1     1   683  1598  2280  1598  2280 1.00 -
RdRp_Pestivirus_i=18_n=21    -            717 PV626349.1           -           3907         0 1323.5   0.2   1   1         0         0 1323.1   0.2     1   715  3188  3902  3188  3904 1.00 -
NS5A_Pestivirus_i=36_n=16    -            498 PV626349.1           -           3907  6.6e-244  802.2   0.0   1   1  2.5e-244  9.3e-244  801.7   0.0     1   498  2692  3187  2692  3187 0.99 -
NS2_Pestivirus_i=35_n=16     -            454 PV626349.1           -           3907  7.2e-218  715.8   1.2   1   1  2.9e-218  1.1e-217  715.2   1.2     5   454  1141  1597  1137  1597 0.98 -
NS4B_Pestivirus_i=23_n=21    -            347 PV626349.1           -           3907  4.6e-187  613.3   0.5   1   1  2.2e-187  8.2e-187  612.5   0.5     3   347  2347  2691  2345  2691 0.99 -
E2_Pestivirus_i=24_n=21      -            374 PV626349.1           -           3907  1.4e-174  573.0   0.8   1   1  3.9e-175  1.4e-174  573.0   0.8     4   373   696  1065   694  1066 0.99 -
RNAse_Pestivirus_i=26_n=21   -            227 PV626349.1           -           3907  3.9e-121  395.1   3.3   1   1  2.1e-121  7.6e-121  394.2   3.3     1   227   271   497   271   497 0.99 -
E1_Pestivirus_i=27_n=21      -            198 PV626349.1           -           3907   3.9e-96  312.9   1.0   1   1   2.2e-96   8.2e-96  311.8   1.0     1   198   498   692   498   692 0.99 -
N-Pro_Pestivirus_i=32_n=18   -            168 PV626349.1           -           3907   4.9e-86  278.9   0.1   1   1   2.5e-86   9.1e-86  278.0   0.1     1   168     1   168     1   168 1.00 -
C_Pestivirus_i=28_n=21       -            101 PV626349.1           -           3907   3.9e-48  154.0   7.9   1   1   2.3e-48   8.4e-48  152.9   7.9     2   100   171   269   167   270 0.95 -
NS3_Pegivirus_i=21_n=21      -            629 PV626349.1           -           3907   1.6e-38  124.5   3.8   1   1     7e-39   2.5e-38  123.8   3.8    99   483  1716  2120  1654  2125 0.77 -
NS3_Hepacivirus_i=11_n=26    -            627 PV626349.1           -           3907   5.8e-38  122.7   4.5   1   1   2.5e-38     9e-38  122.1   4.5    46   482  1655  2121  1642  2128 0.75 -
NS4A_Pestivirus_i=29_n=21    -             64 PV626349.1           -           3907   5.8e-35  111.5   0.1   1   1   3.5e-35   1.3e-34  110.4   0.1     1    64  2281  2344  2281  2344 0.98 -
p7_Pestivirus_i=38_n=16      -             70 PV626349.1           -           3907   3.6e-33  105.6   4.5   1   1   9.7e-34   3.6e-33  105.6   4.5     2    70  1068  1136  1067  1136 0.98 -
NS5A_Pestivirus_i=58_n=3     -            487 PV626349.1           -           3907   3.2e-32  103.7   0.0   1   1   1.4e-32   5.1e-32  103.0   0.0     1   472  2692  3167  2692  3180 0.81 -
NS2_Pestivirus_i=57_n=3      -            456 PV626349.1           -           3907   7.1e-25   79.7   0.3   1   1   1.9e-25   7.1e-25   79.7   0.3   228   456  1365  1597  1341  1597 0.84 -
NS3_Orthoflavivirus_i=1_n=57 -            621 PV626349.1           -           3907   9.5e-22   69.2   0.1   1   1     5e-22   1.8e-21   68.2   0.1   110   474  1732  2112  1716  2133 0.74 -
RdRp_Hepacivirus_i=10_n=26   -            594 PV626349.1           -           3907     5e-20   63.6   0.0   1   1   2.2e-20     8e-20   62.9   0.0    83   399  3394  3714  3346  3727 0.76 -
RdRp_Pegivirus_i=19_n=21     -            569 PV626349.1           -           3907   1.4e-16   52.1   0.0   1   1   6.5e-17   2.4e-16   51.3   0.0    42   414  3354  3757  3342  3770 0.75 -
RdRp_Orthoflavivirus_0_57    -            903 PV626349.1           -           3907   4.8e-08   23.6   0.0   1   1   2.9e-07   1.1e-06   19.1   0.0   534   797  3531  3768  3518  3774 0.81 -
NS5A_Pestivirus_i=61_n=2     -            220 PV626349.1           -           3907   8.6e-08   24.2   0.0   1   1   5.5e-08     2e-07   23.0   0.0    23   216  2711  2902  2694  2905 0.79 -
NS3_Pestivirus_i=20_n=21     -            683 PV626377.1           -           3987         0 1359.4   0.1   1   1         0         0 1358.1   0.1     1   683  1678  2360  1678  2360 1.00 -
RdRp_Pestivirus_i=18_n=21    -            717 PV626377.1           -           3987         0 1320.0   0.2   1   1         0         0 1319.6   0.2     1   715  3268  3982  3268  3984 1.00 -
NS5A_Pestivirus_i=36_n=16    -            498 PV626377.1           -           3987    3e-245  806.6   0.0   1   1  1.2e-245  4.3e-245  806.1   0.0     1   498  2772  3267  2772  3267 0.99 -
NS2_Pestivirus_i=35_n=16     -            454 PV626377.1           -           3987  8.6e-215  705.6   8.4   1   2  1.3e-187  4.4e-187  614.3   4.2     4   401  1139  1536  1136  1548 0.98 -
NS2_Pestivirus_i=35_n=16     -            454 PV626377.1           -           3987  8.6e-215  705.6   8.4   2   2   1.6e-29   5.5e-29   93.2   0.1   400   454  1623  1677  1617  1677 0.96 -
NS4B_Pestivirus_i=23_n=21    -            347 PV626377.1           -           3987  4.5e-188  616.7   0.5   1   1  2.3e-188  7.9e-188  615.9   0.5     3   347  2427  2771  2425  2771 0.99 -
E2_Pestivirus_i=24_n=21      -            374 PV626377.1           -           3987  9.9e-175  573.5   0.4   1   1  2.8e-175  9.9e-175  573.5   0.4     3   373   695  1064   693  1065 0.99 -
RNAse_Pestivirus_i=26_n=21   -            227 PV626377.1           -           3987  2.5e-122  399.0   2.6   1   1  1.4e-122  4.9e-122  398.1   2.6     1   227   271   497   271   497 0.99 -
E1_Pestivirus_i=27_n=21      -            198 PV626377.1           -           3987   3.4e-95  309.8   0.5   1   1   2.2e-95   7.8e-95  308.6   0.5     1   198   498   692   498   692 0.99 -
N-Pro_Pestivirus_i=32_n=18   -            168 PV626377.1           -           3987   1.1e-86  280.9   0.1   1   1     6e-87   2.1e-86  280.0   0.1     1   168     1   168     1   168 1.00 -
C_Pestivirus_i=28_n=21       -            101 PV626377.1           -           3987   1.5e-47  152.1   8.8   1   1     9e-48   3.2e-47  151.0   8.8     2   100   171   269   167   270 0.95 -
NS3_Pegivirus_i=21_n=21      -            629 PV626377.1           -           3987   6.7e-39  125.8   4.1   1   1   3.1e-39   1.1e-38  125.1   4.1    99   483  1796  2200  1734  2205 0.78 -
Jiv90                        PF14901.12    90 PV626377.1           -           3987   1.4e-37  120.2   0.4   1   1   1.4e-37     5e-37  118.4   0.4     6    89  1535  1618  1532  1619 0.98 Cleavage inducing molecular chaperone
NS3_Hepacivirus_i=11_n=26    -            627 PV626377.1           -           3987   8.6e-37  118.8   5.0   1   1   3.8e-37   1.3e-36  118.2   5.0    46   482  1735  2201  1720  2208 0.75 -
NS4A_Pestivirus_i=29_n=21    -             64 PV626377.1           -           3987   1.2e-35  113.8   0.1   1   1     7e-36   2.4e-35  112.7   0.1     1    64  2361  2424  2361  2424 0.98 -
p7_Pestivirus_i=38_n=16      -             70 PV626377.1           -           3987   8.2e-33  104.4   4.3   1   1   2.4e-33   8.2e-33  104.4   4.3     2    70  1067  1135  1066  1135 0.98 -
NS5A_Pestivirus_i=58_n=3     -            487 PV626377.1           -           3987   4.5e-32  103.1   0.0   1   1   2.2e-32   7.6e-32  102.4   0.0     1   472  2772  3247  2772  3260 0.80 -
NS3_Orthoflavivirus_i=1_n=57 -            621 PV626377.1           -           3987   2.7e-22   71.0   0.1   1   1   1.4e-22   5.1e-22   70.1   0.1   125   474  1828  2192  1796  2213 0.74 -
RdRp_Hepacivirus_i=10_n=26   -            594 PV626377.1           -           3987   1.4e-19   62.0   0.0   1   1   6.5e-20   2.3e-19   61.4   0.0   107   399  3495  3794  3426  3807 0.76 -
NS2_Pestivirus_i=57_n=3      -            456 PV626377.1           -           3987     1e-18   59.5  13.0   1   2   1.9e-16   6.7e-16   50.1   0.9   214   388  1344  1522  1293  1542 0.85 -
NS2_Pestivirus_i=57_n=3      -            456 PV626377.1           -           3987     1e-18   59.5  13.0   2   2   1.7e-06     6e-06   17.3   0.0   420   456  1641  1677  1619  1677 0.88 -
RdRp_Pegivirus_i=19_n=21     -            569 PV626377.1           -           3987   2.1e-16   51.5   0.0   1   1     1e-16   3.5e-16   50.7   0.0    42   414  3434  3837  3422  3850 0.74 -
RdRp_Orthoflavivirus_0_57    -            903 PV626377.1           -           3987   2.9e-08   24.3   0.0   1   1   1.9e-07   6.7e-07   19.8   0.0   535   797  3612  3848  3601  3854 0.81 -
NS5A_Pestivirus_i=61_n=2     -            220 PV626377.1           -           3987     3e-08   25.7   0.0   1   1   1.9e-08   6.8e-08   24.5   0.0    15   216  2783  2982  2773  2985 0.78 -
NS3_Pestivirus_i=20_n=21     -            683 PV554201.1           -           3899         0 1360.4   0.1   1   1         0         0 1358.1   0.1     1   683  1590  2272  1590  2272 1.00 -
RdRp_Pestivirus_i=18_n=21    -            717 PV554201.1           -           3899         0 1313.0   0.9   1   1         0         0 1312.6   0.9     1   715  3180  3894  3180  3896 1.00 -
NS5A_Pestivirus_i=36_n=16    -            498 PV554201.1           -           3899  3.8e-243  799.7   0.0   1   1  1.4e-243  5.2e-243  799.2   0.0     1   498  2684  3179  2684  3179 0.99 -
NS2_Pestivirus_i=35_n=16     -            454 PV554201.1           -           3899  4.4e-222  729.7   5.9   1   1  1.9e-222  6.8e-222  729.0   5.9     6   454  1142  1589  1137  1589 0.99 -
NS4B_Pestivirus_i=23_n=21    -            347 PV554201.1           -           3899  1.3e-187  615.1   1.4   1   1  6.5e-188  2.4e-187  614.3   0.4     3   347  2339  2683  2337  2683 0.99 -
E2_Pestivirus_i=24_n=21      -            374 PV554201.1           -           3899  9.7e-176  576.8   0.6   1   1  5.5e-176    2e-175  575.8   0.6     3   373   695  1065   693  1066 0.99 -
RNAse_Pestivirus_i=26_n=21   -            227 PV554201.1           -           3899  9.4e-122  397.1   3.9   1   1    5e-122  1.8e-121  396.2   3.9     1   227   271   497   271   497 0.99 -
E1_Pestivirus_i=27_n=21      -            198 PV554201.1           -           3899     1e-94  308.2   0.4   1   1   6.3e-95   2.3e-94  307.1   0.4     1   198   498   692   498   692 0.99 -
N-Pro_Pestivirus_i=32_n=18   -            168 PV554201.1           -           3899   7.9e-86  278.2   0.1   1   1   4.1e-86   1.5e-85  277.3   0.1     1   168     1   168     1   168 1.00 -
C_Pestivirus_i=28_n=21       -            101 PV554201.1           -           3899   7.1e-48  153.1   6.4   1   1   4.3e-48   1.6e-47  152.0   6.4     4   100   170   269   167   270 0.92 -
NS3_Pegivirus_i=21_n=21      -            629 PV554201.1           -           3899   2.3e-39  127.3   3.4   1   1     1e-39   3.7e-39  126.6   3.4    99   483  1708  2112  1648  2117 0.76 -
NS3_Hepacivirus_i=11_n=26    -            627 PV554201.1           -           3899   7.3e-38  122.4   4.2   1   1   3.1e-38   1.1e-37  121.7   4.2    46   482  1647  2113  1634  2120 0.76 -
NS4A_Pestivirus_i=29_n=21    -             64 PV554201.1           -           3899   3.5e-36  115.4   0.1   1   1   2.1e-36   7.6e-36  114.3   0.1     1    64  2273  2336  2273  2336 0.99 -
p7_Pestivirus_i=38_n=16      -             70 PV554201.1           -           3899   1.1e-31  100.8   3.8   1   1     3e-32   1.1e-31  100.8   3.8     2    70  1068  1136  1067  1136 0.98 -
NS5A_Pestivirus_i=58_n=3     -            487 PV554201.1           -           3899   1.4e-29   94.9   0.0   1   1   6.4e-30   2.3e-29   94.2   0.0     1   474  2684  3161  2684  3175 0.80 -
NS2_Pestivirus_i=57_n=3      -            456 PV554201.1           -           3899   5.3e-25   80.1   1.0   1   1   1.5e-25   5.3e-25   80.1   1.0   222   456  1351  1589  1252  1589 0.85 -
NS3_Orthoflavivirus_i=1_n=57 -            621 PV554201.1           -           3899   8.5e-23   72.6   0.1   1   1   4.4e-23   1.6e-22   71.7   0.1   110   474  1724  2104  1707  2125 0.74 -
RdRp_Hepacivirus_i=10_n=26   -            594 PV554201.1           -           3899   8.5e-21   66.1   0.0   1   1   4.1e-21   1.5e-20   65.3   0.0    43   399  3346  3706  3329  3720 0.81 -
RdRp_Pegivirus_i=19_n=21     -            569 PV554201.1           -           3899   2.7e-16   51.1   0.0   1   1   1.3e-16   4.8e-16   50.3   0.0    43   413  3347  3748  3335  3761 0.73 -
RdRp_Orthoflavivirus_0_57    -            903 PV554201.1           -           3899   6.5e-08   23.1   0.1   1   1   4.3e-07   1.6e-06   18.5   0.1   534   797  3523  3760  3508  3766 0.80 -
NS5A_Pestivirus_i=61_n=2     -            220 PV554201.1           -           3899     1e-06   20.7   0.0   1   1   6.3e-07   2.3e-06   19.5   0.0    22   216  2702  2894  2685  2897 0.79 -
NS3_Pestivirus_i=20_n=21     -            683 NC_039237.1          -           3974         0 1353.0   0.4   1   1         0         0 1352.6   0.4     1   683  1664  2346  1664  2346 1.00 -
RdRp_Pestivirus_i=18_n=21    -            717 NC_039237.1          -           3974         0 1315.3   0.4   1   1         0         0 1314.9   0.4     1   714  3255  3968  3255  3971 1.00 -
NS5A_Pestivirus_i=36_n=16    -            498 NC_039237.1          -           3974  9.1e-249  818.2   0.0   1   1  3.9e-249  1.3e-248  817.7   0.0     1   498  2758  3254  2758  3254 1.00 -
NS2_Pestivirus_i=35_n=16     -            454 NC_039237.1          -           3974  8.9e-226  741.8   2.8   1   1  2.7e-226  8.9e-226  741.8   2.8     5   454  1215  1663  1211  1663 0.99 -
NS4B_Pestivirus_i=23_n=21    -            347 NC_039237.1          -           3974  4.8e-189  619.8   2.5   1   1  1.4e-189  4.8e-189  619.8   2.5     3   347  2413  2757  2411  2757 0.99 -
E2_Pestivirus_i=24_n=21      -            374 NC_039237.1          -           3974  1.8e-172  566.1   0.7   1   1  1.1e-172  3.5e-172  565.1   0.7     3   373   695  1063   694  1064 0.99 -
RNAse_Pestivirus_i=26_n=21   -            227 NC_039237.1          -           3974  1.7e-121  396.3   4.4   1   1    1e-121  3.5e-121  395.3   4.4     1   227   271   497   271   497 0.99 -
E1_Pestivirus_i=27_n=21      -            198 NC_039237.1          -           3974     1e-95  311.5   0.2   1   1   6.2e-96   2.1e-95  310.5   0.2     1   198   498   692   498   692 0.99 -
N-Pro_Pestivirus_i=32_n=18   -            168 NC_039237.1          -           3974   4.4e-87  282.3   0.1   1   1   2.5e-87   8.4e-87  281.3   0.1     1   168     1   168     1   168 1.00 -
p7_Pestivirus_i=38_n=16      -             70 NC_039237.1          -           3974   6.3e-50  159.2  21.5   1   2   1.1e-33   3.6e-33  105.5   6.1     3    70  1067  1134  1065  1134 0.98 -
p7_Pestivirus_i=38_n=16      -             70 NC_039237.1          -           3974   6.3e-50  159.2  21.5   2   2   4.4e-19   1.5e-18   58.7   7.4    22    68  1162  1208  1151  1210 0.95 -
C_Pestivirus_i=28_n=21       -            101 NC_039237.1          -           3974   1.7e-48  155.1   5.4   1   1   1.2e-48   4.1e-48  153.9   5.4     4   100   173   269   167   270 0.93 -
NS3_Pegivirus_i=21_n=21      -            629 NC_039237.1          -           3974   2.5e-36  117.2   2.4   1   1   1.2e-36   4.1e-36  116.6   2.4    84   482  1764  2185  1720  2190 0.76 -
NS4A_Pestivirus_i=29_n=21    -             64 NC_039237.1          -           3974     1e-34  110.7   0.0   1   1   7.2e-35   2.4e-34  109.5   0.0     1    64  2347  2410  2347  2410 0.98 -
NS3_Hepacivirus_i=11_n=26    -            627 NC_039237.1          -           3974   6.4e-34  109.3   3.6   1   1   3.1e-34     1e-33  108.7   3.6    46   482  1721  2187  1708  2194 0.76 -
NS5A_Pestivirus_i=58_n=3     -            487 NC_039237.1          -           3974   1.5e-32  104.7   0.0   1   1   8.9e-33     3e-32  103.7   0.0     1   474  2758  3236  2758  3251 0.79 -
NS2_Pestivirus_i=57_n=3      -            456 NC_039237.1          -           3974   7.4e-28   89.6   1.1   1   1   4.6e-28   1.5e-27   88.5   1.1   229   456  1432  1663  1309  1663 0.83 -
NS3_Orthoflavivirus_i=1_n=57 -            621 NC_039237.1          -           3974   7.5e-23   72.8   0.1   1   1   4.2e-23   1.4e-22   71.9   0.1   110   475  1798  2179  1720  2207 0.77 -
RdRp_Hepacivirus_i=10_n=26   -            594 NC_039237.1          -           3974   5.6e-22   70.0   0.0   1   1   2.7e-22   9.2e-22   69.3   0.0    45   398  3423  3780  3408  3791 0.79 -
RdRp_Pegivirus_i=19_n=21     -            569 NC_039237.1          -           3974   2.4e-16   51.3   0.0   1   1   1.2e-16     4e-16   50.5   0.0    42   411  3421  3821  3408  3834 0.72 -
NS5A_Pestivirus_i=61_n=2     -            220 NC_039237.1          -           3974     1e-10   33.8   0.0   1   1   6.4e-11   2.1e-10   32.7   0.0    23   216  2777  2968  2759  2971 0.85 -
NS3_Pestivirus_i=20_n=21     -            683 PQ382802.1           -           3902         0 1359.0   0.0   1   1         0         0 1357.7   0.1     1   683  1592  2274  1592  2274 1.00 -
RdRp_Pestivirus_i=18_n=21    -            717 PQ382802.1           -           3902         0 1301.1   0.5   1   1         0         0 1300.8   0.5     1   716  3182  3898  3182  3899 0.99 -
NS5A_Pestivirus_i=36_n=16    -            498 PQ382802.1           -           3902  1.3e-236  778.1   0.0   1   1  5.5e-237    2e-236  777.5   0.0     1   498  2686  3181  2686  3181 0.99 -
NS2_Pestivirus_i=35_n=16     -            454 PQ382802.1           -           3902  2.1e-217  714.3   0.9   1   1  8.3e-218    3e-217  713.7   0.9     8   454  1146  1591  1139  1591 0.99 -
NS4B_Pestivirus_i=23_n=21    -            347 PQ382802.1           -           3902  2.6e-185  607.6   1.8   1   1  1.3e-185  4.6e-185  606.8   1.8     3   347  2341  2685  2339  2685 0.99 -
E2_Pestivirus_i=24_n=21      -            374 PQ382802.1           -           3902  8.3e-173  567.2   4.4   1   1  3.6e-173  1.3e-172  566.5   4.4     3   372   697  1066   695  1068 0.99 -
RNAse_Pestivirus_i=26_n=21   -            227 PQ382802.1           -           3902  1.3e-120  393.5   2.2   1   1  7.9e-121  2.9e-120  392.3   2.2     1   227   273   499   273   499 0.99 -
E1_Pestivirus_i=27_n=21      -            198 PQ382802.1           -           3902     2e-96  313.8   0.5   1   1     1e-96   3.7e-96  313.0   0.5     1   198   500   694   500   694 0.99 -
N-Pro_Pestivirus_i=32_n=18   -            168 PQ382802.1           -           3902   2.2e-84  273.5   0.1   1   1   1.2e-84   4.3e-84  272.5   0.1     1   168     1   168     1   168 1.00 -
C_Pestivirus_i=28_n=21       -            101 PQ382802.1           -           3902   7.1e-45  143.5   5.7   1   1   4.6e-45   1.7e-44  142.3   5.7     5    99   174   270   168   272 0.91 -
NS3_Pegivirus_i=21_n=21      -            629 PQ382802.1           -           3902   1.3e-38  124.8   2.1   1   1   5.9e-39   2.2e-38  124.1   2.1    82   483  1690  2114  1649  2119 0.76 -
NS3_Hepacivirus_i=11_n=26    -            627 PQ382802.1           -           3902   1.4e-36  118.1   3.0   1   1   6.1e-37   2.2e-36  117.5   3.0    46   481  1649  2114  1636  2121 0.77 -
NS4A_Pestivirus_i=29_n=21    -             64 PQ382802.1           -           3902   3.3e-36  115.5   0.3   1   1   5.7e-36   2.1e-35  112.9   0.1     1    64  2275  2338  2275  2338 0.99 -
p7_Pestivirus_i=38_n=16      -             70 PQ382802.1           -           3902     4e-29   92.6   1.1   1   1   1.1e-29     4e-29   92.6   1.1     2    70  1070  1138  1069  1138 0.98 -
NS2_Pestivirus_i=57_n=3      -            456 PQ382802.1           -           3902   1.5e-25   82.0   1.9   1   1   8.9e-26   3.3e-25   80.8   1.9   134   456  1261  1591  1152  1591 0.78 -
NS5A_Pestivirus_i=58_n=3     -            487 PQ382802.1           -           3902   1.6e-25   81.5   0.0   1   1   1.6e-25   5.8e-25   79.7   0.0     1   462  2686  3151  2686  3171 0.76 -
NS3_Orthoflavivirus_i=1_n=57 -            621 PQ382802.1           -           3902   1.7e-21   68.3   0.1   1   1   7.8e-22   2.9e-21   67.6   0.1   110   474  1726  2106  1711  2127 0.74 -
RdRp_Hepacivirus_i=10_n=26   -            594 PQ382802.1           -           3902   6.7e-21   66.4   0.0   1   1   2.9e-21   1.1e-20   65.8   0.0   112   399  3414  3708  3340  3720 0.79 -
RdRp_Pegivirus_i=19_n=21     -            569 PQ382802.1           -           3902   9.4e-15   46.0   0.0   1   1   4.4e-15   1.6e-14   45.2   0.0    79   411  3384  3748  3338  3762 0.68 -
NS5A_Pestivirus_i=61_n=2     -            220 PQ382802.1           -           3902   1.4e-10   33.4   0.0   1   1   7.5e-11   2.7e-10   32.4   0.0    15   216  2697  2896  2687  2899 0.83 -
RdRp_Orthoflavivirus_0_57    -            903 PQ382802.1           -           3902   2.8e-07   21.1   0.0   1   1   2.1e-06   7.7e-06   16.3   0.0   534   798  3525  3763  3509  3768 0.80 -
NS3_Pestivirus_i=20_n=21     -            683 PP823882.1           -           3908         0 1365.2   0.4   1   1         0         0 1364.7   0.4     1   683  1598  2280  1598  2280 1.00 -
RdRp_Pestivirus_i=18_n=21    -            717 PP823882.1           -           3908         0 1313.5   0.4   1   1         0         0 1313.0   0.4     1   715  3189  3903  3189  3905 1.00 -
NS5A_Pestivirus_i=36_n=16    -            498 PP823882.1           -           3908  2.8e-244  803.4   0.0   1   1  1.1e-244    4e-244  802.9   0.0     1   498  2692  3188  2692  3188 1.00 -
NS2_Pestivirus_i=35_n=16     -            454 PP823882.1           -           3908  1.3e-218  718.2   1.9   1   1  5.4e-219    2e-218  717.6   1.9     5   454  1139  1597  1135  1597 0.97 -
NS4B_Pestivirus_i=23_n=21    -            347 PP823882.1           -           3908  1.2e-182  598.8   3.4   1   1    5e-183  1.8e-182  598.2   2.9     3   347  2347  2691  2345  2691 0.99 -
E2_Pestivirus_i=24_n=21      -            374 PP823882.1           -           3908  5.2e-170  558.0   1.2   1   1  2.5e-170  9.2e-170  557.2   1.2     3   371   695  1061   694  1064 0.99 -
RNAse_Pestivirus_i=26_n=21   -            227 PP823882.1           -           3908  6.6e-122  397.6   5.9   1   1  3.7e-122  1.3e-121  396.6   5.9     1   227   271   497   271   497 0.99 -
E1_Pestivirus_i=27_n=21      -            198 PP823882.1           -           3908   9.5e-96  311.6   0.2   1   1   4.9e-96   1.8e-95  310.7   0.2     1   198   498   692   498   692 0.99 -
N-Pro_Pestivirus_i=32_n=18   -            168 PP823882.1           -           3908   7.4e-88  284.8   0.4   1   1   3.7e-88   1.4e-87  283.9   0.4     1   168     1   168     1   168 1.00 -
C_Pestivirus_i=28_n=21       -            101 PP823882.1           -           3908   1.2e-47  152.4   5.0   1   1   7.3e-48   2.7e-47  151.3   5.0     5   100   174   269   167   270 0.92 -
NS3_Pegivirus_i=21_n=21      -            629 PP823882.1           -           3908   4.4e-38  123.1   2.1   1   1   1.9e-38   6.8e-38  122.4   2.1    99   483  1716  2120  1657  2125 0.78 -
NS3_Hepacivirus_i=11_n=26    -            627 PP823882.1           -           3908   1.3e-35  114.9   3.6   1   1   5.8e-36   2.1e-35  114.2   3.6    48   482  1657  2121  1644  2128 0.75 -
NS4A_Pestivirus_i=29_n=21    -             64 PP823882.1           -           3908   1.3e-34  110.4   0.1   1   1   8.8e-35   3.2e-34  109.1   0.1     1    64  2281  2344  2281  2344 0.98 -
p7_Pestivirus_i=38_n=16      -             70 PP823882.1           -           3908   4.1e-32  102.2   2.4   1   1   2.9e-32   1.1e-31  100.8   2.4     5    70  1069  1134  1065  1134 0.97 -
NS5A_Pestivirus_i=58_n=3     -            487 PP823882.1           -           3908   2.8e-31  100.5   0.0   1   1   1.4e-31   5.3e-31   99.6   0.0     1   472  2692  3168  2692  3182 0.80 -
NS2_Pestivirus_i=57_n=3      -            456 PP823882.1           -           3908   8.2e-25   79.5   7.2   1   1   6.9e-25   2.5e-24   77.9   7.2    39   456  1172  1597  1146  1597 0.64 -
NS3_Orthoflavivirus_i=1_n=57 -            621 PP823882.1           -           3908   3.2e-23   74.0   0.1   1   1   1.6e-23   5.8e-23   73.2   0.1   109   475  1731  2113  1651  2136 0.75 -
RdRp_Hepacivirus_i=10_n=26   -            594 PP823882.1           -           3908     1e-21   69.1   0.0   1   1   5.2e-22   1.9e-21   68.3   0.0   105   400  3414  3716  3307  3728 0.79 -
RdRp_Pegivirus_i=19_n=21     -            569 PP823882.1           -           3908   2.5e-16   51.2   0.0   1   1   1.2e-16   4.3e-16   50.4   0.0    94   412  3406  3756  3348  3767 0.72 -
NS5A_Pestivirus_i=61_n=2     -            220 PP823882.1           -           3908   4.2e-07   22.0   0.0   1   1   2.7e-07   9.8e-07   20.7   0.0    22   216  2710  2902  2693  2905 0.81 -
NS3_Pestivirus_i=20_n=21     -            683 PP706246.1           -           3953         0 1366.9   0.3   1   1         0         0 1365.0   0.4     1   683  1644  2326  1644  2326 1.00 -
RdRp_Pestivirus_i=18_n=21    -            717 PP706246.1           -           3953         0 1310.8   0.1   1   1         0         0 1310.4   0.1     1   715  3234  3948  3234  3950 1.00 -
NS5A_Pestivirus_i=36_n=16    -            498 PP706246.1           -           3953  1.9e-242  797.4   0.0   1   1  7.3e-243  2.7e-242  796.9   0.0     1   498  2738  3233  2738  3233 0.99 -
NS2_Pestivirus_i=35_n=16     -            454 PP706246.1           -           3953  3.9e-222  729.8   6.0   1   1  1.6e-222  5.8e-222  729.3   6.0     5   454  1195  1643  1191  1643 0.99 -
E2_Pestivirus_i=24_n=21      -            374 PP706246.1           -           3953  2.7e-190  624.7   6.0   1   2  3.7e-177  1.4e-176  579.7   1.5     3   373   697  1067   695  1068 0.99 -
E2_Pestivirus_i=24_n=21      -            374 PP706246.1           -           3953  2.7e-190  624.7   6.0   2   2     1e-14   3.8e-14   45.1   0.0     3    59  1148  1204  1146  1220 0.90 -
NS4B_Pestivirus_i=23_n=21    -            347 PP706246.1           -           3953  7.2e-188  616.0   2.2   1   1  2.3e-188  8.4e-188  615.8   1.0     3   347  2393  2737  2391  2737 0.99 -
RNAse_Pestivirus_i=26_n=21   -            227 PP706246.1           -           3953  1.8e-120  392.9   4.3   1   1  9.1e-121  3.3e-120  392.1   4.3     1   227   273   499   273   499 0.99 -
E1_Pestivirus_i=27_n=21      -            198 PP706246.1           -           3953     4e-95  309.6   0.5   1   1   2.2e-95     8e-95  308.6   0.5     1   198   500   694   500   694 0.99 -
N-Pro_Pestivirus_i=32_n=18   -            168 PP706246.1           -           3953   1.2e-84  274.3   0.2   1   1   6.6e-85   2.4e-84  273.3   0.2     1   168     1   168     1   168 1.00 -
C_Pestivirus_i=28_n=21       -            101 PP706246.1           -           3953   1.7e-47  151.9   7.4   1   1   1.2e-47   4.4e-47  150.6   7.4     5    97   174   266   167   270 0.91 -
NS3_Pegivirus_i=21_n=21      -            629 PP706246.1           -           3953   3.7e-39  126.6   3.7   1   1   1.6e-39     6e-39  125.9   3.7    99   483  1762  2166  1702  2171 0.76 -
NS3_Hepacivirus_i=11_n=26    -            627 PP706246.1           -           3953   5.1e-37  119.6   5.3   1   1   2.2e-37     8e-37  118.9   5.3    47   482  1702  2167  1689  2174 0.75 -
NS4A_Pestivirus_i=29_n=21    -             64 PP706246.1           -           3953   1.1e-35  113.8   0.0   1   1   6.6e-36   2.4e-35  112.7   0.0     1    64  2327  2390  2327  2390 0.98 -
p7_Pestivirus_i=38_n=16      -             70 PP706246.1           -           3953   3.8e-30   95.9   3.5   1   1     1e-30   3.8e-30   95.9   3.5     2    70  1070  1138  1069  1138 0.98 -
NS5A_Pestivirus_i=58_n=3     -            487 PP706246.1           -           3953   8.7e-30   95.6   0.0   1   1   4.2e-30   1.5e-29   94.8   0.0     1   468  2738  3209  2738  3222 0.80 -
NS2_Pestivirus_i=57_n=3      -            456 PP706246.1           -           3953   9.1e-28   89.3   1.2   1   1   5.1e-28   1.9e-27   88.2   1.2   206   456  1389  1643  1302  1643 0.76 -
NS3_Orthoflavivirus_i=1_n=57 -            621 PP706246.1           -           3953   8.4e-23   72.6   0.2   1   1   4.4e-23   1.6e-22   71.7   0.2   110   474  1778  2158  1760  2179 0.74 -
RdRp_Hepacivirus_i=10_n=26   -            594 PP706246.1           -           3953   3.2e-20   64.2   0.0   1   1   1.4e-20   5.2e-20   63.5   0.0   107   399  3461  3760  3384  3774 0.78 -
RdRp_Pegivirus_i=19_n=21     -            569 PP706246.1           -           3953   9.2e-15   46.1   0.0   1   1   4.2e-15   1.5e-14   45.3   0.0    43   411  3401  3800  3389  3814 0.72 -
RdRp_Orthoflavivirus_0_57    -            903 PP706246.1           -           3953   7.4e-08   22.9   0.0   1   1   4.2e-07   1.5e-06   18.6   0.0   533   797  3576  3814  3548  3820 0.79 -
NS5A_Pestivirus_i=61_n=2     -            220 PP706246.1           -           3953   1.1e-06   20.6   0.0   1   1   7.7e-07   2.8e-06   19.2   0.0    29   216  2766  2948  2739  2951 0.81 -
NS3_Pestivirus_i=20_n=21     -            683 OP649599.1           -           3899         0 1363.0   0.1   1   1         0         0 1361.4   0.1     1   683  1590  2272  1590  2272 1.00 -
RdRp_Pestivirus_i=18_n=21    -            717 OP649599.1           -           3899         0 1317.7   0.2   1   1         0         0 1317.3   0.2     1   715  3180  3894  3180  3896 1.00 -
NS5A_Pestivirus_i=36_n=16    -            498 OP649599.1           -           3899  2.1e-241  793.9   0.0   1   1  8.2e-242    3e-241  793.4   0.0     1   498  2684  3179  2684  3179 0.99 -
NS2_Pestivirus_i=35_n=16     -            454 OP649599.1           -           3899  1.8e-222  731.0   5.8   1   1  7.1e-223  2.6e-222  730.4   5.8     5   454  1141  1589  1137  1589 0.99 -
NS4B_Pestivirus_i=23_n=21    -            347 OP649599.1           -           3899  1.7e-186  611.4   1.4   1   1  4.7e-187  1.7e-186  611.4   1.4     3   347  2339  2683  2337  2683 0.99 -
E2_Pestivirus_i=24_n=21      -            374 OP649599.1           -           3899  1.6e-174  572.8   6.4   1   1  9.2e-175  3.4e-174  571.8   6.4     3   373   695  1065   693  1066 0.99 -
RNAse_Pestivirus_i=26_n=21   -            227 OP649599.1           -           3899  3.2e-120  392.1   3.8   1   1  1.6e-120  5.9e-120  391.3   3.8     1   227   271   497   271   497 0.99 -
E1_Pestivirus_i=27_n=21      -            198 OP649599.1           -           3899   1.8e-95  310.7   1.3   1   1   1.2e-95   4.3e-95  309.5   1.3     1   198   498   692   498   692 0.99 -
N-Pro_Pestivirus_i=32_n=18   -            168 OP649599.1           -           3899   1.1e-85  277.7   0.1   1   1   5.9e-86   2.1e-85  276.8   0.1     1   168     1   168     1   168 1.00 -
C_Pestivirus_i=28_n=21       -            101 OP649599.1           -           3899   1.6e-48  155.2   6.4   1   1   1.3e-48   4.6e-48  153.7   6.4     5    99   174   268   167   270 0.94 -
NS3_Pegivirus_i=21_n=21      -            629 OP649599.1           -           3899   4.1e-39  126.5   3.0   1   1   2.1e-39   7.8e-39  125.5   3.0    99   483  1708  2112  1651  2117 0.78 -
NS3_Hepacivirus_i=11_n=26    -            627 OP649599.1           -           3899   1.7e-37  121.1   4.1   1   1   7.9e-38   2.9e-37  120.4   4.1    47   482  1648  2113  1634  2120 0.75 -
NS4A_Pestivirus_i=29_n=21    -             64 OP649599.1           -           3899   9.2e-36  114.1   0.1   1   1   6.7e-36   2.5e-35  112.7   0.1     1    64  2273  2336  2273  2336 0.98 -
p7_Pestivirus_i=38_n=16      -             70 OP649599.1           -           3899   6.5e-33  104.7   3.5   1   1   1.8e-33   6.5e-33  104.7   3.5     3    70  1069  1136  1067  1136 0.97 -
NS5A_Pestivirus_i=58_n=3     -            487 OP649599.1           -           3899   8.4e-31   99.0   0.0   1   1   4.6e-31   1.7e-30   98.0   0.0     1   472  2684  3159  2684  3172 0.80 -
NS2_Pestivirus_i=57_n=3      -            456 OP649599.1           -           3899   4.5e-25   80.4   0.1   1   1   1.2e-25   4.5e-25   80.4   0.1   215   456  1346  1589  1313  1589 0.85 -
NS3_Orthoflavivirus_i=1_n=57 -            621 OP649599.1           -           3899   1.9e-22   71.4   0.2   1   1   9.8e-23   3.6e-22   70.6   0.2   127   474  1742  2104  1710  2125 0.74 -
RdRp_Hepacivirus_i=10_n=26   -            594 OP649599.1           -           3899   7.2e-20   63.0   0.0   1   1   3.1e-20   1.1e-19   62.4   0.0   115   399  3415  3706  3327  3720 0.79 -
RdRp_Pegivirus_i=19_n=21     -            569 OP649599.1           -           3899   3.2e-14   44.2   0.0   1   1   1.6e-14   5.7e-14   43.4   0.0    47   411  3351  3746  3336  3762 0.70 -
RdRp_Orthoflavivirus_0_57    -            903 OP649599.1           -           3899   2.2e-07   21.4   0.1   1   1   1.3e-06   4.6e-06   17.0   0.1   534   801  3523  3764  3508  3767 0.80 -
NS5A_Pestivirus_i=61_n=2     -            220 OP649599.1           -           3899   1.1e-06   20.6   0.1   1   1   9.8e-07   3.6e-06   18.9   0.1    29   216  2712  2894  2685  2897 0.75 -
NS3_Pestivirus_i=20_n=21     -            683 OQ338174.1           -           3900         0 1372.5   0.5   1   1         0         0 1372.0   0.5     1   683  1591  2273  1591  2273 1.00 -
RdRp_Pestivirus_i=18_n=21    -            717 OQ338174.1           -           3900         0 1318.6   0.2   1   1         0         0 1318.2   0.2     2   714  3182  3894  3181  3897 1.00 -
NS5A_Pestivirus_i=36_n=16    -            498 OQ338174.1           -           3900  4.3e-247  812.7   0.0   1   1  1.8e-247  6.1e-247  812.2   0.0     1   498  2685  3181  2685  3181 1.00 -
NS2_Pestivirus_i=35_n=16     -            454 OQ338174.1           -           3900  6.5e-226  742.3   3.8   1   1  3.1e-226  1.1e-225  741.6   3.8     3   454  1140  1590  1138  1590 0.99 -
NS4B_Pestivirus_i=23_n=21    -            347 OQ338174.1           -           3900  7.9e-189  619.1   4.5   1   1  2.3e-189    8e-189  619.1   2.7     3   347  2340  2684  2338  2684 0.99 -
E2_Pestivirus_i=24_n=21      -            374 OQ338174.1           -           3900    4e-171  561.7   1.7   1   1    2e-171  7.1e-171  560.8   1.7     3   373   695  1063   694  1064 0.99 -
RNAse_Pestivirus_i=26_n=21   -            227 OQ338174.1           -           3900    2e-121  396.1   4.0   1   1  1.1e-121  3.8e-121  395.1   4.0     1   227   271   497   271   497 0.99 -
E1_Pestivirus_i=27_n=21      -            198 OQ338174.1           -           3900   3.4e-96  313.1   0.2   1   1   1.9e-96   6.6e-96  312.1   0.2     1   198   498   692   498   692 0.99 -
N-Pro_Pestivirus_i=32_n=18   -            168 OQ338174.1           -           3900   4.6e-86  279.0   0.3   1   1   2.6e-86   9.1e-86  278.0   0.3     1   168     1   168     1   168 1.00 -
C_Pestivirus_i=28_n=21       -            101 OQ338174.1           -           3900     3e-48  154.3   5.0   1   1     2e-48   6.9e-48  153.2   5.0     2   100   168   269   167   270 0.93 -
NS3_Pegivirus_i=21_n=21      -            629 OQ338174.1           -           3900     3e-38  123.6   2.6   1   1   1.4e-38   4.8e-38  122.9   2.6    84   482  1691  2112  1647  2117 0.77 -
NS3_Hepacivirus_i=11_n=26    -            627 OQ338174.1           -           3900   7.9e-37  119.0   3.7   1   1   3.6e-37   1.3e-36  118.3   3.7    46   482  1648  2114  1635  2121 0.76 -
NS4A_Pestivirus_i=29_n=21    -             64 OQ338174.1           -           3900   6.6e-34  108.1   0.0   1   1   4.6e-34   1.6e-33  106.9   0.0     1    64  2274  2337  2274  2337 0.98 -
p7_Pestivirus_i=38_n=16      -             70 OQ338174.1           -           3900   3.8e-33  105.5   8.0   1   1     3e-33     1e-32  104.1   8.0     2    70  1069  1137  1068  1137 0.98 -
NS5A_Pestivirus_i=58_n=3     -            487 OQ338174.1           -           3900   8.9e-31   98.9   0.0   1   1   5.4e-31   1.9e-30   97.8   0.0     1   474  2685  3163  2685  3178 0.79 -
NS2_Pestivirus_i=57_n=3      -            456 OQ338174.1           -           3900   3.5e-25   80.8   6.5   1   1   1.1e-25   3.9e-25   80.6   5.3   197   456  1330  1590  1138  1590 0.69 -
NS3_Orthoflavivirus_i=1_n=57 -            621 OQ338174.1           -           3900   9.1e-23   72.5   0.1   1   1   4.9e-23   1.7e-22   71.6   0.1   110   475  1725  2106  1647  2130 0.76 -
RdRp_Hepacivirus_i=10_n=26   -            594 OQ338174.1           -           3900   2.1e-21   68.1   0.0   1   1   1.3e-21   4.6e-21   67.0   0.0   106   400  3407  3708  3279  3719 0.81 -
RdRp_Pegivirus_i=19_n=21     -            569 OQ338174.1           -           3900   2.9e-15   47.7   0.0   1   1   1.4e-15   4.8e-15   47.0   0.0    90   411  3394  3747  3337  3759 0.69 -
NS5A_Pestivirus_i=61_n=2     -            220 OQ338174.1           -           3900   2.7e-08   25.8   0.0   1   1   1.7e-08   5.8e-08   24.8   0.0    29   216  2713  2895  2687  2898 0.85 -
NS3_Pestivirus_i=20_n=21     -            683 MW054935.1           -           3899         0 1360.1   0.1   1   1         0         0 1359.4   0.1     1   683  1590  2272  1590  2272 1.00 -
RdRp_Pestivirus_i=18_n=21    -            717 MW054935.1           -           3899         0 1314.4   0.6   1   1         0         0 1314.0   0.6     1   715  3180  3894  3180  3896 1.00 -
NS5A_Pestivirus_i=36_n=16    -            498 MW054935.1           -           3899    1e-242  798.3   0.0   1   1  3.8e-243  1.4e-242  797.8   0.0     1   498  2684  3179  2684  3179 0.99 -
NS2_Pestivirus_i=35_n=16     -            454 MW054935.1           -           3899  1.1e-222  731.7   2.7   1   1  4.6e-223  1.7e-222  731.1   2.7     7   454  1143  1589  1137  1589 0.99 -
NS4B_Pestivirus_i=23_n=21    -            347 MW054935.1           -           3899  8.9e-188  615.7   1.9   1   1  2.8e-188    1e-187  615.5   0.7     3   347  2339  2683  2337  2683 0.99 -
E2_Pestivirus_i=24_n=21      -            374 MW054935.1           -           3899  7.4e-178  583.8   2.2   1   1  3.5e-178  1.3e-177  583.0   2.2     3   372   695  1064   693  1066 0.99 -
RNAse_Pestivirus_i=26_n=21   -            227 MW054935.1           -           3899  7.9e-122  397.4   2.9   1   1  5.3e-122    2e-121  396.1   2.9     1   227   271   497   271   497 0.99 -
E1_Pestivirus_i=27_n=21      -            198 MW054935.1           -           3899   6.9e-95  308.8   1.4   1   1   1.9e-95   6.9e-95  308.8   1.4     2   198   499   692   498   692 0.99 -
N-Pro_Pestivirus_i=32_n=18   -            168 MW054935.1           -           3899   3.2e-85  276.2   0.2   1   1   1.8e-85   6.5e-85  275.2   0.2     1   168     1   168     1   168 1.00 -
C_Pestivirus_i=28_n=21       -            101 MW054935.1           -           3899   1.4e-47  152.2   5.4   1   1     8e-48   2.9e-47  151.1   5.4     3    99   172   268   167   270 0.93 -
NS3_Pegivirus_i=21_n=21      -            629 MW054935.1           -           3899   5.4e-39  126.1   2.6   1   1   2.4e-39   8.7e-39  125.4   2.6   106   483  1715  2112  1655  2117 0.77 -
NS3_Hepacivirus_i=11_n=26    -            627 MW054935.1           -           3899   1.7e-37  121.2   3.8   1   1   7.1e-38   2.6e-37  120.5   3.8    48   482  1649  2113  1635  2120 0.75 -
NS4A_Pestivirus_i=29_n=21    -             64 MW054935.1           -           3899     1e-35  113.9   0.1   1   1   6.5e-36   2.4e-35  112.7   0.1     1    64  2273  2336  2273  2336 0.98 -
NS5A_Pestivirus_i=58_n=3     -            487 MW054935.1           -           3899   3.9e-32  103.3   0.0   1   1   1.9e-32     7e-32  102.5   0.0     1   476  2684  3163  2684  3177 0.81 -
p7_Pestivirus_i=38_n=16      -             70 MW054935.1           -           3899   8.1e-30   94.8   2.4   1   1   2.2e-30   8.1e-30   94.8   2.4     2    70  1068  1136  1067  1136 0.98 -
NS2_Pestivirus_i=57_n=3      -            456 MW054935.1           -           3899   5.6e-24   76.8   1.4   1   1   1.5e-24   5.6e-24   76.8   1.4   213   456  1344  1589  1253  1589 0.80 -
NS3_Orthoflavivirus_i=1_n=57 -            621 MW054935.1           -           3899   3.2e-22   70.7   0.1   1   1   1.6e-22     6e-22   69.8   0.1   128   474  1743  2104  1712  2125 0.75 -
RdRp_Hepacivirus_i=10_n=26   -            594 MW054935.1           -           3899   2.3e-19   61.4   0.0   1   1     1e-19   3.7e-19   60.7   0.0   108   399  3408  3706  3319  3718 0.78 -
RdRp_Pegivirus_i=19_n=21     -            569 MW054935.1           -           3899   1.8e-15   48.4   0.0   1   1   8.3e-16     3e-15   47.6   0.0    46   415  3350  3750  3336  3761 0.71 -
NS5A_Pestivirus_i=61_n=2     -            220 MW054935.1           -           3899   6.2e-09   27.9   0.1   1   1     5e-09   1.8e-08   26.4   0.0    10   216  2693  2894  2685  2897 0.84 -
RdRp_Orthoflavivirus_0_57    -            903 MW054935.1           -           3899   1.9e-08   24.9   0.0   1   1   1.2e-07   4.4e-07   20.4   0.0   534   798  3523  3761  3504  3767 0.82 -
NS3_Pestivirus_i=20_n=21     -            683 MW054936.1           -           3899         0 1365.3   0.1   1   1         0         0 1363.1   0.2     1   683  1590  2272  1590  2272 1.00 -
RdRp_Pestivirus_i=18_n=21    -            717 MW054936.1           -           3899         0 1313.8   0.2   1   1         0         0 1313.3   0.2     1   715  3180  3894  3180  3896 1.00 -
NS5A_Pestivirus_i=36_n=16    -            498 MW054936.1           -           3899  8.8e-243  798.5   0.0   1   1  3.4e-243  1.2e-242  798.0   0.0     1   498  2684  3179  2684  3179 0.99 -
NS2_Pestivirus_i=35_n=16     -            454 MW054936.1           -           3899  9.8e-220  721.9   5.5   1   1    4e-220  1.5e-219  721.3   5.5     9   454  1145  1589  1139  1589 0.99 -
NS4B_Pestivirus_i=23_n=21    -            347 MW054936.1           -           3899  1.5e-187  615.0   1.3   1   1  9.6e-188  3.5e-187  613.7   0.3     3   347  2339  2683  2337  2683 0.99 -
E2_Pestivirus_i=24_n=21      -            374 MW054936.1           -           3899    5e-176  577.8   1.0   1   1  1.4e-176    5e-176  577.8   1.0     3   373   695  1065   693  1066 0.99 -
RNAse_Pestivirus_i=26_n=21   -            227 MW054936.1           -           3899  4.2e-122  398.3   4.1   1   1  1.2e-122  4.2e-122  398.3   4.1     1   227   271   497   271   497 0.99 -
E1_Pestivirus_i=27_n=21      -            198 MW054936.1           -           3899   1.8e-95  310.7   0.7   1   1   1.2e-95   4.4e-95  309.5   0.7     1   198   498   692   498   692 0.99 -
N-Pro_Pestivirus_i=32_n=18   -            168 MW054936.1           -           3899   2.8e-85  276.4   0.1   1   1   1.4e-85   5.2e-85  275.5   0.1     1   168     1   168     1   168 1.00 -
C_Pestivirus_i=28_n=21       -            101 MW054936.1           -           3899   2.7e-48  154.5   8.5   1   1   1.6e-48   5.8e-48  153.4   8.5     2   100   171   269   167   270 0.94 -
NS3_Pegivirus_i=21_n=21      -            629 MW054936.1           -           3899   4.3e-39  126.4   3.6   1   1   1.9e-39   7.1e-39  125.7   3.6    99   483  1708  2112  1648  2117 0.75 -
NS3_Hepacivirus_i=11_n=26    -            627 MW054936.1           -           3899   2.2e-37  120.8   4.6   1   1   9.4e-38   3.5e-37  120.1   4.6    46   482  1647  2113  1634  2120 0.76 -
NS4A_Pestivirus_i=29_n=21    -             64 MW054936.1           -           3899   1.8e-35  113.1   0.1   1   1   1.1e-35   4.1e-35  112.0   0.1     1    64  2273  2336  2273  2336 0.98 -
p7_Pestivirus_i=38_n=16      -             70 MW054936.1           -           3899   1.2e-31  100.7   3.3   1   1   3.2e-32   1.2e-31  100.7   3.3     2    70  1068  1136  1067  1136 0.98 -
NS5A_Pestivirus_i=58_n=3     -            487 MW054936.1           -           3899   6.9e-28   89.3   0.0   1   1   3.4e-28   1.2e-27   88.5   0.0     2   472  2685  3159  2684  3173 0.79 -
NS2_Pestivirus_i=57_n=3      -            456 MW054936.1           -           3899   2.2e-24   78.1   4.5   1   1   7.9e-25   2.9e-24   77.7   3.7   213   456  1344  1589  1152  1589 0.84 -
NS3_Orthoflavivirus_i=1_n=57 -            621 MW054936.1           -           3899   1.5e-22   71.8   0.1   1   1   7.7e-23   2.8e-22   70.9   0.1   110   474  1724  2104  1707  2125 0.74 -
RdRp_Hepacivirus_i=10_n=26   -            594 MW054936.1           -           3899   4.4e-20   63.7   0.0   1   1   1.9e-20     7e-20   63.1   0.0    46   399  3349  3706  3337  3719 0.78 -
RdRp_Pegivirus_i=19_n=21     -            569 MW054936.1           -           3899   1.2e-15   49.0   0.0   1   1   5.6e-16   2.1e-15   48.2   0.0    43   410  3347  3745  3335  3759 0.73 -
RdRp_Orthoflavivirus_0_57    -            903 MW054936.1           -           3899   2.9e-08   24.3   0.0   1   1     2e-07   7.3e-07   19.6   0.0   534   797  3523  3760  3508  3766 0.81 -
NS5A_Pestivirus_i=61_n=2     -            220 MW054936.1           -           3899   1.8e-06   19.9   0.1   1   1   1.7e-06   6.1e-06   18.1   0.1    29   216  2712  2894  2686  2897 0.78 -
NS3_Pestivirus_i=20_n=21     -            683 MW054940.1           -           3899         0 1360.9   0.2   1   1         0         0 1360.1   0.2     1   683  1590  2272  1590  2272 1.00 -
RdRp_Pestivirus_i=18_n=21    -            717 MW054940.1           -           3899         0 1317.0   0.1   1   1         0         0 1316.6   0.1     1   715  3180  3894  3180  3896 1.00 -
NS5A_Pestivirus_i=36_n=16    -            498 MW054940.1           -           3899  3.7e-244  803.0   0.0   1   1  1.4e-244  5.2e-244  802.5   0.0     1   498  2684  3179  2684  3179 0.99 -
NS2_Pestivirus_i=35_n=16     -            454 MW054940.1           -           3899  6.7e-222  729.1   1.3   1   1  2.6e-222  9.6e-222  728.6   1.3     6   454  1142  1589  1137  1589 0.99 -
NS4B_Pestivirus_i=23_n=21    -            347 MW054940.1           -           3899  7.3e-186  609.4   0.4   1   1  4.2e-186  1.5e-185  608.3   0.2     4   347  2340  2683  2337  2683 0.99 -
E2_Pestivirus_i=24_n=21      -            374 MW054940.1           -           3899  5.9e-177  580.9   0.5   1   1  3.1e-177  1.1e-176  579.9   0.5     3   373   695  1065   693  1066 0.99 -
RNAse_Pestivirus_i=26_n=21   -            227 MW054940.1           -           3899  9.1e-122  397.2   3.6   1   1  2.5e-122  9.1e-122  397.2   3.6     1   227   271   497   271   497 0.99 -
E1_Pestivirus_i=27_n=21      -            198 MW054940.1           -           3899   3.7e-94  306.4   0.4   1   1     2e-94   7.3e-94  305.5   0.4     2   198   499   692   498   692 0.99 -
N-Pro_Pestivirus_i=32_n=18   -            168 MW054940.1           -           3899   6.4e-86  278.5   0.2   1   1   3.4e-86   1.2e-85  277.5   0.2     1   168     1   168     1   168 1.00 -
C_Pestivirus_i=28_n=21       -            101 MW054940.1           -           3899   1.5e-48  155.2   8.5   1   1   9.6e-49   3.5e-48  154.1   8.5     2    99   171   268   168   270 0.96 -
NS3_Pegivirus_i=21_n=21      -            629 MW054940.1           -           3899   2.7e-38  123.8   4.1   1   1   1.1e-38   4.2e-38  123.1   4.1    99   483  1708  2112  1647  2117 0.76 -
NS3_Hepacivirus_i=11_n=26    -            627 MW054940.1           -           3899   1.8e-36  117.8   4.9   1   1   7.5e-37   2.8e-36  117.2   4.9    47   482  1648  2113  1634  2120 0.75 -
NS4A_Pestivirus_i=29_n=21    -             64 MW054940.1           -           3899   1.1e-35  113.8   0.0   1   1   6.8e-36   2.5e-35  112.7   0.0     1    64  2273  2336  2273  2336 0.98 -
p7_Pestivirus_i=38_n=16      -             70 MW054940.1           -           3899   2.2e-31   99.8   3.3   1   1   5.9e-32   2.2e-31   99.8   3.3     2    70  1068  1136  1067  1136 0.98 -
NS5A_Pestivirus_i=58_n=3     -            487 MW054940.1           -           3899   8.8e-30   95.6   0.0   1   1   4.9e-30   1.8e-29   94.6   0.0     1   471  2684  3158  2684  3172 0.78 -
NS2_Pestivirus_i=57_n=3      -            456 MW054940.1           -           3899     8e-25   79.6   0.5   1   1   2.2e-25     8e-25   79.6   0.5   206   456  1335  1589  1253  1589 0.81 -
NS3_Orthoflavivirus_i=1_n=57 -            621 MW054940.1           -           3899   4.3e-22   70.3   0.2   1   1   2.2e-22     8e-22   69.4   0.2   110   474  1724  2104  1706  2125 0.74 -
RdRp_Hepacivirus_i=10_n=26   -            594 MW054940.1           -           3899   3.8e-21   67.2   0.0   1   1   1.7e-21   6.2e-21   66.5   0.0   114   399  3414  3706  3318  3720 0.81 -
RdRp_Pegivirus_i=19_n=21     -            569 MW054940.1           -           3899   1.5e-16   51.9   0.0   1   1   7.1e-17   2.6e-16   51.2   0.0    42   411  3346  3746  3335  3760 0.75 -
NS5A_Pestivirus_i=61_n=2     -            220 MW054940.1           -           3899   3.2e-08   25.6   0.0   1   1   1.8e-08   6.5e-08   24.6   0.0    23   216  2703  2894  2685  2897 0.81 -
RdRp_Orthoflavivirus_0_57    -            903 MW054940.1           -           3899   6.1e-08   23.2   0.0   1   1   3.5e-07   1.3e-06   18.9   0.0   534   797  3523  3760  3508  3766 0.80 -
NS3_Pestivirus_i=20_n=21     -            683 MW655625.1           -           3899         0 1361.1   0.1   1   1         0         0 1360.6   0.1     1   683  1590  2272  1590  2272 1.00 -
RdRp_Pestivirus_i=18_n=21    -            717 MW655625.1           -           3899         0 1311.7   0.3   1   1         0         0 1311.3   0.3     1   715  3180  3894  3180  3896 1.00 -
NS5A_Pestivirus_i=36_n=16    -            498 MW655625.1           -           3899  1.1e-244  804.7   0.0   1   1  4.4e-245  1.6e-244  804.2   0.0     1   498  2684  3179  2684  3179 0.99 -
NS2_Pestivirus_i=35_n=16     -            454 MW655625.1           -           3899  5.7e-224  735.9   5.5   1   1  2.3e-224  8.4e-224  735.3   5.5     5   454  1141  1589  1137  1589 0.99 -
NS4B_Pestivirus_i=23_n=21    -            347 MW655625.1           -           3899  3.4e-188  617.0   1.8   1   1  1.7e-188  6.1e-188  616.2   0.4     3   347  2339  2683  2337  2683 0.99 -
E2_Pestivirus_i=24_n=21      -            374 MW655625.1           -           3899  2.2e-178  585.5   3.6   1   1  6.1e-179  2.2e-178  585.5   3.6     3   373   695  1065   693  1066 0.99 -
RNAse_Pestivirus_i=26_n=21   -            227 MW655625.1           -           3899  2.3e-122  399.1   3.6   1   1  1.7e-122  6.2e-122  397.7   3.6     1   227   271   497   271   497 0.99 -
E1_Pestivirus_i=27_n=21      -            198 MW655625.1           -           3899   2.2e-95  310.4   1.0   1   1   1.3e-95   4.9e-95  309.3   1.0     1   198   498   692   498   692 0.99 -
N-Pro_Pestivirus_i=32_n=18   -            168 MW655625.1           -           3899   6.2e-86  278.5   0.0   1   1   3.2e-86   1.2e-85  277.6   0.0     1   168     1   168     1   168 1.00 -
C_Pestivirus_i=28_n=21       -            101 MW655625.1           -           3899   4.3e-47  150.6   8.2   1   1   2.9e-47   1.1e-46  149.4   8.2     3    99   172   268   167   270 0.92 -
NS3_Pegivirus_i=21_n=21      -            629 MW655625.1           -           3899   2.3e-38  124.0   3.1   1   1     1e-38   3.8e-38  123.3   3.1    84   483  1690  2112  1643  2117 0.74 -
NS3_Hepacivirus_i=11_n=26    -            627 MW655625.1           -           3899   1.6e-36  118.0   4.4   1   1   6.5e-37   2.4e-36  117.4   4.4    49   482  1650  2113  1636  2120 0.74 -
NS4A_Pestivirus_i=29_n=21    -             64 MW655625.1           -           3899     1e-35  113.9   0.1   1   1   6.5e-36   2.4e-35  112.7   0.1     1    64  2273  2336  2273  2336 0.98 -
p7_Pestivirus_i=38_n=16      -             70 MW655625.1           -           3899   2.1e-30   96.7   2.6   1   1   5.7e-31   2.1e-30   96.7   2.6     2    70  1068  1136  1067  1136 0.98 -
NS5A_Pestivirus_i=58_n=3     -            487 MW655625.1           -           3899   2.3e-30   97.5   0.0   1   1   1.1e-30     4e-30   96.7   0.0     1   472  2684  3159  2684  3172 0.79 -
NS2_Pestivirus_i=57_n=3      -            456 MW655625.1           -           3899   1.7e-24   78.5   1.4   1   1   4.7e-25   1.7e-24   78.5   1.4   199   456  1326  1589  1241  1589 0.77 -
NS3_Orthoflavivirus_i=1_n=57 -            621 MW655625.1           -           3899   1.7e-22   71.6   0.2   1   1   8.7e-23   3.2e-22   70.7   0.2   110   474  1724  2104  1710  2125 0.74 -
RdRp_Hepacivirus_i=10_n=26   -            594 MW655625.1           -           3899   3.4e-20   64.1   0.0   1   1   1.5e-20   5.5e-20   63.4   0.0    78   399  3381  3706  3336  3718 0.75 -
RdRp_Pegivirus_i=19_n=21     -            569 MW655625.1           -           3899     3e-16   51.0   0.0   1   1   1.4e-16   5.1e-16   50.2   0.0    43   410  3347  3745  3335  3759 0.73 -
RdRp_Orthoflavivirus_0_57    -            903 MW655625.1           -           3899   1.1e-09   29.0   0.1   1   1     7e-09   2.6e-08   24.5   0.1   534   797  3523  3760  3508  3766 0.83 -
NS5A_Pestivirus_i=61_n=2     -            220 MW655625.1           -           3899   6.8e-07   21.3   0.0   1   1   5.4e-07     2e-06   19.8   0.0    29   216  2712  2894  2685  2897 0.80 -
NS3_Pestivirus_i=20_n=21     -            683 MW528224.1           -           3899         0 1357.8   0.1   1   1         0         0 1356.3   0.1     1   683  1590  2272  1590  2272 1.00 -
RdRp_Pestivirus_i=18_n=21    -            717 MW528224.1           -           3899         0 1323.3   0.2   1   1         0         0 1322.9   0.2     1   715  3180  3894  3180  3896 1.00 -
NS5A_Pestivirus_i=36_n=16    -            498 MW528224.1           -           3899  1.3e-241  794.6   0.0   1   1    5e-242  1.8e-241  794.1   0.0     1   498  2684  3179  2684  3179 0.99 -
NS2_Pestivirus_i=35_n=16     -            454 MW528224.1           -           3899  8.6e-220  722.1   3.5   1   1  3.5e-220  1.3e-219  721.5   3.5     8   454  1144  1589  1139  1589 0.99 -
NS4B_Pestivirus_i=23_n=21    -            347 MW528224.1           -           3899  1.6e-186  611.5   2.2   1   1  4.8e-187  1.8e-186  611.4   0.9     3   347  2339  2683  2337  2683 0.99 -
E2_Pestivirus_i=24_n=21      -            374 MW528224.1           -           3899  4.4e-167  548.3   1.6   1   1  2.1e-167  7.8e-167  547.5   1.6     4   373   696  1065   694  1066 0.99 -
N-Pro_Pestivirus_i=32_n=18   -            168 MW528224.1           -           3899   7.5e-77  249.0   0.1   1   1   3.8e-77   1.4e-76  248.1   0.1     1   168     1   168     1   168 1.00 -
E1_Pestivirus_i=27_n=21      -            198 MW528224.1           -           3899   1.7e-72  235.7   1.2   1   1     1e-72   3.8e-72  234.6   1.2    37   198   534   692   530   692 0.98 -
RNAse_Pestivirus_i=26_n=21   -            227 MW528224.1           -           3899   7.7e-65  211.0   8.4   1   1   4.4e-65   1.6e-64  209.9   8.4     1   105   271   375   271   379 0.98 -
C_Pestivirus_i=28_n=21       -            101 MW528224.1           -           3899   1.3e-47  152.2   7.0   1   1   7.7e-48   2.8e-47  151.2   7.0     4   100   173   269   167   270 0.93 -
NS3_Pegivirus_i=21_n=21      -            629 MW528224.1           -           3899   4.4e-38  123.1   3.7   1   1   1.9e-38   6.8e-38  122.4   3.7    99   483  1708  2112  1646  2117 0.77 -
NS4A_Pestivirus_i=29_n=21    -             64 MW528224.1           -           3899   5.7e-36  114.7   0.1   1   1   4.5e-36   1.7e-35  113.2   0.1     1    64  2273  2336  2273  2336 0.99 -
NS3_Hepacivirus_i=11_n=26    -            627 MW528224.1           -           3899   1.3e-35  115.0   4.5   1   1   5.3e-36   1.9e-35  114.4   4.5    47   482  1648  2113  1635  2120 0.74 -
NS5A_Pestivirus_i=58_n=3     -            487 MW528224.1           -           3899   7.9e-27   85.8   0.0   1   1     4e-27   1.5e-26   85.0   0.0     1   464  2684  3151  2684  3170 0.77 -
NS2_Pestivirus_i=57_n=3      -            456 MW528224.1           -           3899     4e-25   80.6   0.8   1   1   1.8e-25   6.6e-25   79.8   0.8   231   456  1360  1589  1289  1589 0.84 -
NS3_Orthoflavivirus_i=1_n=57 -            621 MW528224.1           -           3899   3.5e-21   67.3   0.1   1   1   1.8e-21   6.5e-21   66.4   0.1   110   474  1724  2104  1707  2125 0.74 -
RdRp_Hepacivirus_i=10_n=26   -            594 MW528224.1           -           3899     6e-20   63.3   0.0   1   1   2.6e-20   9.4e-20   62.7   0.0    79   399  3382  3706  3337  3719 0.76 -
RdRp_Pegivirus_i=19_n=21     -            569 MW528224.1           -           3899   2.5e-16   51.2   0.0   1   1   1.1e-16   4.2e-16   50.5   0.0    42   411  3346  3746  3334  3761 0.74 -
p7_Pestivirus_i=38_n=16      -             70 MW528224.1           -           3899   1.1e-14   46.4   0.3   1   1   2.9e-15   1.1e-14   46.4   0.3     2    70  1068  1136  1067  1136 0.98 -
RdRp_Orthoflavivirus_0_57    -            903 MW528224.1           -           3899   2.9e-08   24.3   0.0   1   1   1.9e-07     7e-07   19.7   0.0   535   797  3524  3760  3514  3766 0.81 -
NS5A_Pestivirus_i=61_n=2     -            220 MW528224.1           -           3899   6.5e-08   24.6   0.0   1   1   4.2e-08   1.5e-07   23.4   0.0    15   216  2695  2894  2685  2897 0.79 -
NS3_Pestivirus_i=20_n=21     -            683 MK775204.1           -           5069         0 2726.1   0.7   1   2         0         0 1361.8   0.1     1   683  1589  2271  1589  2271 1.00 -
NS3_Pestivirus_i=20_n=21     -            683 MK775204.1           -           5069         0 2726.1   0.7   2   2         0         0 1361.8   0.1     1   683  2760  3442  2760  3442 1.00 -
RdRp_Pestivirus_i=18_n=21    -            717 MK775204.1           -           5069         0 1316.2   0.5   1   1         0         0 1315.8   0.5     1   716  4350  5065  4350  5066 1.00 -
NS4B_Pestivirus_i=23_n=21    -            347 MK775204.1           -           5069         0 1043.6  12.2   1   2    2e-133  6.9e-133  435.2   1.0     3   260  2338  2595  2336  2598 0.99 -
NS4B_Pestivirus_i=23_n=21    -            347 MK775204.1           -           5069         0 1043.6  12.2   2   2  4.2e-188  1.5e-187  615.0   1.0     3   347  3509  3853  3507  3853 0.99 -
NS5A_Pestivirus_i=36_n=16    -            498 MK775204.1           -           5069  2.2e-246  810.4   0.0   1   1  9.5e-247  3.3e-246  809.8   0.0     1   498  3854  4349  3854  4349 0.99 -
NS2_Pestivirus_i=35_n=16     -            454 MK775204.1           -           5069  2.6e-224  737.0   6.9   1   1  6.1e-222  2.1e-221  727.4   4.4     5   454  1141  1588  1137  1588 0.99 -
E2_Pestivirus_i=24_n=21      -            374 MK775204.1           -           5069  8.4e-177  580.3   1.5   1   1  4.4e-177  1.6e-176  579.5   1.5     3   373   695  1065   693  1066 0.99 -
RNAse_Pestivirus_i=26_n=21   -            227 MK775204.1           -           5069  1.6e-122  399.7   3.1   1   1  1.1e-122  3.8e-122  398.4   3.1     1   227   271   497   271   497 0.99 -
E1_Pestivirus_i=27_n=21      -            198 MK775204.1           -           5069   2.5e-94  307.0   0.2   1   1   1.5e-94   5.3e-94  305.9   0.2     2   198   499   692   498   692 0.99 -
N-Pro_Pestivirus_i=32_n=18   -            168 MK775204.1           -           5069   1.3e-86  280.7   0.1   1   1   7.2e-87   2.5e-86  279.8   0.1     1   168     1   168     1   168 1.00 -
NS3_Pegivirus_i=21_n=21      -            629 MK775204.1           -           5069   2.8e-74  242.7  15.0   1   2   6.6e-39   2.3e-38  124.0   3.6    99   483  1707  2111  1646  2116 0.76 -
NS3_Pegivirus_i=21_n=21      -            629 MK775204.1           -           5069   2.8e-74  242.7  15.0   2   2   6.6e-39   2.3e-38  124.0   3.6    99   483  2878  3282  2817  3287 0.76 -
NS3_Hepacivirus_i=11_n=26    -            627 MK775204.1           -           5069   2.7e-71  232.8  17.5   1   2   1.9e-37   6.7e-37  119.2   4.8    46   482  1646  2112  1631  2119 0.75 -
NS3_Hepacivirus_i=11_n=26    -            627 MK775204.1           -           5069   2.7e-71  232.8  17.5   2   2   1.9e-37   6.7e-37  119.2   4.8    46   482  2817  3283  2802  3290 0.75 -
NS4A_Pestivirus_i=29_n=21    -             64 MK775204.1           -           5069   5.1e-71  227.0   1.5   1   2   6.6e-36   2.3e-35  112.8   0.1     1    64  2272  2335  2272  2335 0.98 -
NS4A_Pestivirus_i=29_n=21    -             64 MK775204.1           -           5069   5.1e-71  227.0   1.5   2   2   6.6e-36   2.3e-35  112.8   0.1     1    64  3443  3506  3443  3506 0.98 -
C_Pestivirus_i=28_n=21       -            101 MK775204.1           -           5069   9.6e-49  155.9   8.3   1   1     6e-49   2.1e-48  154.8   8.3     2   100   171   269   167   270 0.95 -
NS3_Orthoflavivirus_i=1_n=57 -            621 MK775204.1           -           5069   9.1e-44  141.9   1.7   1   2   1.2e-22   4.3e-22   70.3   0.1   110   474  1723  2103  1705  2124 0.74 -
NS3_Orthoflavivirus_i=1_n=57 -            621 MK775204.1           -           5069   9.1e-44  141.9   1.7   2   2   1.2e-22   4.3e-22   70.3   0.1   110   474  2894  3274  2876  3295 0.74 -
NS5A_Pestivirus_i=58_n=3     -            487 MK775204.1           -           5069   1.6e-35  114.5   0.0   1   1   7.2e-36   2.5e-35  113.9   0.0     1   472  3854  4329  3854  4349 0.78 -
Ubiquitin/ubiquitin-like     PF00240.30    72 MK775204.1           -           5069   4.8e-34  108.4   4.0   1   1   1.4e-33   4.8e-33  105.2   0.3     1    72  2686  2757  2686  2757 0.99 Ubiquitin family
p7_Pestivirus_i=38_n=16      -             70 MK775204.1           -           5069     4e-32  102.2   5.1   1   1   1.1e-32     4e-32  102.2   5.1     2    70  1068  1136  1067  1136 0.98 -
NS2_Pestivirus_i=57_n=3      -            456 MK775204.1           -           5069   3.4e-24   77.5   0.1   1   1   9.8e-25   3.4e-24   77.5   0.1   231   456  1359  1588  1337  1588 0.84 -
RdRp_Hepacivirus_i=10_n=26   -            594 MK775204.1           -           5069     7e-20   63.1   0.0   1   1   3.3e-20   1.1e-19   62.4   0.0    59   399  4532  4876  4498  4888 0.76 -
RdRp_Pegivirus_i=19_n=21     -            569 MK775204.1           -           5069     9e-15   46.1   0.0   1   1   4.4e-15   1.5e-14   45.3   0.0    43   411  4517  4916  4504  4930 0.72 -
NS5A_Pestivirus_i=61_n=2     -            220 MK775204.1           -           5069   1.3e-08   26.9   0.0   1   1   7.7e-09   2.7e-08   25.9   0.0    20   216  3870  4064  3855  4067 0.81 -
RdRp_Orthoflavivirus_0_57    -            903 MK775204.1           -           5069   1.7e-08   25.1   0.0   1   1   8.5e-08     3e-07   20.9   0.0   534   798  4693  4931  4678  4937 0.82 -
NS3_Pestivirus_i=20_n=21     -            683 MK509773.1           -           3911         0 1364.3   0.0   1   1         0         0 1363.0   0.1     1   683  1602  2284  1602  2284 1.00 -
RdRp_Pestivirus_i=18_n=21    -            717 MK509773.1           -           3911         0 1327.9   0.8   1   1         0         0 1327.4   0.8     1   715  3192  3906  3192  3908 1.00 -
NS5A_Pestivirus_i=36_n=16    -            498 MK509773.1           -           3911  1.3e-250  824.3   0.0   1   1  5.1e-251  1.9e-250  823.8   0.0     1   498  2696  3191  2696  3191 0.99 -
NS2_Pestivirus_i=35_n=16     -            454 MK509773.1           -           3911  6.7e-223  732.4   3.9   1   1  2.7e-223  9.9e-223  731.8   3.9     5   454  1141  1601  1137  1601 0.98 -
NS4B_Pestivirus_i=23_n=21    -            347 MK509773.1           -           3911  2.3e-186  611.0   0.8   1   1  6.3e-187  2.3e-186  611.0   0.8     2   347  2350  2695  2349  2695 0.99 -
E2_Pestivirus_i=24_n=21      -            374 MK509773.1           -           3911    1e-175  576.8   1.5   1   1  5.6e-176  2.1e-175  575.8   1.5     2   373   694  1065   693  1066 0.99 -
RNAse_Pestivirus_i=26_n=21   -            227 MK509773.1           -           3911    5e-121  394.8   2.3   1   1  1.4e-121    5e-121  394.8   2.3     1   227   271   497   271   497 0.99 -
E1_Pestivirus_i=27_n=21      -            198 MK509773.1           -           3911   9.9e-96  311.5   0.4   1   1   5.4e-96     2e-95  310.6   0.4     1   198   498   692   498   692 0.99 -
N-Pro_Pestivirus_i=32_n=18   -            168 MK509773.1           -           3911   1.8e-86  280.3   0.1   1   1   9.2e-87   3.4e-86  279.4   0.1     1   168     1   168     1   168 1.00 -
C_Pestivirus_i=28_n=21       -            101 MK509773.1           -           3911   2.7e-48  154.5   9.1   1   1   1.7e-48   6.1e-48  153.3   9.1     2   100   171   269   168   270 0.96 -
NS3_Pegivirus_i=21_n=21      -            629 MK509773.1           -           3911   2.6e-38  123.8   3.4   1   1   1.2e-38   4.2e-38  123.1   3.4    99   483  1720  2124  1659  2129 0.76 -
NS3_Hepacivirus_i=11_n=26    -            627 MK509773.1           -           3911   7.6e-37  119.0   4.8   1   1   3.2e-37   1.2e-36  118.4   4.8    46   482  1659  2125  1644  2132 0.76 -
NS4A_Pestivirus_i=29_n=21    -             64 MK509773.1           -           3911   1.1e-35  113.9   0.2   1   1   6.5e-36   2.4e-35  112.7   0.2     1    64  2285  2348  2285  2348 0.98 -
NS5A_Pestivirus_i=58_n=3     -            487 MK509773.1           -           3911   3.2e-33  106.9   0.0   1   1   1.6e-33   5.8e-33  106.1   0.0     1   464  2696  3163  2696  3184 0.79 -
p7_Pestivirus_i=38_n=16      -             70 MK509773.1           -           3911   1.3e-32  103.7   3.7   1   1   3.6e-33   1.3e-32  103.7   3.7     2    70  1068  1136  1067  1136 0.98 -
NS2_Pestivirus_i=57_n=3      -            456 MK509773.1           -           3911   5.2e-24   76.9   0.1   1   1   1.4e-24   5.2e-24   76.9   0.1   220   456  1361  1601  1343  1601 0.83 -
NS3_Orthoflavivirus_i=1_n=57 -            621 MK509773.1           -           3911   1.8e-22   71.5   0.1   1   1   9.4e-23   3.4e-22   70.6   0.1   110   474  1736  2116  1719  2137 0.74 -
RdRp_Hepacivirus_i=10_n=26   -            594 MK509773.1           -           3911   2.7e-20   64.4   0.0   1   1   1.2e-20   4.4e-20   63.7   0.0    84   399  3399  3718  3345  3731 0.77 -
RdRp_Pegivirus_i=19_n=21     -            569 MK509773.1           -           3911   4.2e-16   50.5   0.0   1   1     2e-16   7.3e-16   49.7   0.0    43   411  3359  3758  3347  3772 0.73 -
NS5A_Pestivirus_i=61_n=2     -            220 MK509773.1           -           3911   8.6e-09   27.5   0.1   1   1   4.5e-09   1.7e-08   26.5   0.1    26   216  2721  2906  2697  2909 0.82 -
RdRp_Orthoflavivirus_0_57    -            903 MK509773.1           -           3911   1.3e-08   25.4   0.0   1   1   8.6e-08   3.1e-07   20.9   0.0   535   797  3536  3772  3525  3778 0.81 -
NS3_Pestivirus_i=20_n=21     -            683 MK102095.1           -           3899         0 1363.1   0.3   1   1         0         0 1361.0   0.2     1   683  1590  2272  1590  2272 1.00 -
RdRp_Pestivirus_i=18_n=21    -            717 MK102095.1           -           3899         0 1309.8   0.4   1   1         0         0 1309.4   0.4     2   715  3181  3894  3180  3896 1.00 -
NS5A_Pestivirus_i=36_n=16    -            498 MK102095.1           -           3899  5.2e-239  786.0   0.0   1   1    2e-239  7.5e-239  785.5   0.0     1   498  2684  3179  2684  3179 0.99 -
NS2_Pestivirus_i=35_n=16     -            454 MK102095.1           -           3899  9.6e-222  728.6   3.8   1   1    4e-222  1.5e-221  728.0   3.8     4   454  1140  1589  1137  1589 0.99 -
NS4B_Pestivirus_i=23_n=21    -            347 MK102095.1           -           3899  5.6e-187  613.1   0.9   1   1  1.5e-187  5.6e-187  613.1   0.9     3   347  2339  2683  2337  2683 0.99 -
E2_Pestivirus_i=24_n=21      -            374 MK102095.1           -           3899  4.9e-174  571.2   2.7   1   1  1.3e-174  4.9e-174  571.2   2.7     3   372   695  1064   693  1066 0.99 -
RNAse_Pestivirus_i=26_n=21   -            227 MK102095.1           -           3899  2.7e-121  395.6   3.2   1   1  1.4e-121  5.3e-121  394.7   3.2     1   227   271   497   271   497 0.99 -
E1_Pestivirus_i=27_n=21      -            198 MK102095.1           -           3899   3.3e-94  306.6   0.4   1   1   2.2e-94   7.9e-94  305.3   0.4     1   198   498   692   498   692 0.99 -
N-Pro_Pestivirus_i=32_n=18   -            168 MK102095.1           -           3899   3.9e-85  275.9   0.1   1   1   2.1e-85   7.7e-85  275.0   0.1     1   168     1   168     1   168 1.00 -
C_Pestivirus_i=28_n=21       -            101 MK102095.1           -           3899   2.2e-48  154.7   6.8   1   1   1.4e-48     5e-48  153.6   6.8     4   100   173   269   167   270 0.93 -
NS3_Pegivirus_i=21_n=21      -            629 MK102095.1           -           3899     1e-37  121.9   4.1   1   1   4.5e-38   1.6e-37  121.2   4.1    99   483  1708  2112  1648  2117 0.76 -
NS3_Hepacivirus_i=11_n=26    -            627 MK102095.1           -           3899   6.8e-36  115.9   5.1   1   1   2.9e-36   1.1e-35  115.2   5.1    46   482  1647  2113  1634  2120 0.76 -
NS4A_Pestivirus_i=29_n=21    -             64 MK102095.1           -           3899   1.4e-35  113.5   0.1   1   1   8.4e-36   3.1e-35  112.4   0.1     1    64  2273  2336  2273  2336 0.98 -
p7_Pestivirus_i=38_n=16      -             70 MK102095.1           -           3899   4.5e-32  102.0   4.7   1   1   1.2e-32   4.5e-32  102.0   4.7     2    70  1068  1136  1067  1136 0.98 -
NS5A_Pestivirus_i=58_n=3     -            487 MK102095.1           -           3899   6.4e-29   92.7   0.0   1   1   3.1e-29   1.1e-28   91.9   0.0     1   472  2684  3159  2684  3175 0.79 -
NS2_Pestivirus_i=57_n=3      -            456 MK102095.1           -           3899   1.8e-26   85.0   0.3   1   1   4.8e-27   1.8e-26   85.0   0.3   221   456  1350  1589  1327  1589 0.82 -
NS3_Orthoflavivirus_i=1_n=57 -            621 MK102095.1           -           3899   8.1e-22   69.4   0.2   1   1   4.3e-22   1.6e-21   68.5   0.2   110   474  1724  2104  1708  2125 0.74 -
RdRp_Hepacivirus_i=10_n=26   -            594 MK102095.1           -           3899   3.5e-20   64.0   0.0   1   1   1.5e-20   5.6e-20   63.4   0.0    61   399  3364  3706  3337  3719 0.76 -
RdRp_Pegivirus_i=19_n=21     -            569 MK102095.1           -           3899   3.8e-16   50.6   0.0   1   1   1.8e-16   6.6e-16   49.8   0.0    43   411  3347  3746  3334  3760 0.73 -
RdRp_Orthoflavivirus_0_57    -            903 MK102095.1           -           3899   4.1e-09   27.1   1.5   1   1   1.3e-08   4.6e-08   23.6   0.1   534   797  3523  3760  3507  3766 0.82 -
NS5A_Pestivirus_i=61_n=2     -            220 MK102095.1           -           3899   2.1e-06   19.6   0.2   1   1   3.5e-06   1.3e-05   17.1   0.2    27   216  2710  2894  2685  2897 0.79 -
NS3_Pestivirus_i=20_n=21     -            683 MH231124.1           -           4020         0 1366.6   0.4   1   1         0         0 1366.2   0.4     1   683  1709  2391  1709  2391 1.00 -
RdRp_Pestivirus_i=18_n=21    -            717 MH231124.1           -           4020         0 1301.1   0.0   1   1         0         0 1300.7   0.0     1   714  3300  4014  3300  4017 0.99 -
NS5A_Pestivirus_i=36_n=16    -            498 MH231124.1           -           4020  7.8e-245  805.3   0.0   1   1    3e-245  1.1e-244  804.8   0.0     1   498  2803  3299  2803  3299 1.00 -
NS2_Pestivirus_i=35_n=16     -            454 MH231124.1           -           4020  1.1e-215  708.5   8.1   1   2  6.7e-188  2.3e-187  615.2   3.7     4   403  1138  1536  1135  1554 0.97 -
NS2_Pestivirus_i=35_n=16     -            454 MH231124.1           -           4020  1.1e-215  708.5   8.1   2   2   4.2e-30   1.5e-29   95.1   0.1   401   454  1655  1708  1651  1708 0.96 -
NS4B_Pestivirus_i=23_n=21    -            347 MH231124.1           -           4020  5.4e-188  616.4   3.0   1   1  2.1e-188  7.2e-188  616.0   2.2     3   347  2458  2802  2456  2802 0.99 -
E2_Pestivirus_i=24_n=21      -            374 MH231124.1           -           4020  1.6e-168  553.1   3.1   1   1    8e-169  2.8e-168  552.3   3.1     3   373   695  1063   694  1064 0.99 -
RNAse_Pestivirus_i=26_n=21   -            227 MH231124.1           -           4020  6.2e-121  394.5   3.4   1   1  3.3e-121  1.2e-120  393.6   3.4     1   227   271   497   271   497 0.99 -
E1_Pestivirus_i=27_n=21      -            198 MH231124.1           -           4020   2.8e-96  313.3   0.3   1   1   1.6e-96   5.5e-96  312.4   0.3     1   198   498   692   498   692 0.99 -
N-Pro_Pestivirus_i=32_n=18   -            168 MH231124.1           -           4020   4.4e-87  282.3   0.3   1   1   2.3e-87   8.2e-87  281.4   0.3     1   168     1   168     1   168 1.00 -
C_Pestivirus_i=28_n=21       -            101 MH231124.1           -           4020     7e-48  153.1   6.4   1   1   4.3e-48   1.5e-47  152.1   6.4     5    99   174   268   167   270 0.93 -
Jiv90                        PF14901.12    90 MH231124.1           -           4020   4.9e-39  124.9   0.4   1   1   3.5e-39   1.2e-38  123.6   0.4     1    89  1542  1630  1542  1631 0.98 Cleavage inducing molecular chaperone
NS3_Pegivirus_i=21_n=21      -            629 MH231124.1           -           4020   9.5e-39  125.3   3.1   1   1   4.3e-39   1.5e-38  124.6   3.1    99   483  1827  2231  1767  2236 0.77 -
NS3_Hepacivirus_i=11_n=26    -            627 MH231124.1           -           4020   3.2e-36  116.9   4.3   1   1   1.4e-36     5e-36  116.3   4.3    47   482  1767  2232  1753  2239 0.76 -
NS4A_Pestivirus_i=29_n=21    -             64 MH231124.1           -           4020   2.2e-34  109.7   0.0   1   1   1.5e-34   5.3e-34  108.4   0.0     1    64  2392  2455  2392  2455 0.98 -
p7_Pestivirus_i=38_n=16      -             70 MH231124.1           -           4020   3.4e-32  102.4   4.9   1   1   2.7e-32   9.6e-32  101.0   4.9     3    70  1067  1134  1065  1134 0.98 -
NS5A_Pestivirus_i=58_n=3     -            487 MH231124.1           -           4020   6.9e-31   99.2   0.0   1   1   4.2e-31   1.5e-30   98.2   0.0     1   472  2803  3279  2803  3289 0.79 -
NS3_Orthoflavivirus_i=1_n=57 -            621 MH231124.1           -           4020     1e-22   72.3   0.1   1   1   5.4e-23   1.9e-22   71.5   0.1   110   475  1843  2224  1763  2247 0.76 -
NS2_Pestivirus_i=57_n=3      -            456 MH231124.1           -           4020   1.7e-20   65.3  18.7   1   2   4.4e-17   1.5e-16   52.3   0.7   204   390  1334  1523  1285  1534 0.77 -
NS2_Pestivirus_i=57_n=3      -            456 MH231124.1           -           4020   1.7e-20   65.3  18.7   2   2     6e-08   2.1e-07   22.1   0.1   420   456  1672  1708  1660  1708 0.91 -
RdRp_Hepacivirus_i=10_n=26   -            594 MH231124.1           -           4020   1.7e-20   65.1   0.0   1   1   9.1e-21   3.2e-20   64.2   0.0   107   400  3527  3828  3435  3840 0.82 -
RdRp_Pegivirus_i=19_n=21     -            569 MH231124.1           -           4020   2.2e-14   44.8   0.0   1   1     1e-14   3.6e-14   44.1   0.0   113   412  3535  3868  3456  3879 0.72 -
NS5A_Pestivirus_i=61_n=2     -            220 MH231124.1           -           4020   3.4e-09   28.8   0.0   1   1   2.1e-09   7.2e-09   27.7   0.0    29   216  2831  3013  2805  3016 0.84 -
RdRp_Orthoflavivirus_0_57    -            903 MH231124.1           -           4020   5.4e-07   20.1   0.1   1   1   5.7e-06     2e-05   14.9   0.1   534   786  3643  3871  3625  3884 0.76 -
NS3_Pestivirus_i=20_n=21     -            683 MH231127.1           -           4029         0 1334.6   0.3   1   1         0         0 1334.2   0.3     1   683  1719  2401  1719  2401 0.99 -
RdRp_Pestivirus_i=18_n=21    -            717 MH231127.1           -           4029         0 1318.6   0.2   1   1         0         0 1318.1   0.2     1   714  3310  4023  3310  4026 1.00 -
NS5A_Pestivirus_i=36_n=16    -            498 MH231127.1           -           4029    2e-250  823.7   0.0   1   1  7.9e-251  2.8e-250  823.2   0.0     1   498  2813  3309  2813  3309 1.00 -
NS2_Pestivirus_i=35_n=16     -            454 MH231127.1           -           4029  9.1e-218  715.4   8.6   1   2  7.3e-189  2.5e-188  618.4   7.4     4   400  1138  1534  1135  1546 0.98 -
NS2_Pestivirus_i=35_n=16     -            454 MH231127.1           -           4029  9.1e-218  715.4   8.6   2   2   2.6e-30     9e-30   95.8   0.0   397   454  1662  1718  1644  1718 0.89 -
NS4B_Pestivirus_i=23_n=21    -            347 MH231127.1           -           4029  2.1e-189  621.0   4.4   1   1  6.7e-190  2.3e-189  620.9   2.9     3   347  2468  2812  2466  2812 0.99 -
E2_Pestivirus_i=24_n=21      -            374 MH231127.1           -           4029  1.9e-170  559.4   1.5   1   1  1.1e-170    4e-170  558.4   1.5     3   373   695  1063   694  1064 0.99 -
RNAse_Pestivirus_i=26_n=21   -            227 MH231127.1           -           4029  2.2e-121  395.9   4.9   1   1  1.3e-121  4.6e-121  394.9   4.9     1   227   271   497   271   497 0.99 -
E1_Pestivirus_i=27_n=21      -            198 MH231127.1           -           4029   8.1e-97  315.1   0.3   1   1   4.5e-97   1.6e-96  314.2   0.3     1   198   498   692   498   692 0.99 -
N-Pro_Pestivirus_i=32_n=18   -            168 MH231127.1           -           4029   4.7e-87  282.2   0.1   1   1   2.6e-87     9e-87  281.2   0.1     1   168     1   168     1   168 1.00 -
C_Pestivirus_i=28_n=21       -            101 MH231127.1           -           4029   1.6e-48  155.2   5.8   1   1   1.1e-48   3.7e-48  154.0   5.8     4   100   170   269   167   270 0.92 -
Jiv90                        PF14901.12    90 MH231127.1           -           4029   2.2e-39  125.9   0.6   1   1   1.6e-39   5.5e-39  124.7   0.6     1    89  1533  1621  1533  1622 0.98 Cleavage inducing molecular chaperone
NS3_Pegivirus_i=21_n=21      -            629 MH231127.1           -           4029     2e-38  124.2   2.3   1   1   9.1e-39   3.2e-38  123.5   2.3    99   482  1837  2240  1779  2245 0.78 -
NS3_Hepacivirus_i=11_n=26    -            627 MH231127.1           -           4029   1.1e-36  118.5   4.0   1   1   4.9e-37   1.7e-36  117.8   4.0    46   482  1776  2242  1764  2249 0.76 -
NS4A_Pestivirus_i=29_n=21    -             64 MH231127.1           -           4029   2.3e-34  109.6   0.0   1   1   1.5e-34   5.3e-34  108.4   0.0     1    64  2402  2465  2402  2465 0.98 -
NS5A_Pestivirus_i=58_n=3     -            487 MH231127.1           -           4029     2e-33  107.6   0.0   1   1   1.1e-33   3.8e-33  106.7   0.0     1   474  2813  3291  2813  3306 0.81 -
p7_Pestivirus_i=38_n=16      -             70 MH231127.1           -           4029   5.3e-33  105.0   6.2   1   1   5.8e-33     2e-32  103.1   6.2     3    70  1067  1134  1065  1134 0.98 -
NS3_Orthoflavivirus_i=1_n=57 -            621 MH231127.1           -           4029     1e-22   72.3   0.1   1   1   5.6e-23     2e-22   71.4   0.1   110   475  1853  2234  1775  2257 0.76 -
RdRp_Hepacivirus_i=10_n=26   -            594 MH231127.1           -           4029   3.1e-22   70.8   0.0   1   1   1.5e-22   5.2e-22   70.1   0.0    44   400  3477  3837  3445  3849 0.80 -
NS2_Pestivirus_i=57_n=3      -            456 MH231127.1           -           4029   4.1e-21   67.3  19.8   1   2   6.6e-18   2.3e-17   55.0   0.7   235   388  1362  1521  1339  1534 0.87 -
NS2_Pestivirus_i=57_n=3      -            456 MH231127.1           -           4029   4.1e-21   67.3  19.8   2   2   6.1e-08   2.1e-07   22.1   0.1   420   456  1682  1718  1672  1718 0.91 -
RdRp_Pegivirus_i=19_n=21     -            569 MH231127.1           -           4029   2.4e-17   54.6   0.0   1   1   1.1e-17     4e-17   53.8   0.0    42   412  3476  3877  3462  3889 0.74 -
NS5A_Pestivirus_i=61_n=2     -            220 MH231127.1           -           4029   4.5e-11   34.9   0.0   1   1   2.6e-11   9.2e-11   33.9   0.0    23   216  2832  3023  2814  3026 0.85 -
NS3_Pestivirus_i=20_n=21     -            683 MH806438.1           -           4005         0 1371.1   0.4   1   1         0         0 1370.7   0.4     1   683  1695  2377  1695  2377 1.00 -
RdRp_Pestivirus_i=18_n=21    -            717 MH806438.1           -           4005         0 1318.4   0.8   1   1         0         0 1318.0   0.8     1   714  3286  3999  3286  4002 1.00 -
NS5A_Pestivirus_i=36_n=16    -            498 MH806438.1           -           4005  4.4e-248  816.0   0.0   1   1  1.9e-248  6.3e-248  815.5   0.0     1   498  2789  3285  2789  3285 1.00 -
NS2_Pestivirus_i=35_n=16     -            454 MH806438.1           -           4005  2.4e-219  720.6   7.3   1   2  4.4e-191  1.5e-190  625.8   4.6     4   401  1138  1535  1135  1547 0.98 -
NS2_Pestivirus_i=35_n=16     -            454 MH806438.1           -           4005  2.4e-219  720.6   7.3   2   2   4.3e-30   1.4e-29   95.1   0.0   400   454  1640  1694  1630  1694 0.95 -
NS4B_Pestivirus_i=23_n=21    -            347 MH806438.1           -           4005  2.4e-188  617.6   2.9   1   1    7e-189  2.4e-188  617.6   2.9     3   347  2444  2788  2442  2788 0.99 -
E2_Pestivirus_i=24_n=21      -            374 MH806438.1           -           4005  9.7e-171  560.4   3.1   1   1  6.4e-171  2.1e-170  559.2   3.1     3   373   695  1063   694  1064 0.99 -
RNAse_Pestivirus_i=26_n=21   -            227 MH806438.1           -           4005  2.1e-120  392.7   2.6   1   1  1.3e-120  4.2e-120  391.7   2.6     1   227   271   497   271   497 0.99 -
E1_Pestivirus_i=27_n=21      -            198 MH806438.1           -           4005   4.1e-96  312.8   0.2   1   1   2.4e-96   7.9e-96  311.9   0.2     1   198   498   692   498   692 0.99 -
N-Pro_Pestivirus_i=32_n=18   -            168 MH806438.1           -           4005   5.2e-87  282.0   0.1   1   1   3.1e-87     1e-86  281.0   0.1     1   168     1   168     1   168 1.00 -
C_Pestivirus_i=28_n=21       -            101 MH806438.1           -           4005   5.5e-48  153.5   6.9   1   1   3.8e-48   1.3e-47  152.3   6.9     4   100   173   269   167   270 0.93 -
NS3_Pegivirus_i=21_n=21      -            629 MH806438.1           -           4005   3.7e-38  123.3   2.6   1   1   1.8e-38   5.9e-38  122.6   2.6    99   482  1813  2216  1752  2222 0.77 -
NS3_Hepacivirus_i=11_n=26    -            627 MH806438.1           -           4005   9.9e-37  118.6   3.6   1   1   4.7e-37   1.6e-36  118.0   3.6    46   482  1752  2218  1739  2225 0.76 -
NS4A_Pestivirus_i=29_n=21    -             64 MH806438.1           -           4005   2.3e-34  109.6   0.0   1   1   1.6e-34   5.3e-34  108.4   0.0     1    64  2378  2441  2378  2441 0.98 -
p7_Pestivirus_i=38_n=16      -             70 MH806438.1           -           4005   1.4e-33  106.9   6.7   1   1   1.1e-33   3.8e-33  105.5   6.7     3    70  1067  1134  1065  1134 0.98 -
NS5A_Pestivirus_i=58_n=3     -            487 MH806438.1           -           4005   4.1e-33  106.6   0.0   1   1   2.5e-33   8.5e-33  105.5   0.0     1   474  2789  3267  2789  3282 0.79 -
Jiv90                        PF14901.12    90 MH806438.1           -           4005     2e-30   97.3   0.1   1   1   1.5e-30   4.9e-30   96.0   0.1    19    89  1533  1603  1520  1604 0.95 Cleavage inducing molecular chaperone
NS3_Orthoflavivirus_i=1_n=57 -            621 MH806438.1           -           4005   1.1e-22   72.3   0.1   1   1   6.1e-23   2.1e-22   71.4   0.1   110   475  1829  2210  1751  2242 0.77 -
RdRp_Hepacivirus_i=10_n=26   -            594 MH806438.1           -           4005   8.3e-22   69.4   0.0   1   1   4.2e-22   1.4e-21   68.7   0.0    79   400  3488  3813  3428  3825 0.78 -
NS2_Pestivirus_i=57_n=3      -            456 MH806438.1           -           4005   2.1e-20   65.0  18.5   1   2   7.9e-18   2.6e-17   54.8   1.1   234   389  1361  1522  1308  1535 0.85 -
NS2_Pestivirus_i=57_n=3      -            456 MH806438.1           -           4005   2.1e-20   65.0  18.5   2   2   7.6e-08   2.5e-07   21.9   0.1   420   456  1658  1694  1647  1694 0.91 -
RdRp_Pegivirus_i=19_n=21     -            569 MH806438.1           -           4005   5.9e-16   50.0   0.0   1   1   3.1e-16     1e-15   49.2   0.0    44   412  3454  3853  3439  3866 0.71 -
NS5A_Pestivirus_i=61_n=2     -            220 MH806438.1           -           4005   1.6e-10   33.1   0.0   1   1   1.1e-10   3.5e-10   32.0   0.0    24   216  2809  2999  2790  3002 0.85 -
NS3_Pestivirus_i=20_n=21     -            683 MF693403.1           -           3901         0 1199.5   0.0   1   1         0         0 1198.8   0.0     1   683  1594  2275  1594  2275 1.00 -
RdRp_Pestivirus_i=18_n=21    -            717 MF693403.1           -           3901  3.5e-272  897.0   2.1   1   2  6.6e-248  2.4e-247  814.9   2.3    10   520  3196  3707  3192  3718 0.89 -
RdRp_Pestivirus_i=18_n=21    -            717 MF693403.1           -           3901  3.5e-272  897.0   2.1   2   2   1.9e-25     7e-25   79.5   0.0   636   715  3817  3896  3807  3898 0.95 -
NS5A_Pestivirus_i=36_n=16    -            498 MF693403.1           -           3901    1e-238  785.1   0.0   1   1  4.2e-239  1.5e-238  784.5   0.0     1   493  2687  3177  2687  3180 0.99 -
NS2_Pestivirus_i=35_n=16     -            454 MF693403.1           -           3901  2.1e-208  684.6   5.0   1   1  8.2e-209    3e-208  684.1   5.0     5   454  1145  1593  1141  1593 0.99 -
NS4B_Pestivirus_i=23_n=21    -            347 MF693403.1           -           3901  5.5e-176  576.9   0.6   1   1  2.3e-176  8.3e-176  576.3   0.6     2   347  2341  2686  2340  2686 0.99 -
E2_Pestivirus_i=24_n=21      -            374 MF693403.1           -           3901  1.2e-148  487.7   1.8   1   1  6.7e-149  2.5e-148  486.7   1.8    52   373   748  1069   718  1070 0.98 -
RNAse_Pestivirus_i=26_n=21   -            227 MF693403.1           -           3901  4.8e-119  388.3   2.0   1   1  1.3e-119  4.8e-119  388.3   2.0     1   227   271   497   271   497 0.99 -
N-Pro_Pestivirus_i=32_n=18   -            168 MF693403.1           -           3901   1.1e-86  280.9   0.0   1   1   6.8e-87   2.5e-86  279.8   0.0     1   168     1   168     1   168 1.00 -
E1_Pestivirus_i=27_n=21      -            198 MF693403.1           -           3901   2.7e-68  222.0   0.0   1   1   1.5e-68   5.4e-68  221.0   0.0     1   182   498   678   498   682 0.95 -
C_Pestivirus_i=28_n=21       -            101 MF693403.1           -           3901   3.9e-48  153.9   9.2   1   1   1.1e-48   3.9e-48  153.9   9.2     3   100   172   269   168   270 0.96 -
p7_Pestivirus_i=38_n=16      -             70 MF693403.1           -           3901   3.7e-34  108.7   4.8   1   1   2.8e-34     1e-33  107.3   4.8     2    70  1072  1140  1071  1140 0.98 -
NS4A_Pestivirus_i=29_n=21    -             64 MF693403.1           -           3901   3.5e-33  105.8   0.1   1   1     3e-33   1.1e-32  104.2   0.1     1    64  2276  2339  2276  2339 0.97 -
NS3_Pegivirus_i=21_n=21      -            629 MF693403.1           -           3901   1.6e-29   94.8   1.7   1   1   4.3e-30   1.6e-29   94.8   1.7    80   483  1689  2115  1666  2119 0.75 -
NS5A_Pestivirus_i=58_n=3     -            487 MF693403.1           -           3901   3.2e-29   93.7   0.0   1   1   1.5e-29   5.3e-29   93.0   0.0     1   464  2687  3154  2687  3172 0.79 -
NS3_Hepacivirus_i=11_n=26    -            627 MF693403.1           -           3901   1.7e-27   88.1   3.4   1   1   7.6e-28   2.8e-27   87.4   3.4    47   482  1651  2116  1640  2123 0.73 -
NS2_Pestivirus_i=57_n=3      -            456 MF693403.1           -           3901   1.1e-20   65.9   0.1   1   1   3.1e-21   1.1e-20   65.9   0.1   219   456  1352  1593  1332  1593 0.84 -
RdRp_Hepacivirus_i=10_n=26   -            594 MF693403.1           -           3901   3.2e-18   57.6   0.0   1   1   1.4e-18   5.1e-18   56.9   0.0   115   373  3423  3688  3366  3710 0.78 -
RdRp_Pegivirus_i=19_n=21     -            569 MF693403.1           -           3901   6.3e-14   43.3   0.0   1   1   2.7e-14     1e-13   42.6   0.0    79   318  3390  3644  3356  3661 0.79 -
NS3_Orthoflavivirus_i=1_n=57 -            621 MF693403.1           -           3901   2.5e-12   38.0   0.0   1   1   1.2e-12   4.5e-12   37.2   0.0   110   478  1727  2111  1714  2140 0.73 -
NS5A_Pestivirus_i=61_n=2     -            220 MF693403.1           -           3901   6.1e-09   28.0   0.0   1   1   3.4e-09   1.2e-08   27.0   0.0    29   216  2715  2897  2690  2900 0.84 -
NS3_Pestivirus_i=20_n=21     -            683 LT907991.1           -           4040         0 1364.8   0.1   1   1         0         0 1363.8   0.1     1   683  1731  2413  1731  2413 1.00 -
RdRp_Pestivirus_i=18_n=21    -            717 LT907991.1           -           4040         0 1326.2   0.4   1   1         0         0 1325.8   0.4     1   715  3321  4035  3321  4037 1.00 -
NS5A_Pestivirus_i=36_n=16    -            498 LT907991.1           -           4040  9.3e-251  824.8   0.0   1   1  3.9e-251  1.4e-250  824.2   0.0     1   498  2825  3320  2825  3320 0.99 -
NS2_Pestivirus_i=35_n=16     -            454 LT907991.1           -           4040  1.4e-227  747.8   3.4   1   1  5.9e-228  2.1e-227  747.2   3.4     4   454  1140  1589  1137  1589 0.99 -
NS4B_Pestivirus_i=23_n=21    -            347 LT907991.1           -           4040  3.2e-187  613.9   1.3   1   1    9e-188  3.2e-187  613.9   1.3     3   347  2480  2824  2478  2824 0.99 -
E2_Pestivirus_i=24_n=21      -            374 LT907991.1           -           4040  4.8e-176  577.8   6.4   1   1  2.6e-176  9.1e-176  576.9   6.4     3   372   695  1064   693  1066 0.99 -
RNAse_Pestivirus_i=26_n=21   -            227 LT907991.1           -           4040  4.5e-122  398.2   2.6   1   1  2.4e-122  8.4e-122  397.3   2.6     1   227   271   497   271   497 0.99 -
E1_Pestivirus_i=27_n=21      -            198 LT907991.1           -           4040   9.9e-96  311.6   0.5   1   1   5.9e-96   2.1e-95  310.5   0.5     1   198   498   692   498   692 0.99 -
N-Pro_Pestivirus_i=32_n=18   -            168 LT907991.1           -           4040   2.9e-85  276.3   0.0   1   1   1.5e-85   5.3e-85  275.5   0.0     1   168     1   168     1   168 1.00 -
Ubiquitin/ubiquitin-like     PF00240.30    72 LT907991.1           -           4040   1.6e-58  186.8   3.9   1   2   1.3e-26   4.5e-26   82.8   0.1     9    72  1589  1652  1588  1652 0.98 Ubiquitin family
Ubiquitin/ubiquitin-like     PF00240.30    72 LT907991.1           -           4040   1.6e-58  186.8   3.9   2   2   2.8e-33   9.9e-33  104.1   0.2     1    72  1657  1728  1657  1728 0.99 Ubiquitin family
C_Pestivirus_i=28_n=21       -            101 LT907991.1           -           4040   5.6e-48  153.4   8.7   1   1   3.6e-48   1.3e-47  152.3   8.7     3   100   172   269   167   270 0.94 -
NS3_Pegivirus_i=21_n=21      -            629 LT907991.1           -           4040   2.8e-38  123.7   3.8   1   1   1.2e-38   4.4e-38  123.1   3.8    99   483  1849  2253  1787  2258 0.76 -
NS3_Hepacivirus_i=11_n=26    -            627 LT907991.1           -           4040   1.4e-36  118.1   5.1   1   1   6.4e-37   2.2e-36  117.5   5.1    46   482  1788  2254  1773  2261 0.76 -
NS4A_Pestivirus_i=29_n=21    -             64 LT907991.1           -           4040   1.1e-35  113.8   0.2   1   1   7.1e-36   2.5e-35  112.7   0.2     1    64  2414  2477  2414  2477 0.98 -
p7_Pestivirus_i=38_n=16      -             70 LT907991.1           -           4040     3e-34  109.0   5.6   1   1   8.5e-35     3e-34  109.0   5.6     2    70  1068  1136  1067  1136 0.98 -
NS5A_Pestivirus_i=58_n=3     -            487 LT907991.1           -           4040   3.5e-32  103.5   0.0   1   1     2e-32   7.1e-32  102.5   0.0     1   466  2825  3294  2825  3317 0.80 -
NS2_Pestivirus_i=57_n=3      -            456 LT907991.1           -           4040   4.8e-24   77.0   1.1   1   1   1.4e-24   4.8e-24   77.0   1.1   216   456  1345  1589  1253  1589 0.83 -
NS3_Orthoflavivirus_i=1_n=57 -            621 LT907991.1           -           4040   1.4e-22   72.0   0.2   1   1   7.5e-23   2.6e-22   71.0   0.2   110   474  1865  2245  1849  2266 0.74 -
RdRp_Hepacivirus_i=10_n=26   -            594 LT907991.1           -           4040   2.1e-20   64.8   0.0   1   1   9.8e-21   3.4e-20   64.1   0.0    82   400  3526  3848  3470  3860 0.77 -
RdRp_Pegivirus_i=19_n=21     -            569 LT907991.1           -           4040   2.2e-15   48.1   0.0   1   1   1.1e-15   3.7e-15   47.4   0.0    45   411  3490  3887  3478  3900 0.73 -
RdRp_Orthoflavivirus_0_57    -            903 LT907991.1           -           4040   1.9e-08   24.9   0.1   1   1   1.2e-07   4.4e-07   20.4   0.1   534   797  3664  3901  3649  3907 0.81 -
NS5A_Pestivirus_i=61_n=2     -            220 LT907991.1           -           4040   3.4e-08   25.5   0.0   1   1   2.2e-08   7.6e-08   24.4   0.0    22   216  2846  3035  2826  3038 0.81 -
NS3_Pestivirus_i=20_n=21     -            683 MF278651.1           -           3914         0 1357.5   0.1   1   1         0         0 1356.2   0.1     1   683  1605  2287  1605  2287 1.00 -
RdRp_Pestivirus_i=18_n=21    -            717 MF278651.1           -           3914         0 1328.8   0.2   1   1         0         0 1328.4   0.2     1   715  3195  3909  3195  3911 1.00 -
NS5A_Pestivirus_i=36_n=16    -            498 MF278651.1           -           3914  2.8e-241  793.5   0.0   1   1  1.1e-241  3.9e-241  793.0   0.0     1   498  2699  3194  2699  3194 0.99 -
NS2_Pestivirus_i=35_n=16     -            454 MF278651.1           -           3914  1.8e-212  698.0   7.3   1   1    1e-212  3.7e-212  697.0   7.3     5   454  1141  1604  1137  1604 0.97 -
NS4B_Pestivirus_i=23_n=21    -            347 MF278651.1           -           3914  7.2e-188  616.0   0.8   1   1    4e-188  1.5e-187  615.0   0.8     3   347  2354  2698  2352  2698 0.99 -
E2_Pestivirus_i=24_n=21      -            374 MF278651.1           -           3914  7.1e-173  567.4   2.5   1   1    4e-173  1.5e-172  566.4   2.5     3   372   695  1064   694  1066 0.99 -
RNAse_Pestivirus_i=26_n=21   -            227 MF278651.1           -           3914  2.1e-120  392.7   3.1   1   1  1.1e-120  4.1e-120  391.8   3.1     1   227   271   497   271   497 0.99 -
E1_Pestivirus_i=27_n=21      -            198 MF278651.1           -           3914   3.2e-96  313.1   0.9   1   1   1.7e-96   6.3e-96  312.2   0.9     1   198   498   692   498   692 0.99 -
N-Pro_Pestivirus_i=32_n=18   -            168 MF278651.1           -           3914   5.9e-86  278.6   0.3   1   1     3e-86   1.1e-85  277.7   0.3     1   168     1   168     1   168 1.00 -
C_Pestivirus_i=28_n=21       -            101 MF278651.1           -           3914   1.2e-47  152.4   6.9   1   1   6.8e-48   2.5e-47  151.4   6.9     3    99   172   268   167   270 0.93 -
NS3_Pegivirus_i=21_n=21      -            629 MF278651.1           -           3914   2.8e-39  127.0   3.9   1   1   1.2e-39   4.5e-39  126.4   3.9    99   483  1723  2127  1661  2132 0.78 -
NS3_Hepacivirus_i=11_n=26    -            627 MF278651.1           -           3914   3.4e-37  120.2   4.9   1   1   1.4e-37   5.2e-37  119.6   4.9    48   482  1664  2128  1650  2135 0.74 -
NS4A_Pestivirus_i=29_n=21    -             64 MF278651.1           -           3914   7.3e-36  114.4   0.1   1   1   4.6e-36   1.7e-35  113.2   0.1     1    64  2288  2351  2288  2351 0.99 -
p7_Pestivirus_i=38_n=16      -             70 MF278651.1           -           3914   3.5e-33  105.6   3.5   1   1   3.5e-33   1.3e-32  103.8   3.5     2    70  1068  1136  1067  1136 0.98 -
NS5A_Pestivirus_i=58_n=3     -            487 MF278651.1           -           3914   6.7e-30   96.0   0.0   1   1   3.2e-30   1.2e-29   95.2   0.0     1   472  2699  3174  2699  3193 0.79 -
NS2_Pestivirus_i=57_n=3      -            456 MF278651.1           -           3914   8.5e-24   76.2   0.4   1   1   2.3e-24   8.5e-24   76.2   0.4   213   456  1359  1604  1342  1604 0.81 -
NS3_Orthoflavivirus_i=1_n=57 -            621 MF278651.1           -           3914   1.2e-22   72.1   0.1   1   1   6.5e-23   2.4e-22   71.1   0.1   109   474  1738  2119  1723  2140 0.75 -
RdRp_Hepacivirus_i=10_n=26   -            594 MF278651.1           -           3914   5.7e-20   63.4   0.0   1   1   2.5e-20   9.3e-20   62.7   0.0    79   399  3397  3721  3350  3734 0.76 -
RdRp_Pegivirus_i=19_n=21     -            569 MF278651.1           -           3914   6.9e-17   53.1   0.0   1   1   3.2e-17   1.2e-16   52.3   0.0    42   413  3361  3763  3349  3776 0.74 -
NS5A_Pestivirus_i=61_n=2     -            220 MF278651.1           -           3914   3.8e-08   25.4   0.0   1   1   2.6e-08   9.4e-08   24.1   0.0    17   216  2712  2909  2700  2912 0.78 -
RdRp_Orthoflavivirus_0_57    -            903 MF278651.1           -           3914   4.1e-08   23.8   0.0   1   1   2.7e-07   9.8e-07   19.2   0.0   534   797  3538  3775  3522  3780 0.81 -
NS3_Pestivirus_i=20_n=21     -            683 AB558133.1           -           4262         0 1363.8   0.1   1   1         0         0 1363.3   0.1     1   683  1953  2635  1953  2635 1.00 -
RdRp_Pestivirus_i=18_n=21    -            717 AB558133.1           -           4262         0 1324.0   0.4   1   1         0         0 1323.6   0.4     1   715  3543  4257  3543  4259 1.00 -
NS5A_Pestivirus_i=36_n=16    -            498 AB558133.1           -           4262    2e-248  817.1   0.0   1   1  8.5e-249    3e-248  816.5   0.0     1   498  3047  3542  3047  3542 0.99 -
NS2_Pestivirus_i=35_n=16     -            454 AB558133.1           -           4262  5.6e-227  745.8   5.0   1   1  2.3e-227  8.1e-227  745.3   5.0     4   454  1503  1952  1500  1952 0.99 -
NS4B_Pestivirus_i=23_n=21    -            347 AB558133.1           -           4262  4.4e-187  613.4   2.4   1   1  1.3e-187  4.6e-187  613.3   0.9     2   347  2701  3046  2700  3046 1.00 -
E2_Pestivirus_i=24_n=21      -            374 AB558133.1           -           4262  6.4e-177  580.7   4.3   1   1  4.2e-177  1.5e-176  579.5   4.3     2   373  1057  1428  1056  1429 0.99 -
N-Pro_Pestivirus_i=32_n=18   -            168 AB558133.1           -           4262  2.6e-166  540.0   2.1   1   2     1e-86   3.5e-86  279.3   0.1     1   168     1   168     1   168 1.00 -
N-Pro_Pestivirus_i=32_n=18   -            168 AB558133.1           -           4262  2.6e-166  540.0   2.1   2   2   8.9e-81   3.1e-80  260.0   0.2    13   168   376   531   371   531 0.99 -
RNAse_Pestivirus_i=26_n=21   -            227 AB558133.1           -           4262  7.1e-122  397.5   1.9   1   1    2e-122  7.1e-122  397.5   1.9     1   227   634   860   634   860 0.99 -
E1_Pestivirus_i=27_n=21      -            198 AB558133.1           -           4262   7.2e-94  305.5   0.4   1   1   3.8e-94   1.3e-93  304.6   0.4     1   198   861  1055   861  1055 0.99 -
C_Pestivirus_i=28_n=21       -            101 AB558133.1           -           4262   7.5e-76  242.9  28.7   1   2   1.4e-29     5e-29   92.6   5.3    23    80   320   377   310   381 0.95 -
C_Pestivirus_i=28_n=21       -            101 AB558133.1           -           4262   7.5e-76  242.9  28.7   2   2   7.8e-49   2.7e-48  154.5   8.5     2   100   534   632   531   633 0.96 -
NS3_Pegivirus_i=21_n=21      -            629 AB558133.1           -           4262   1.8e-38  124.4   3.7   1   1   8.3e-39   2.9e-38  123.7   3.7    99   483  2071  2475  2010  2480 0.76 -
Jiv90                        PF14901.12    90 AB558133.1           -           4262   7.5e-38  121.1   0.1   1   1   6.1e-38   2.1e-37  119.6   0.1     2    89   201   288   200   289 0.98 Cleavage inducing molecular chaperone
NS3_Hepacivirus_i=11_n=26    -            627 AB558133.1           -           4262   6.1e-37  119.3   5.0   1   1   2.7e-37   9.6e-37  118.7   5.0    46   482  2010  2476  1995  2483 0.76 -
NS4A_Pestivirus_i=29_n=21    -             64 AB558133.1           -           4262   1.4e-35  113.5   0.1   1   1   8.4e-36   2.9e-35  112.5   0.1     1    64  2636  2699  2636  2699 0.98 -
p7_Pestivirus_i=38_n=16      -             70 AB558133.1           -           4262   1.5e-33  106.8   4.4   1   1   4.2e-34   1.5e-33  106.8   4.4     2    70  1431  1499  1430  1499 0.98 -
NS5A_Pestivirus_i=58_n=3     -            487 AB558133.1           -           4262   1.4e-31  101.5   0.0   1   1   6.8e-32   2.4e-31  100.8   0.0     1   464  3047  3514  3047  3533 0.81 -
NS2_Pestivirus_i=57_n=3      -            456 AB558133.1           -           4262   1.9e-24   78.3   0.9   1   1   5.3e-25   1.9e-24   78.3   0.9   205   456  1697  1952  1598  1952 0.78 -
NS3_Orthoflavivirus_i=1_n=57 -            621 AB558133.1           -           4262   1.7e-22   71.6   0.1   1   1   9.1e-23   3.2e-22   70.7   0.1   110   474  2087  2467  2071  2488 0.74 -
RdRp_Hepacivirus_i=10_n=26   -            594 AB558133.1           -           4262   3.5e-20   64.1   0.0   1   1   1.6e-20   5.6e-20   63.4   0.0    80   399  3746  4069  3685  4082 0.76 -
RdRp_Pegivirus_i=19_n=21     -            569 AB558133.1           -           4262   4.9e-15   47.0   0.0   1   1   2.4e-15   8.4e-15   46.2   0.0    43   410  3710  4108  3698  4122 0.72 -
NS5A_Pestivirus_i=61_n=2     -            220 AB558133.1           -           4262   3.5e-09   28.7   0.0   1   1     2e-09   6.9e-09   27.8   0.0    23   216  3066  3257  3048  3260 0.81 -
RdRp_Orthoflavivirus_0_57    -            903 AB558133.1           -           4262   1.1e-08   25.7   0.1   1   1   6.3e-08   2.2e-07   21.4   0.1   534   797  3886  4123  3871  4129 0.82 -
NS3_Pestivirus_i=20_n=21     -            683 KR093034.1           -           3914         0 1372.4   0.5   1   1         0         0 1372.0   0.5     1   683  1604  2286  1604  2286 1.00 -
RdRp_Pestivirus_i=18_n=21    -            717 KR093034.1           -           3914         0 1323.5   0.5   1   1         0         0 1323.1   0.5     1   714  3195  3908  3195  3911 1.00 -
NS5A_Pestivirus_i=36_n=16    -            498 KR093034.1           -           3914    6e-250  822.1   0.1   1   1  2.3e-250  8.6e-250  821.6   0.1     1   498  2698  3194  2698  3194 1.00 -
NS2_Pestivirus_i=35_n=16     -            454 KR093034.1           -           3914    2e-221  727.5   2.2   1   1    1e-221  3.8e-221  726.6   2.2     4   454  1138  1603  1135  1603 0.96 -
NS4B_Pestivirus_i=23_n=21    -            347 KR093034.1           -           3914  1.9e-189  621.2   2.9   1   1  5.2e-190  1.9e-189  621.2   2.9     3   347  2353  2697  2351  2697 0.99 -
E2_Pestivirus_i=24_n=21      -            374 KR093034.1           -           3914  1.4e-170  559.8   1.3   1   1  8.3e-171    3e-170  558.8   1.3     3   373   695  1063   694  1064 0.99 -
RNAse_Pestivirus_i=26_n=21   -            227 KR093034.1           -           3914  2.1e-121  396.0   4.9   1   1  1.2e-121  4.5e-121  394.9   4.9     1   227   271   497   271   497 0.99 -
E1_Pestivirus_i=27_n=21      -            198 KR093034.1           -           3914   9.3e-97  314.9   0.4   1   1   5.1e-97   1.9e-96  313.9   0.4     1   198   498   692   498   692 0.99 -
N-Pro_Pestivirus_i=32_n=18   -            168 KR093034.1           -           3914     5e-87  282.1   0.1   1   1   2.7e-87   9.9e-87  281.1   0.1     1   168     1   168     1   168 1.00 -
C_Pestivirus_i=28_n=21       -            101 KR093034.1           -           3914   1.7e-48  155.1   5.7   1   1   1.1e-48   4.1e-48  153.9   5.7     4   100   173   269   167   270 0.93 -
NS3_Pegivirus_i=21_n=21      -            629 KR093034.1           -           3914     3e-38  123.6   2.6   1   1   1.3e-38   4.8e-38  122.9   2.6    84   482  1704  2125  1660  2130 0.77 -
NS3_Hepacivirus_i=11_n=26    -            627 KR093034.1           -           3914     8e-37  118.9   3.7   1   1   3.4e-37   1.3e-36  118.3   3.7    46   482  1661  2127  1648  2134 0.76 -
NS4A_Pestivirus_i=29_n=21    -             64 KR093034.1           -           3914   2.2e-34  109.7   0.0   1   1   1.4e-34   5.2e-34  108.5   0.0     1    64  2287  2350  2287  2350 0.98 -
NS5A_Pestivirus_i=58_n=3     -            487 KR093034.1           -           3914   3.1e-33  107.0   0.0   1   1   1.6e-33   5.8e-33  106.1   0.0     1   474  2698  3176  2698  3191 0.80 -
p7_Pestivirus_i=38_n=16      -             70 KR093034.1           -           3914   2.4e-32  102.9   5.3   1   1   6.7e-33   2.4e-32  102.9   5.3     3    70  1067  1134  1065  1134 0.98 -
NS2_Pestivirus_i=57_n=3      -            456 KR093034.1           -           3914   2.8e-25   81.1   0.1   1   1   7.6e-26   2.8e-25   81.1   0.1   236   456  1363  1603  1341  1603 0.80 -
NS3_Orthoflavivirus_i=1_n=57 -            621 KR093034.1           -           3914     9e-23   72.5   0.1   1   1   4.7e-23   1.7e-22   71.6   0.1   110   475  1738  2119  1660  2143 0.76 -
RdRp_Hepacivirus_i=10_n=26   -            594 KR093034.1           -           3914   2.8e-22   71.0   0.1   1   1   1.3e-22   4.6e-22   70.3   0.1    42   400  3360  3722  3332  3734 0.82 -
RdRp_Pegivirus_i=19_n=21     -            569 KR093034.1           -           3914   5.8e-17   53.3   0.0   1   1   2.6e-17   9.6e-17   52.6   0.0    42   412  3361  3762  3346  3774 0.74 -
NS5A_Pestivirus_i=61_n=2     -            220 KR093034.1           -           3914   1.4e-10   33.3   0.0   1   1   8.1e-11     3e-10   32.2   0.0    29   216  2726  2908  2700  2911 0.86 -
NS3_Pestivirus_i=20_n=21     -            683 LC006970.1           -           4021         0 1373.6   0.5   1   1         0         0 1373.2   0.5     1   683  1711  2393  1711  2393 1.00 -
RdRp_Pestivirus_i=18_n=21    -            717 LC006970.1           -           4021         0 1323.0   0.3   1   1         0         0 1322.6   0.3     1   714  3302  4015  3302  4018 1.00 -
NS5A_Pestivirus_i=36_n=16    -            498 LC006970.1           -           4021  8.9e-247  811.7   0.0   1   1  3.8e-247  1.3e-246  811.1   0.0     1   498  2805  3301  2805  3301 1.00 -
NS2_Pestivirus_i=35_n=16     -            454 LC006970.1           -           4021    5e-216  709.7   8.7   1   2  1.1e-187  3.8e-187  614.5   4.5     3   401  1137  1535  1135  1546 0.99 -
NS2_Pestivirus_i=35_n=16     -            454 LC006970.1           -           4021    5e-216  709.7   8.7   2   2   1.2e-30   4.1e-30   96.9   0.1   397   454  1654  1710  1647  1710 0.92 -
NS4B_Pestivirus_i=23_n=21    -            347 LC006970.1           -           4021  9.6e-189  618.9   3.5   1   1  2.9e-189  9.6e-189  618.9   3.5     3   347  2460  2804  2458  2804 0.99 -
E2_Pestivirus_i=24_n=21      -            374 LC006970.1           -           4021  3.8e-171  561.7   2.6   1   1  2.2e-171  7.3e-171  560.8   2.6     3   373   695  1063   694  1064 0.99 -
RNAse_Pestivirus_i=26_n=21   -            227 LC006970.1           -           4021  5.2e-121  394.7   4.2   1   1    3e-121    1e-120  393.8   4.2     1   227   271   497   271   497 0.99 -
E1_Pestivirus_i=27_n=21      -            198 LC006970.1           -           4021   1.3e-96  314.5   0.3   1   1   8.3e-97   2.8e-96  313.4   0.3     1   198   498   692   498   692 0.99 -
N-Pro_Pestivirus_i=32_n=18   -            168 LC006970.1           -           4021   4.2e-86  279.1   0.1   1   1   2.4e-86   8.2e-86  278.1   0.1     1   168     1   168     1   168 1.00 -
C_Pestivirus_i=28_n=21       -            101 LC006970.1           -           4021   4.8e-49  156.9   6.0   1   1   3.4e-49   1.1e-48  155.7   6.0     5   100   174   269   167   270 0.92 -
Jiv90                        PF14901.12    90 LC006970.1           -           4021   4.8e-39  124.9   0.8   1   1   3.6e-39   1.2e-38  123.6   0.8     1    89  1534  1622  1534  1623 0.98 Cleavage inducing molecular chaperone
NS3_Pegivirus_i=21_n=21      -            629 LC006970.1           -           4021   3.1e-38  123.6   2.6   1   1   1.5e-38     5e-38  122.9   2.6    84   482  1811  2232  1767  2237 0.77 -
NS3_Hepacivirus_i=11_n=26    -            627 LC006970.1           -           4021   8.2e-37  118.9   3.7   1   1   3.9e-37   1.3e-36  118.2   3.7    46   482  1768  2234  1755  2241 0.76 -
NS4A_Pestivirus_i=29_n=21    -             64 LC006970.1           -           4021   2.2e-34  109.7   0.0   1   1   1.6e-34   5.3e-34  108.4   0.0     1    64  2394  2457  2394  2457 0.98 -
p7_Pestivirus_i=38_n=16      -             70 LC006970.1           -           4021   4.6e-33  105.2   4.7   1   1   3.8e-33   1.3e-32  103.8   4.7     3    70  1067  1134  1065  1134 0.98 -
NS5A_Pestivirus_i=58_n=3     -            487 LC006970.1           -           4021   6.1e-33  106.0   0.0   1   1   3.6e-33   1.2e-32  105.0   0.0     1   474  2805  3283  2805  3298 0.79 -
NS2_Pestivirus_i=57_n=3      -            456 LC006970.1           -           4021   1.5e-23   75.3   9.1   1   2     9e-18     3e-17   54.6   5.1    36   390  1169  1523  1130  1537 0.77 -
NS2_Pestivirus_i=57_n=3      -            456 LC006970.1           -           4021   1.5e-23   75.3   9.1   2   2     6e-08     2e-07   22.2   0.1   420   456  1674  1710  1662  1710 0.91 -
NS3_Orthoflavivirus_i=1_n=57 -            621 LC006970.1           -           4021   9.1e-23   72.5   0.1   1   1   5.3e-23   1.8e-22   71.6   0.1   110   475  1845  2226  1767  2249 0.76 -
RdRp_Hepacivirus_i=10_n=26   -            594 LC006970.1           -           4021   1.3e-21   68.8   0.0   1   1   8.4e-22   2.8e-21   67.7   0.0   106   400  3528  3829  3399  3840 0.81 -
RdRp_Pegivirus_i=19_n=21     -            569 LC006970.1           -           4021     4e-15   47.3   0.0   1   1     2e-15   6.7e-15   46.5   0.0    92   411  3517  3868  3458  3879 0.70 -
NS5A_Pestivirus_i=61_n=2     -            220 LC006970.1           -           4021   5.2e-10   31.5   0.0   1   1   3.2e-10   1.1e-09   30.4   0.0    23   216  2824  3015  2806  3018 0.84 -
NS3_Pestivirus_i=20_n=21     -            683 KC853441.1           -           3927         0 1360.3   0.2   1   1         0         0 1359.7   0.2     1   683  1618  2300  1618  2300 1.00 -
RdRp_Pestivirus_i=18_n=21    -            717 KC853441.1           -           3927         0 1313.4   0.3   1   1         0         0 1313.0   0.3     1   715  3208  3922  3208  3924 1.00 -
NS5A_Pestivirus_i=36_n=16    -            498 KC853441.1           -           3927  2.2e-243  800.4   0.0   1   1  3.3e-243  1.2e-242  798.0   0.0     1   498  2712  3207  2712  3207 0.99 -
NS2_Pestivirus_i=35_n=16     -            454 KC853441.1           -           3927  3.1e-210  690.6  17.4   1   1  8.8e-208  3.2e-207  680.7  17.4     7   454  1143  1617  1137  1617 0.94 -
NS4B_Pestivirus_i=23_n=21    -            347 KC853441.1           -           3927  2.7e-186  610.8   1.1   1   1  7.5e-187  2.7e-186  610.8   1.1     3   347  2367  2711  2365  2711 0.99 -
E2_Pestivirus_i=24_n=21      -            374 KC853441.1           -           3927  8.2e-177  580.4   1.6   1   1  3.9e-177  1.4e-176  579.6   1.6     3   372   695  1064   693  1066 0.99 -
RNAse_Pestivirus_i=26_n=21   -            227 KC853441.1           -           3927  8.3e-122  397.3   2.4   1   1  5.7e-122  2.1e-121  396.0   2.4     1   227   271   497   271   497 0.99 -
E1_Pestivirus_i=27_n=21      -            198 KC853441.1           -           3927   3.5e-95  309.8   1.6   1   1   2.6e-95   9.6e-95  308.3   1.6     2   198   499   692   498   692 0.99 -
N-Pro_Pestivirus_i=32_n=18   -            168 KC853441.1           -           3927   3.7e-85  276.0   0.2   1   1   1.9e-85   7.1e-85  275.1   0.2     1   168     1   168     1   168 1.00 -
C_Pestivirus_i=28_n=21       -            101 KC853441.1           -           3927   3.4e-48  154.1   6.2   1   1     2e-48   7.2e-48  153.1   6.2     3   100   172   269   167   270 0.94 -
NS3_Pegivirus_i=21_n=21      -            629 KC853441.1           -           3927   6.5e-39  125.8   2.5   1   1   2.8e-39     1e-38  125.2   2.5   108   483  1745  2140  1688  2145 0.78 -
NS3_Hepacivirus_i=11_n=26    -            627 KC853441.1           -           3927   4.2e-37  119.8   4.7   1   1   1.8e-37   6.6e-37  119.2   4.7    49   482  1678  2141  1664  2148 0.73 -
NS4A_Pestivirus_i=29_n=21    -             64 KC853441.1           -           3927   8.7e-36  114.1   0.1   1   1   6.6e-36   2.4e-35  112.7   0.1     1    64  2301  2364  2301  2364 0.98 -
NS5A_Pestivirus_i=58_n=3     -            487 KC853441.1           -           3927   3.6e-32  103.4   0.0   1   1   1.7e-32   6.1e-32  102.7   0.0     1   476  2712  3191  2712  3205 0.80 -
p7_Pestivirus_i=38_n=16      -             70 KC853441.1           -           3927     2e-30   96.8   2.3   1   1   5.3e-31     2e-30   96.8   2.3     2    70  1068  1136  1067  1136 0.98 -
NS2_Pestivirus_i=57_n=3      -            456 KC853441.1           -           3927     2e-25   81.6   0.1   1   1   5.4e-26     2e-25   81.6   0.1   203   456  1363  1617  1341  1617 0.81 -
NS3_Orthoflavivirus_i=1_n=57 -            621 KC853441.1           -           3927   2.5e-22   71.1   0.2   1   1   1.2e-22   4.6e-22   70.2   0.2   128   474  1771  2132  1672  2153 0.77 -
RdRp_Hepacivirus_i=10_n=26   -            594 KC853441.1           -           3927   2.5e-19   61.2   0.0   1   1   1.1e-19   4.1e-19   60.5   0.0   112   399  3440  3734  3346  3746 0.79 -
RdRp_Pegivirus_i=19_n=21     -            569 KC853441.1           -           3927   1.9e-15   48.3   0.0   1   1   8.7e-16   3.2e-15   47.6   0.0    47   415  3379  3778  3365  3789 0.71 -
RdRp_Orthoflavivirus_0_57    -            903 KC853441.1           -           3927     2e-08   24.8   0.0   1   1   1.2e-07   4.5e-07   20.4   0.0   534   798  3551  3789  3532  3795 0.82 -
NS5A_Pestivirus_i=61_n=2     -            220 KC853441.1           -           3927   2.2e-08   26.1   0.2   1   1     2e-08   7.2e-08   24.5   0.0    11   216  2722  2922  2713  2925 0.80 -
NS3_Pestivirus_i=20_n=21     -            683 AB078952.1           -           4198         0 1364.2   0.2   1   1         0         0 1363.4   0.2     1   683  1889  2571  1889  2571 1.00 -
RdRp_Pestivirus_i=18_n=21    -            717 AB078952.1           -           4198         0 1318.7   0.4   1   1         0         0 1318.2   0.4     1   715  3479  4193  3479  4195 1.00 -
NS5A_Pestivirus_i=36_n=16    -            498 AB078952.1           -           4198  1.7e-242  797.5   0.0   1   1  6.6e-243  2.4e-242  797.0   0.0     1   498  2983  3478  2983  3478 0.99 -
NS2_Pestivirus_i=35_n=16     -            454 AB078952.1           -           4198    2e-223  734.1   6.1   1   1  9.3e-224  3.4e-223  733.3   6.1     5   454  1440  1888  1436  1888 0.99 -
NS4B_Pestivirus_i=23_n=21    -            347 AB078952.1           -           4198  1.1e-187  615.3   0.9   1   1  3.1e-188  1.1e-187  615.3   0.9     4   347  2639  2982  2636  2982 0.99 -
E2_Pestivirus_i=24_n=21      -            374 AB078952.1           -           4198  1.7e-172  566.2   3.7   1   1  9.6e-173  3.5e-172  565.1   3.7     3   372   994  1363   992  1365 0.99 -
N-Pro_Pestivirus_i=32_n=18   -            168 AB078952.1           -           4198  1.1e-169  551.1   2.1   1   2     2e-86   7.4e-86  278.3   0.1     1   168     1   168     1   168 1.00 -
N-Pro_Pestivirus_i=32_n=18   -            168 AB078952.1           -           4198  1.1e-169  551.1   2.1   2   2   1.7e-84   6.3e-84  272.0   0.2     4   168   303   467   301   467 0.99 -
RNAse_Pestivirus_i=26_n=21   -            227 AB078952.1           -           4198  5.8e-121  394.6   1.9   1   1  3.3e-121  1.2e-120  393.5   1.9     1   227   570   796   570   796 0.99 -
E1_Pestivirus_i=27_n=21      -            198 AB078952.1           -           4198   9.5e-97  314.9   1.2   1   1   5.2e-97   1.9e-96  313.9   1.2     1   198   797   991   797   991 0.99 -
C_Pestivirus_i=28_n=21       -            101 AB078952.1           -           4198   6.2e-49  156.5  15.0   1   1   9.6e-49   3.5e-48  154.1   7.8     2    99   470   567   466   569 0.95 -
Jiv90                        PF14901.12    90 AB078952.1           -           4198   4.8e-40  128.1   0.2   1   1   4.2e-40   1.5e-39  126.5   0.2     1    89   200   288   200   289 0.98 Cleavage inducing molecular chaperone
NS3_Pegivirus_i=21_n=21      -            629 AB078952.1           -           4198   9.7e-39  125.2   2.9   1   1   4.6e-39   1.7e-38  124.4   2.9   107   483  2015  2411  1950  2416 0.77 -
NS3_Hepacivirus_i=11_n=26    -            627 AB078952.1           -           4198   2.1e-37  120.9   4.2   1   1   8.7e-38   3.2e-37  120.3   4.2    46   482  1946  2412  1933  2419 0.75 -
NS4A_Pestivirus_i=29_n=21    -             64 AB078952.1           -           4198   1.3e-35  113.6   0.2   1   1   7.9e-36   2.9e-35  112.5   0.2     1    64  2572  2635  2572  2635 0.99 -
p7_Pestivirus_i=38_n=16      -             70 AB078952.1           -           4198   6.5e-34  107.9   1.9   1   1   1.8e-34   6.5e-34  107.9   1.9     3    70  1368  1435  1366  1435 0.97 -
NS5A_Pestivirus_i=58_n=3     -            487 AB078952.1           -           4198   3.1e-30   97.1   0.0   1   1   1.6e-30   5.7e-30   96.2   0.0     1   461  2983  3447  2983  3468 0.81 -
NS2_Pestivirus_i=57_n=3      -            456 AB078952.1           -           4198   8.5e-23   72.9   5.1   1   1   2.3e-23   8.5e-23   72.9   5.1   206   456  1634  1888  1549  1888 0.74 -
NS3_Orthoflavivirus_i=1_n=57 -            621 AB078952.1           -           4198   2.2e-22   71.2   0.2   1   1   1.1e-22     4e-22   70.4   0.2   110   474  2023  2403  2009  2424 0.74 -
RdRp_Hepacivirus_i=10_n=26   -            594 AB078952.1           -           4198   6.4e-21   66.5   0.0   1   1     3e-21   1.1e-20   65.7   0.0    45   399  3647  4005  3614  4018 0.81 -
RdRp_Pegivirus_i=19_n=21     -            569 AB078952.1           -           4198   1.5e-16   52.0   0.0   1   1   6.8e-17   2.5e-16   51.2   0.0    43   411  3646  4045  3633  4059 0.75 -
NS5A_Pestivirus_i=61_n=2     -            220 AB078952.1           -           4198   1.1e-06   20.5   0.0   1   1     7e-07   2.6e-06   19.4   0.0    23   216  3002  3193  2984  3196 0.80 -
NS3_Pestivirus_i=20_n=21     -            683 AF526381.3           -           3902         0 1364.6   0.1   1   1         0         0 1362.8   0.2     1   683  1593  2275  1593  2275 1.00 -
RdRp_Pestivirus_i=18_n=21    -            717 AF526381.3           -           3902         0 1302.3   0.2   1   1         0         0 1301.9   0.2     1   715  3183  3897  3183  3899 1.00 -
NS5A_Pestivirus_i=36_n=16    -            498 AF526381.3           -           3902  1.6e-241  794.3   0.0   1   1  6.1e-242  2.2e-241  793.8   0.0     1   498  2687  3182  2687  3182 0.99 -
NS2_Pestivirus_i=35_n=16     -            454 AF526381.3           -           3902  2.3e-222  730.6   3.4   1   1  9.3e-223  3.4e-222  730.0   3.4     5   454  1144  1592  1140  1592 0.99 -
NS4B_Pestivirus_i=23_n=21    -            347 AF526381.3           -           3902  3.8e-187  613.6   2.5   1   1  1.1e-187  4.1e-187  613.5   0.8     3   347  2342  2686  2340  2686 0.99 -
E2_Pestivirus_i=24_n=21      -            374 AF526381.3           -           3902  6.3e-171  561.0   4.7   1   1  1.7e-171  6.3e-171  561.0   4.7     3   373   697  1068   695  1069 0.99 -
RNAse_Pestivirus_i=26_n=21   -            227 AF526381.3           -           3902  1.4e-119  390.0   1.8   1   1  7.3e-120  2.7e-119  389.1   1.8     1   227   273   499   273   499 0.99 -
E1_Pestivirus_i=27_n=21      -            198 AF526381.3           -           3902   2.2e-95  310.4   0.3   1   1   1.4e-95   5.2e-95  309.2   0.3     1   198   500   694   500   694 0.99 -
N-Pro_Pestivirus_i=32_n=18   -            168 AF526381.3           -           3902   7.8e-83  268.4   0.2   1   1   4.3e-83   1.6e-82  267.4   0.2     1   168     1   168     1   168 1.00 -
C_Pestivirus_i=28_n=21       -            101 AF526381.3           -           3902     1e-47  152.6   7.2   1   1   6.4e-48   2.4e-47  151.5   7.2     4    97   173   266   167   270 0.91 -
NS3_Pegivirus_i=21_n=21      -            629 AF526381.3           -           3902   2.4e-39  127.2   3.3   1   1     1e-39   3.8e-39  126.6   3.3    99   483  1711  2115  1652  2120 0.76 -
NS3_Hepacivirus_i=11_n=26    -            627 AF526381.3           -           3902   1.2e-37  121.7   4.7   1   1   4.9e-38   1.8e-37  121.1   4.7    46   482  1650  2116  1637  2123 0.76 -
NS4A_Pestivirus_i=29_n=21    -             64 AF526381.3           -           3902   5.1e-36  114.9   0.1   1   1     3e-36   1.1e-35  113.8   0.1     1    64  2276  2339  2276  2339 0.98 -
NS5A_Pestivirus_i=58_n=3     -            487 AF526381.3           -           3902     4e-31  100.0   0.0   1   1   1.9e-31   6.8e-31   99.2   0.0     1   475  2687  3165  2687  3177 0.77 -
p7_Pestivirus_i=38_n=16      -             70 AF526381.3           -           3902   1.4e-30   97.3   3.7   1   1   3.7e-31   1.4e-30   97.3   3.7     2    70  1071  1139  1070  1139 0.98 -
NS2_Pestivirus_i=57_n=3      -            456 AF526381.3           -           3902   8.6e-25   79.5   1.1   1   1   2.3e-25   8.6e-25   79.5   1.1   226   456  1358  1592  1255  1592 0.83 -
NS3_Orthoflavivirus_i=1_n=57 -            621 AF526381.3           -           3902   5.5e-23   73.3   0.2   1   1   2.8e-23     1e-22   72.3   0.2   110   474  1727  2107  1710  2128 0.74 -
RdRp_Hepacivirus_i=10_n=26   -            594 AF526381.3           -           3902   6.6e-20   63.2   0.0   1   1   2.9e-20   1.1e-19   62.5   0.0    54   399  3360  3709  3340  3722 0.76 -
RdRp_Pegivirus_i=19_n=21     -            569 AF526381.3           -           3902     8e-16   49.5   0.0   1   1   3.6e-16   1.3e-15   48.8   0.0    44   411  3351  3749  3340  3763 0.73 -
NS5A_Pestivirus_i=61_n=2     -            220 AF526381.3           -           3902   3.7e-08   25.4   0.1   1   1   2.6e-08   9.7e-08   24.0   0.1    12   216  2698  2897  2687  2900 0.80 -
RdRp_Orthoflavivirus_0_57    -            903 AF526381.3           -           3902   1.9e-07   21.6   0.0   1   1   1.2e-06   4.5e-06   17.0   0.0   534   796  3526  3762  3507  3768 0.79 -
NS3_Pestivirus_i=20_n=21     -            683 U86599.1             -           4984         0 2490.7   1.5   1   2         0         0 1244.2   0.1     1   683  1590  2272  1590  2272 1.00 -
NS3_Pestivirus_i=20_n=21     -            683 U86599.1             -           4984         0 2490.7   1.5   2   2         0         0 1245.9   0.1     1   683  2675  3357  2675  3357 1.00 -
NS2_Pestivirus_i=35_n=16     -            454 U86599.1             -           4984         0 1077.9   8.4   1   2  8.6e-212  3.1e-211  693.9   0.3     5   454  1142  1589  1138  1589 0.99 -
NS2_Pestivirus_i=35_n=16     -            454 U86599.1             -           4984         0 1077.9   8.4   2   2    1e-118  3.7e-118  387.1   2.9   245   454  2386  2594  2370  2594 0.99 -
RdRp_Pestivirus_i=18_n=21    -            717 U86599.1             -           4984         0 1052.2   0.3   1   1         0         0 1051.7   0.3     1   715  4265  4979  4265  4981 0.96 -
NS5A_Pestivirus_i=36_n=16    -            498 U86599.1             -           4984  1.1e-218  719.0   0.0   1   1  4.5e-219  1.6e-218  718.4   0.0     2   498  3770  4264  3769  4264 0.99 -
NS4B_Pestivirus_i=23_n=21    -            347 U86599.1             -           4984  3.8e-169  554.4   0.0   1   2   3.9e-07   1.4e-06   19.8   0.0     3    55  2339  2391  2337  2397 0.95 -
NS4B_Pestivirus_i=23_n=21    -            347 U86599.1             -           4984  3.8e-169  554.4   0.0   2   2  8.4e-163  3.1e-162  531.7   0.0     3   347  3424  3768  3422  3768 0.99 -
E2_Pestivirus_i=24_n=21      -            374 U86599.1             -           4984  3.9e-167  548.5   1.2   1   1  1.7e-167  6.3e-167  547.8   1.2     3   373   695  1066   693  1067 0.99 -
RNAse_Pestivirus_i=26_n=21   -            227 U86599.1             -           4984  3.7e-121  395.2   2.2   1   1    2e-121  7.2e-121  394.2   2.2     1   227   271   497   271   497 0.99 -
E1_Pestivirus_i=27_n=21      -            198 U86599.1             -           4984   2.6e-91  297.1   0.3   1   1   1.5e-91   5.4e-91  296.1   0.3     1   198   498   692   498   692 0.99 -
N-Pro_Pestivirus_i=32_n=18   -            168 U86599.1             -           4984   5.4e-81  262.5   0.2   1   1   3.6e-81   1.3e-80  261.2   0.1     1   167     1   167     1   168 0.99 -
NS4A_Pestivirus_i=29_n=21    -             64 U86599.1             -           4984   2.9e-68  218.2   0.1   1   2   2.2e-34   7.9e-34  107.9   0.0     1    64  2273  2336  2273  2336 0.98 -
NS4A_Pestivirus_i=29_n=21    -             64 U86599.1             -           4984   2.9e-68  218.2   0.1   2   2   2.2e-34   7.9e-34  107.9   0.0     1    64  3358  3421  3358  3421 0.98 -
NS3_Pegivirus_i=21_n=21      -            629 U86599.1             -           4984   8.4e-59  191.5  10.9   1   2   4.2e-31   1.5e-30   98.1   1.9   134   483  1747  2112  1614  2117 0.77 -
NS3_Pegivirus_i=21_n=21      -            629 U86599.1             -           4984   8.4e-59  191.5  10.9   2   2   4.3e-31   1.6e-30   98.1   1.9   134   483  2832  3197  2698  3202 0.77 -
NS3_Hepacivirus_i=11_n=26    -            627 U86599.1             -           4984   8.5e-54  175.0  14.6   1   2   1.1e-28   4.1e-28   90.2   3.4    40   483  1641  2114  1629  2123 0.73 -
NS3_Hepacivirus_i=11_n=26    -            627 U86599.1             -           4984   8.5e-54  175.0  14.6   2   2   1.1e-28   4.1e-28   90.2   3.4    40   483  2726  3199  2714  3208 0.73 -
NS2_Pestivirus_i=57_n=3      -            456 U86599.1             -           4984   2.6e-45  147.1   1.5   1   2   3.7e-25   1.4e-24   78.8   0.1   230   456  1359  1589  1328  1589 0.83 -
NS2_Pestivirus_i=57_n=3      -            456 U86599.1             -           4984   2.6e-45  147.1   1.5   2   2   1.4e-21   5.1e-21   67.0   0.1   253   456  2386  2594  2381  2594 0.84 -
C_Pestivirus_i=28_n=21       -            101 U86599.1             -           4984   2.1e-40  129.1   8.5   1   1   1.7e-40   6.1e-40  127.7   8.5     3    99   172   268   168   270 0.95 -
NS3_Orthoflavivirus_i=1_n=57 -            621 U86599.1             -           4984   1.4e-33  108.2   0.3   1   2   2.1e-17   7.9e-17   52.9   0.0   133   477  1748  2107  1712  2123 0.71 -
NS3_Orthoflavivirus_i=1_n=57 -            621 U86599.1             -           4984   1.4e-33  108.2   0.3   2   2   2.1e-17   7.9e-17   52.9   0.0   133   477  2833  3192  2797  3208 0.71 -
p7_Pestivirus_i=38_n=16      -             70 U86599.1             -           4984   1.7e-30   97.0   3.0   1   1   4.7e-31   1.7e-30   97.0   3.0     5    70  1072  1137  1069  1137 0.98 -
Ubiquitin/ubiquitin-like     PF00240.30    72 U86599.1             -           4984   2.3e-30   96.5   2.8   1   1   1.1e-30     4e-30   95.8   0.7     1    72  2597  2672  2597  2672 0.94 Ubiquitin family
NS5A_Pestivirus_i=58_n=3     -            487 U86599.1             -           4984   6.5e-21   66.3   0.0   1   1   3.3e-21   1.2e-20   65.4   0.0     5   472  3773  4244  3769  4257 0.78 -
RdRp_Hepacivirus_i=10_n=26   -            594 U86599.1             -           4984   1.9e-13   41.8   0.0   1   1   8.3e-14     3e-13   41.2   0.0    83   329  4472  4721  4422  4737 0.74 -
RdRp_Pegivirus_i=19_n=21     -            569 U86599.1             -           4984   8.2e-13   39.6   0.0   1   1   4.9e-13   1.8e-12   38.5   0.0    42   318  4432  4722  4420  4735 0.81 -
NS3_Pestivirus_i=20_n=21     -            683 M96687.1             -           3976         0 1356.9   0.1   1   1         0         0 1355.7   0.1     1   683  1667  2349  1667  2349 1.00 -
RdRp_Pestivirus_i=18_n=21    -            717 M96687.1             -           3976         0 1303.4   0.0   1   1         0         0 1303.0   0.0     1   715  3257  3971  3257  3973 1.00 -
NS5A_Pestivirus_i=36_n=16    -            498 M96687.1             -           3976  7.4e-240  788.8   0.0   1   1    3e-240  1.1e-239  788.3   0.0     1   498  2761  3256  2761  3256 0.99 -
NS2_Pestivirus_i=35_n=16     -            454 M96687.1             -           3976  6.7e-219  719.2   4.3   1   1  2.8e-219  9.8e-219  718.6   4.3     8   454  1145  1590  1138  1590 0.99 -
NS4B_Pestivirus_i=23_n=21    -            347 M96687.1             -           3976  2.4e-184  604.4   1.0   1   1  1.2e-184  4.2e-184  603.6   0.3     3   347  2416  2760  2414  2760 0.99 -
E2_Pestivirus_i=24_n=21      -            374 M96687.1             -           3976  1.8e-170  559.5   1.1   1   1    1e-170  3.5e-170  558.5   1.1     4   373   696  1066   694  1067 0.99 -
RNAse_Pestivirus_i=26_n=21   -            227 M96687.1             -           3976  3.6e-121  395.2   3.5   1   1    2e-121    7e-121  394.3   3.5     1   227   271   497   271   497 0.99 -
E1_Pestivirus_i=27_n=21      -            198 M96687.1             -           3976     2e-94  307.3   0.3   1   1   1.2e-94   4.1e-94  306.3   0.3     1   198   498   692   498   692 0.99 -
N-Pro_Pestivirus_i=32_n=18   -            168 M96687.1             -           3976   1.1e-85  277.7   0.2   1   1   5.8e-86     2e-85  276.9   0.2     1   168     1   168     1   168 1.00 -
C_Pestivirus_i=28_n=21       -            101 M96687.1             -           3976   1.7e-47  151.9   7.9   1   1     1e-47   3.6e-47  150.9   7.9     3    99   172   268   167   270 0.93 -
NS3_Pegivirus_i=21_n=21      -            629 M96687.1             -           3976   1.6e-38  124.5   3.5   1   1   7.3e-39   2.5e-38  123.9   3.5   130   483  1820  2189  1726  2194 0.78 -
NS3_Hepacivirus_i=11_n=26    -            627 M96687.1             -           3976   1.2e-36  118.4   4.5   1   1   5.2e-37   1.8e-36  117.8   4.5    49   483  1727  2191  1713  2200 0.73 -
NS4A_Pestivirus_i=29_n=21    -             64 M96687.1             -           3976   1.1e-35  113.8   0.1   1   1     7e-36   2.4e-35  112.7   0.1     1    64  2350  2413  2350  2413 0.98 -
p7_Pestivirus_i=38_n=16      -             70 M96687.1             -           3976   1.9e-32  103.2   4.8   1   1   5.5e-33   1.9e-32  103.2   4.8     5    70  1072  1137  1069  1137 0.98 -
Ubiquitin/ubiquitin-like     PF00240.30    72 M96687.1             -           3976   1.9e-32  103.2   0.2   1   1   5.5e-33   1.9e-32  103.2   0.2     1    72  1593  1664  1593  1664 0.99 Ubiquitin family
NS5A_Pestivirus_i=58_n=3     -            487 M96687.1             -           3976   9.9e-29   92.1   0.0   1   1   5.1e-29   1.8e-28   91.3   0.0     1   472  2761  3236  2761  3249 0.79 -
NS2_Pestivirus_i=57_n=3      -            456 M96687.1             -           3976   2.3e-24   78.0   1.1   1   1   6.7e-25   2.3e-24   78.0   1.1   227   456  1357  1590  1285  1590 0.84 -
NS3_Orthoflavivirus_i=1_n=57 -            621 M96687.1             -           3976   1.8e-22   71.6   0.1   1   1   8.9e-23   3.1e-22   70.8   0.1   110   474  1801  2181  1784  2199 0.74 -
RdRp_Hepacivirus_i=10_n=26   -            594 M96687.1             -           3976   1.1e-19   62.4   0.0   1   1   5.2e-20   1.8e-19   61.7   0.0   117   399  3494  3783  3415  3792 0.78 -
RdRp_Pegivirus_i=19_n=21     -            569 M96687.1             -           3976   2.5e-16   51.2   0.0   1   1   1.2e-16   4.2e-16   50.5   0.0    42   413  3423  3825  3411  3837 0.74 -
RdRp_Orthoflavivirus_0_57    -            903 M96687.1             -           3976     7e-08   23.0   0.0   1   1   4.6e-07   1.6e-06   18.5   0.0   534   795  3600  3835  3584  3843 0.80 -
NS5A_Pestivirus_i=61_n=2     -            220 M96687.1             -           3976   3.5e-07   22.2   0.0   1   1   2.7e-07   9.6e-07   20.8   0.0    15   216  2772  2971  2762  2974 0.79 -
NS3_Pestivirus_i=20_n=21     -            683 PV626369.1           -           4763         0 2724.1   1.9   1   2         0         0 1361.6   0.1     1   683  1590  2272  1590  2272 1.00 -
NS3_Pestivirus_i=20_n=21     -            683 PV626369.1           -           4763         0 2724.1   1.9   2   2         0         0 1362.0   0.1     1   683  2454  3136  2454  3136 1.00 -
RdRp_Pestivirus_i=18_n=21    -            717 PV626369.1           -           4763         0 1323.8   0.2   1   1         0         0 1323.4   0.2     1   715  4044  4758  4044  4760 1.00 -
NS5A_Pestivirus_i=36_n=16    -            498 PV626369.1           -           4763  1.6e-242  797.7   0.0   1   1  6.6e-243  2.3e-242  797.1   0.0     1   498  3548  4043  3548  4043 0.99 -
NS2_Pestivirus_i=35_n=16     -            454 PV626369.1           -           4763  9.2e-222  728.6   4.8   1   1  3.8e-222  1.3e-221  728.1   4.8     5   454  1141  1589  1137  1589 0.99 -
NS4B_Pestivirus_i=23_n=21    -            347 PV626369.1           -           4763    7e-187  612.7   2.1   1   1  2.4e-187  8.3e-187  612.5   0.4     3   347  3203  3547  3201  3547 0.99 -
E2_Pestivirus_i=24_n=21      -            374 PV626369.1           -           4763  4.5e-174  571.4   0.4   1   1  1.3e-174  4.5e-174  571.4   0.4     3   373   695  1065   693  1066 0.99 -
RNAse_Pestivirus_i=26_n=21   -            227 PV626369.1           -           4763  7.8e-122  397.4   3.4   1   1  4.4e-122  1.5e-121  396.4   3.4     1   227   271   497   271   497 0.99 -
E1_Pestivirus_i=27_n=21      -            198 PV626369.1           -           4763   3.5e-94  306.5   1.4   1   1     2e-94   6.8e-94  305.6   1.4     1   198   498   692   498   692 0.99 -
N-Pro_Pestivirus_i=32_n=18   -            168 PV626369.1           -           4763   2.3e-84  273.4   0.1   1   1   1.3e-84   4.5e-84  272.5   0.1     1   168     1   168     1   168 1.00 -
NS3_Pegivirus_i=21_n=21      -            629 PV626369.1           -           4763   6.6e-74  241.4  15.4   1   2   2.1e-38   7.4e-38  122.3   3.8    99   483  1708  2112  1646  2117 0.77 -
NS3_Pegivirus_i=21_n=21      -            629 PV626369.1           -           4763   6.6e-74  241.4  15.4   2   2   4.8e-39   1.7e-38  124.4   3.8    99   483  2572  2976  2510  2981 0.77 -
NS4A_Pestivirus_i=29_n=21    -             64 PV626369.1           -           4763   6.6e-71  226.7   1.2   1   2   8.5e-36     3e-35  112.4   0.1     1    64  2273  2336  2273  2336 0.98 -
NS4A_Pestivirus_i=29_n=21    -             64 PV626369.1           -           4763   6.6e-71  226.7   1.2   2   2   8.5e-36     3e-35  112.4   0.1     1    64  3137  3200  3137  3200 0.98 -
NS3_Hepacivirus_i=11_n=26    -            627 PV626369.1           -           4763   2.7e-70  229.5  17.1   1   2   1.3e-36   4.6e-36  116.4   4.6    46   482  1647  2113  1634  2120 0.75 -
NS3_Hepacivirus_i=11_n=26    -            627 PV626369.1           -           4763   2.7e-70  229.5  17.1   2   2   2.9e-37     1e-36  118.6   4.6    46   482  2511  2977  2498  2984 0.75 -
C_Pestivirus_i=28_n=21       -            101 PV626369.1           -           4763   3.2e-48  154.2   8.1   1   1   1.9e-48   6.8e-48  153.2   8.1     2   100   171   269   167   270 0.95 -
NS3_Orthoflavivirus_i=1_n=57 -            621 PV626369.1           -           4763   1.6e-43  141.0   1.6   1   2   3.2e-22   1.1e-21   68.9   0.1   110   474  1724  2104  1708  2125 0.74 -
NS3_Orthoflavivirus_i=1_n=57 -            621 PV626369.1           -           4763   1.6e-43  141.0   1.6   2   2   8.6e-23     3e-22   70.8   0.1   110   474  2588  2968  2572  2989 0.74 -
Ubiquitin/ubiquitin-like     PF00240.30    72 PV626369.1           -           4763   2.5e-34  109.3   3.7   1   1   6.9e-34   2.4e-33  106.1   0.3     1    72  2380  2451  2380  2451 0.99 Ubiquitin family
p7_Pestivirus_i=38_n=16      -             70 PV626369.1           -           4763   9.1e-33  104.3   4.4   1   1   2.6e-33   9.1e-33  104.3   4.4     2    70  1068  1136  1067  1136 0.98 -
NS5A_Pestivirus_i=58_n=3     -            487 PV626369.1           -           4763   2.7e-31  100.6   0.0   1   1   1.3e-31   4.6e-31   99.8   0.0     1   472  3548  4023  3548  4036 0.81 -
NS2_Pestivirus_i=57_n=3      -            456 PV626369.1           -           4763   4.8e-25   80.3   1.4   1   1   1.4e-25   4.8e-25   80.3   1.4   212   456  1343  1589  1263  1589 0.84 -
RdRp_Hepacivirus_i=10_n=26   -            594 PV626369.1           -           4763   1.4e-19   62.1   0.0   1   1   6.4e-20   2.3e-19   61.4   0.0    81   399  4248  4570  4197  4584 0.77 -
RdRp_Pegivirus_i=19_n=21     -            569 PV626369.1           -           4763   1.1e-16   52.4   0.0   1   1   5.3e-17   1.9e-16   51.6   0.0    42   413  4210  4612  4198  4625 0.75 -
RdRp_Orthoflavivirus_0_57    -            903 PV626369.1           -           4763     1e-07   22.4   0.0   1   1   5.5e-07   1.9e-06   18.3   0.0   534   797  4387  4624  4374  4630 0.81 -
NS5A_Pestivirus_i=61_n=2     -            220 PV626369.1           -           4763   1.2e-07   23.7   0.0   1   1   8.1e-08   2.8e-07   22.5   0.0    29   216  3576  3758  3550  3761 0.78 -
NS3_Pestivirus_i=20_n=21     -            683 PV626406.1           -           4069         0 1364.8   0.1   1   1         0         0 1364.1   0.1     1   683  1680  2362  1680  2362 1.00 -
RdRp_Pestivirus_i=18_n=21    -            717 PV626406.1           -           4069         0 1321.5   0.3   1   1         0         0 1321.1   0.3     1   715  3350  4064  3350  4066 1.00 -
NS5A_Pestivirus_i=36_n=16    -            498 PV626406.1           -           4069    1e-250  824.6   0.0   1   1  4.3e-251  1.5e-250  824.1   0.0     1   498  2854  3349  2854  3349 0.99 -
NS2_Pestivirus_i=35_n=16     -            454 PV626406.1           -           4069  1.7e-219  721.2   6.7   1   2  2.6e-192  9.2e-192  629.7   2.6     5   404  1141  1540  1137  1549 0.98 -
NS2_Pestivirus_i=35_n=16     -            454 PV626406.1           -           4069  1.7e-219  721.2   6.7   2   2   1.6e-29   5.7e-29   93.1   0.1   400   454  1625  1679  1619  1679 0.96 -
NS4B_Pestivirus_i=23_n=21    -            347 PV626406.1           -           4069  3.2e-193  633.6   4.3   1   2   7.8e-07   2.7e-06   18.9   0.0     2    58  2428  2484  2427  2497 0.90 -
NS4B_Pestivirus_i=23_n=21    -            347 PV626406.1           -           4069  3.2e-193  633.6   4.3   2   2  4.4e-188  1.6e-187  614.9   0.9     2   347  2508  2853  2507  2853 0.99 -
E2_Pestivirus_i=24_n=21      -            374 PV626406.1           -           4069    3e-177  581.8   3.3   1   1  1.8e-177  6.1e-177  580.8   3.3     2   373   694  1065   693  1066 0.99 -
RNAse_Pestivirus_i=26_n=21   -            227 PV626406.1           -           4069  8.8e-121  394.0   2.5   1   1  2.5e-121  8.8e-121  394.0   2.5     1   227   271   497   271   497 0.99 -
E1_Pestivirus_i=27_n=21      -            198 PV626406.1           -           4069   1.9e-95  310.6   0.6   1   1     1e-95   3.6e-95  309.7   0.6     1   198   498   692   498   692 0.99 -
N-Pro_Pestivirus_i=32_n=18   -            168 PV626406.1           -           4069   4.8e-86  278.9   0.1   1   1   2.6e-86   9.1e-86  278.0   0.1     1   168     1   168     1   168 1.00 -
C_Pestivirus_i=28_n=21       -            101 PV626406.1           -           4069   5.4e-48  153.5   9.3   1   1   4.3e-48   1.5e-47  152.1   9.3     2   100   171   269   168   270 0.96 -
NS4A_Pestivirus_i=29_n=21    -             64 PV626406.1           -           4069     1e-43  139.6   4.6   1   2     8e-36   2.8e-35  112.5   0.1     1    64  2363  2426  2363  2426 0.98 -
NS4A_Pestivirus_i=29_n=21    -             64 PV626406.1           -           4069     1e-43  139.6   4.6   2   2   1.7e-09   5.9e-09   28.2   0.1    36    64  2478  2506  2472  2506 0.94 -
NS3_Pegivirus_i=21_n=21      -            629 PV626406.1           -           4069   2.2e-39  127.3   3.0   1   1     1e-39   3.6e-39  126.7   3.0    99   483  1798  2202  1737  2207 0.77 -
NS3_Hepacivirus_i=11_n=26    -            627 PV626406.1           -           4069   1.2e-37  121.6   4.3   1   1   5.4e-38   1.9e-37  121.0   4.3    46   482  1737  2203  1722  2210 0.76 -
Jiv90                        PF14901.12    90 PV626406.1           -           4069   1.9e-37  119.7   0.3   1   1   1.5e-37   5.3e-37  118.3   0.3     5    89  1536  1620  1533  1621 0.98 Cleavage inducing molecular chaperone
p7_Pestivirus_i=38_n=16      -             70 PV626406.1           -           4069   3.6e-33  105.5   3.7   1   1     1e-33   3.6e-33  105.5   3.7     2    70  1068  1136  1067  1136 0.98 -
NS5A_Pestivirus_i=58_n=3     -            487 PV626406.1           -           4069   5.1e-33  106.3   0.0   1   1   2.6e-33     9e-33  105.4   0.0     1   464  2854  3321  2854  3341 0.79 -
NS3_Orthoflavivirus_i=1_n=57 -            621 PV626406.1           -           4069   3.5e-23   73.9   0.1   1   1   1.9e-23   6.7e-23   73.0   0.1   110   474  1814  2194  1796  2215 0.74 -
RdRp_Hepacivirus_i=10_n=26   -            594 PV626406.1           -           4069   7.1e-20   63.0   0.0   1   1   3.2e-20   1.1e-19   62.4   0.0    83   399  3556  3876  3500  3889 0.77 -
NS2_Pestivirus_i=57_n=3      -            456 PV626406.1           -           4069   3.5e-17   54.4  15.8   1   2   3.9e-15   1.4e-14   45.8   2.2   209   387  1338  1522  1218  1541 0.80 -
NS2_Pestivirus_i=57_n=3      -            456 PV626406.1           -           4069   3.5e-17   54.4  15.8   2   2   1.8e-06   6.2e-06   17.3   0.0   420   456  1643  1679  1621  1679 0.88 -
RdRp_Pegivirus_i=19_n=21     -            569 PV626406.1           -           4069   7.7e-16   49.6   0.0   1   1   3.8e-16   1.3e-15   48.8   0.0    43   410  3517  3915  3505  3929 0.73 -
RdRp_Orthoflavivirus_0_57    -            903 PV626406.1           -           4069     2e-08   24.8   0.0   1   1   1.3e-07   4.7e-07   20.3   0.0   534   797  3693  3930  3678  3936 0.81 -
NS5A_Pestivirus_i=61_n=2     -            220 PV626406.1           -           4069   3.1e-08   25.7   0.0   1   1   1.8e-08   6.2e-08   24.7   0.0    26   216  2879  3064  2855  3067 0.80 -
NS3_Pestivirus_i=20_n=21     -            683 MF166858.1           -           3919         0 1359.8   0.1   1   1         0         0 1358.5   0.1     1   683  1589  2271  1589  2271 1.00 -
RdRp_Pestivirus_i=18_n=21    -            717 MF166858.1           -           3919         0 1318.4   0.3   1   1         0         0 1318.0   0.3     1   715  3179  3893  3179  3895 1.00 -
NS5A_Pestivirus_i=36_n=16    -            498 MF166858.1           -           3919  4.3e-244  802.8   0.0   1   1  1.7e-244  6.1e-244  802.3   0.0     1   498  2683  3178  2683  3178 0.99 -
NS2_Pestivirus_i=35_n=16     -            454 MF166858.1           -           3919  4.9e-215  706.5   4.8   1   1  1.9e-215  7.1e-215  705.9   4.8     9   454  1144  1588  1136  1588 0.99 -
NS4B_Pestivirus_i=23_n=21    -            347 MF166858.1           -           3919  7.7e-187  612.6   0.9   1   1  2.1e-187  7.7e-187  612.6   0.9     3   347  2338  2682  2336  2682 0.99 -
E2_Pestivirus_i=24_n=21      -            374 MF166858.1           -           3919  7.5e-176  577.2   1.8   1   1  4.5e-176  1.6e-175  576.1   1.8     2   373   693  1064   692  1065 0.99 -
RNAse_Pestivirus_i=26_n=21   -            227 MF166858.1           -           3919  5.9e-122  397.8   3.3   1   1  3.2e-122  1.2e-121  396.8   3.3     1   227   270   496   270   496 0.99 -
E1_Pestivirus_i=27_n=21      -            198 MF166858.1           -           3919   1.9e-94  307.4   0.4   1   1   1.1e-94   4.1e-94  306.3   0.4     2   198   498   691   497   691 0.99 -
N-Pro_Pestivirus_i=32_n=18   -            168 MF166858.1           -           3919   7.2e-85  275.1   0.1   1   1   3.9e-85   1.4e-84  274.1   0.1     1   168     1   168     1   168 1.00 -
C_Pestivirus_i=28_n=21       -            101 MF166858.1           -           3919   1.4e-47  152.2   8.1   1   1   8.3e-48   3.1e-47  151.1   8.1     3   100   171   268   167   269 0.94 -
NS3_Pegivirus_i=21_n=21      -            629 MF166858.1           -           3919   1.5e-38  124.6   2.6   1   1   6.7e-39   2.5e-38  123.9   2.6   100   483  1708  2111  1650  2116 0.77 -
NS3_Hepacivirus_i=11_n=26    -            627 MF166858.1           -           3919   4.6e-37  119.7   3.7   1   1     2e-37   7.2e-37  119.1   3.7    47   482  1647  2112  1633  2119 0.75 -
NS4A_Pestivirus_i=29_n=21    -             64 MF166858.1           -           3919   5.2e-36  114.9   0.1   1   1     3e-36   1.1e-35  113.8   0.1     1    64  2272  2335  2272  2335 0.98 -
p7_Pestivirus_i=38_n=16      -             70 MF166858.1           -           3919   2.2e-31   99.8   2.4   1   1   5.9e-32   2.2e-31   99.8   2.4     2    70  1067  1135  1066  1135 0.98 -
NS5A_Pestivirus_i=58_n=3     -            487 MF166858.1           -           3919   6.4e-29   92.8   0.0   1   1   2.8e-29     1e-28   92.1   0.0     1   473  2683  3159  2683  3173 0.81 -
NS2_Pestivirus_i=57_n=3      -            456 MF166858.1           -           3919   4.8e-25   80.3   3.5   1   1   2.8e-25     1e-24   79.2   3.5   201   456  1332  1588  1138  1588 0.82 -
NS3_Orthoflavivirus_i=1_n=57 -            621 MF166858.1           -           3919     2e-22   71.4   0.1   1   1     1e-22   3.7e-22   70.5   0.1   110   474  1723  2103  1707  2122 0.74 -
RdRp_Hepacivirus_i=10_n=26   -            594 MF166858.1           -           3919   1.8e-20   65.0   0.0   1   1   7.7e-21   2.8e-20   64.4   0.0    47   399  3349  3705  3321  3717 0.78 -
RdRp_Pegivirus_i=19_n=21     -            569 MF166858.1           -           3919     8e-16   49.6   0.0   1   1   3.9e-16   1.4e-15   48.7   0.0    42   414  3345  3748  3334  3761 0.74 -
RdRp_Orthoflavivirus_0_57    -            903 MF166858.1           -           3919   9.5e-08   22.6   0.0   1   1   5.1e-07   1.9e-06   18.3   0.0   534   797  3522  3759  3507  3765 0.80 -
NS5A_Pestivirus_i=61_n=2     -            220 MF166858.1           -           3919   3.2e-07   22.3   0.0   1   1   1.9e-07   6.8e-07   21.3   0.0    26   216  2708  2893  2684  2896 0.83 -
#
# Program:         hmmscan
# Version:         3.4 (Aug 2023)
# Pipeline mode:   SCAN
# Query file:      aa_BVDV.fasta
# Target file:     PPHMMDB.hmm
# Option settings: ./src/hmmscan --domtblout BVDV_domains.tbl --domE 1e-05 --cpu 5 PPHMMDB.hmm aa_BVDV.fasta 
# Current dir:     /home/katya/Desktop/hmmer/hmmer-3.4
# Date:            Mon Feb 16 21:25:54 2026
# [ok]
